ticker,name,sector,country,currency,slippage_bps,local_id,isin,home,delisting_date,med_turnover,exit_reason
PRY.MI,Prysmian,Unknown,Italy,EUR,25,,IT0004176001,PRY.MI,,73337875.18218613,
ENEL.MI,Enel,Unknown,Italy,EUR,25,,IT0003128367,ENEL.MI,,154200246.19813585,
UCG.MI,UniCredit,Unknown,Italy,EUR,25,,IT0005239360,UCG.MI,,306827464.2018318,
ISP.MI,Intesa Sanpaolo,Unknown,Italy,EUR,25,,IT0000072618,ISP.MI,,246520852.91099787,
LDO.MI,Leonardo-Finmeccanica,Unknown,Italy,EUR,25,,IT0003856405,LDO.MI,,118754772.03035736,
ENI.MI,Eni,Unknown,Italy,EUR,25,,IT0003132476,ENI.MI,,145048149.04277182,
G.MI,Assicurazioni Generali,Unknown,Italy,EUR,25,,IT0000062072,G.MI,,80177801.12294102,
PST.MI,Poste Italiane,Unknown,Italy,EUR,25,,IT0003796171,PST.MI,,30168768.652757168,
TRN.MI,Terna,Unknown,Italy,EUR,25,,IT0003242622,TRN.MI,,28357814.71161318,
1913.HK,Prada,Unknown,Italy,EUR,25,,IT0003874101,1913.HK,,8466933.033386646,
CPR.MI,Davide Campari-Milano,Unknown,Italy,EUR,25,,NL0015435975,CPR.MI,,35504439.16554546,
UNI.MI,Unipol,Unknown,Italy,EUR,25,,IT0004810054,UNI.MI,,21692591.392570496,
BAMI.MI,Banco BPM,Unknown,Italy,EUR,25,,IT0005218380,BAMI.MI,,69186647.51838207,
PIRC.MI,Pirelli & C.,Unknown,Italy,EUR,25,,IT0005278236,PIRC.MI,,9602147.167182446,
MONC.MI,Moncler,Unknown,Italy,EUR,25,,IT0004965148,MONC.MI,,44952318.91609573,
A2A.MI,A2A,Unknown,Italy,EUR,25,,IT0001233417,A2A.MI,,17390262.858957052,
SPM.MI,Saipem,Unknown,Italy,EUR,25,,IT0005495657,SPM.MI,,78099328.00208783,
BPE.MI,BPER Banca,Unknown,Italy,EUR,25,,IT0000066123,BPE.MI,,82931904.91162014,
SRG.MI,SNAM,Unknown,Italy,EUR,25,,IT0003153415,SRG.MI,,28299634.04760933,
IG.MI,Italgas,Unknown,Italy,EUR,25,,IT0005211237,IG.MI,,19267392.849179268,
LTMC.MI,Lottomatica,Unknown,Italy,EUR,25,,IT0005541336,LTMC.MI,,12331563.568099976,
BZU.MI,Buzzi Unicem,Unknown,Italy,EUR,25,,IT0001347308,BZU.MI,,17562520.758457184,
BMED.MI,Banca Mediolanum,Unknown,Italy,EUR,25,,IT0004776628,BMED.MI,,16340060.38223219,
WBD.MI,Webuild,Unknown,Italy,EUR,25,,IT0003865570,WBD.MI,,5386599.800922632,
MFEA.MI,MFE-MediaForEurope,Unknown,Italy,EUR,25,,NL0015001OI1,MFEA.MI,,3210869.5142780542,
JUVE.MI,Juventus Football Club,Unknown,Italy,EUR,25,,IT0005572778,JUVE.MI,,2142726.1818317175,
REC.MI,Recordati,Unknown,Italy,EUR,25,,IT0003828271,REC.MI,,13357755.568490982,
MB.MI,Mediobanca,Unknown,Italy,EUR,25,,IT0000062957,MB.MI,,31928476.183792114,
AZM.MI,Azimut Holding,Unknown,Italy,EUR,25,,IT0003261697,AZM.MI,,15560799.138292313,
SOL.MI,SOL,Unknown,Italy,EUR,25,,IT0001206769,SOL.MI,,1319349.8471508026,
BRE.MI,Brembo SpA,Unknown,Italy,EUR,25,,NL0015001KT6,BRE.MI,,3574000.3573589325,
LUVE.MI,LU-VE S.p.A.,Unknown,Italy,EUR,25,,IT0005107492,LUVE.MI,,300523.0366048813,
TIP.MI,Tamburi Investment Partners,Unknown,Italy,EUR,25,,IT0003153621,TIP.MI,,1269245.8552389145,
CMB.MI,Cembre S.p.A.,Unknown,Italy,EUR,25,,IT0001128047,CMB.MI,,434525.7498970032,
DNR.MI,Industrie De Nora,Unknown,Italy,EUR,25,,IT0005186371,DNR.MI,,1078072.4615225792,
DIA.MI,DiaSorin,Unknown,Italy,EUR,25,,IT0003492391,DIA.MI,,13667486.54373169,
FBK.MI,FinecoBank,Unknown,Italy,EUR,25,,IT0000072170,FBK.MI,,29871717.195468903,
COM.MI,Comer Industries  S.p.A.,Unknown,Italy,EUR,25,,IT0005246191,COM.MI,,115611.0033082962,
TNXT.MI,Tinexta,Unknown,Italy,EUR,25,,IT0005037210,TNXT.MI,,1351820.309203148,
PRYMY,Prysmian (ADR),Unknown,Italy,EUR,25,,US74440L1061,PRYMY,,1799687.8085811841,
FINMY,Leonardo (ADR),Unknown,Italy,EUR,25,,US52660W1018,FINMY,,1392350.3475655706,
SFER.MI,Salvatore Ferragamo,Unknown,Italy,EUR,25,,IT0004712375,SFER.MI,,2838287.8679902554,
TIT.MI,Telecom Italia,Unknown,Italy,EUR,25,,IT0005712671,TIT.MI,,69169469.99911416,
UNCRY,UniCredit (ADR),Unknown,Italy,EUR,25,,US9046784065,UNCRY,,8404643.415363723,
CALT.MI,Caltagirone S.p.A.,Unknown,Italy,EUR,25,,IT0003127930,CALT.MI,,150257.81025409698,
IP.MI,Interpump Group,Unknown,Italy,EUR,25,,IT0001078911,IP.MI,,8291339.277620316,
BST.MI,Banca Sistema,Unknown,Italy,EUR,25,,IT0003173629,BST.MI,,330285.73007690907,
FM.MI,Fiera Milano,Unknown,Italy,EUR,25,,IT0003365613,FM.MI,,484893.26743221283,
EDNR.MI,Edison,Unknown,Italy,EUR,25,,IT0003372205,EDNR.MI,,222301.9427076578,
MARR.MI,Marr,Unknown,Italy,EUR,25,,IT0003428445,MARR.MI,,895052.031170845,
INW.MI,INWIT,Unknown,Italy,EUR,25,,IT0005090300,INW.MI,,11579545.313555717,
ORS.MI,Orsero S.p.A.,Unknown,Italy,EUR,25,,IT0005138703,ORS.MI,,317998.9136247635,
CRL.MI,Carel Industries,Unknown,Italy,EUR,25,,IT0005331019,CRL.MI,,1100444.0664253235,
YACHT.MI,Ferretti,Unknown,Italy,EUR,25,,IT0005383291,YACHT.MI,,1160722.8564920425,
NWL.MI,Newlat Food,Unknown,Italy,EUR,25,,IT0005385213,NWL.MI,,1146908.9461574554,
ICOS.MI,Intercos,Unknown,Italy,EUR,25,,IT0005455875,ICOS.MI,,923703.888297081,
REVO.MI,Revo Insurance S.p.A.,Unknown,Italy,EUR,25,,IT0005513202,REVO.MI,,503505.9303455353,
EGLA.MI,Eurogroup Laminations S.p.A.,Unknown,Italy,EUR,25,,IT0005527616,EGLA.MI,,707700.0607581139,
HER.MI,Hera,Unknown,Italy,EUR,25,,IT0001250932,HER.MI,,8784378.981571794,
CE.MI,Credito Emiliano,Unknown,Italy,EUR,25,,IT0003121677,CE.MI,,1687723.8621258736,
CAI.MI,Cairo Communication,Unknown,Italy,EUR,25,,IT0004329733,CAI.MI,,413661.61707782745,
EXAI.MI,Expert.AI S.p.A.,Unknown,Italy,EUR,25,,IT0004496029,EXAI.MI,,234000.02952253819,
ARN.MI,Alerion Cleanpower,Unknown,Italy,EUR,25,,IT0004720733,ARN.MI,,255098.52231311798,
PHN.MI,PHARMANUTRA,Unknown,Italy,EUR,25,,IT0005274094,PHN.MI,,426013.91070365906,
ISNPY,Intesa Sanpaolo (ADR),Unknown,Italy,EUR,25,,US46115H1077,ISNPY,,4432583.346076854,
DIB.MI,Digital Bros,Unknown,Italy,EUR,25,,IT0001469995,DIB.MI,,261967.7027335167,
IWB.MI,Italian Wine Brands,Unknown,Italy,EUR,25,,IT0005075764,IWB.MI,,124136.42471981049,
SERI.MI,Seri Industrial,Unknown,Italy,EUR,25,,IT0005283640,SERI.MI,,371045.2456816435,
NWRN.SW,Newron Pharmaceuticals,Unknown,Italy,EUR,25,,IT0004147952,NWRN.SW,,646911.4753961791,
RWAY.MI,Rai Way,Unknown,Italy,EUR,25,,IT0005054967,RWAY.MI,,1247153.866177559,
IGD.MI,Immobiliare Grande Distribuzione SIIQ,Unknown,Italy,EUR,25,,IT0005322612,IGD.MI,,378252.011841774,
ELN.MI,El.En.,Unknown,Italy,EUR,25,,IT0005453250,ELN.MI,,854689.0040240288,
RDF.MI,Redelfi,Unknown,Italy,EUR,25,,IT0005496101,RDF.MI,,198007.98043632507,
KAMBI.ST,KAMBI GROUP,Unknown,Spain,EUR,25,,MT0000780107,KAMBI.ST,,831240.0965681518,
IVG.MI,IVECO,Unknown,Italy,EUR,25,,NL0015000LU4,IVG.MI,,16522410.82428646,
ICOP.MI,ICOP S.p.A.,Unknown,Italy,EUR,25,,IT0001214433,ICOP.MI,,118785.13389825821,
PHIL.MI,Philogen,Unknown,Italy,EUR,25,,IT0005373789,PHIL.MI,,193205.80357646942,
TISG.MI,The Italian Sea Group,Unknown,Italy,EUR,25,,IT0005439085,TISG.MI,,521697.5791465044,
ARIS.MI,Ariston Holding,Unknown,Italy,EUR,25,,NL0015000N33,ARIS.MI,,989408.5835748911,
ZGN,Ermenegildo Zegna,Unknown,Italy,EUR,25,,NL0015000PB5,ZGN,,5591982.661551746,
MFEB.MI,MFE-MediaForEurope,Unknown,Italy,EUR,25,,NL0015001OJ9,MFEB.MI,,1173670.8657684326,
GVS.MI,GVS,Unknown,Italy,EUR,25,,IT0005411209,GVS.MI,,481299.15040397644,
EVISO.MI,eVISO S.p.A.,Unknown,Italy,EUR,25,,IT0005430936,EVISO.MI,,138604.83731889725,
AGP.MI,Altea Green Power,Unknown,Italy,EUR,25,,IT0005472730,AGP.MI,,324715.78636717796,
TPRO.MI,Technoprobe,Unknown,Italy,EUR,25,,IT0005482333,TPRO.MI,,3337027.281052828,
SYS.MI,Sys Dat,Unknown,Italy,EUR,25,,IT0005595423,SYS.MI,,100787.9947605133,
BMPS.MI,Banca Monte dei Paschi di Siena,Unknown,Italy,EUR,25,,IT0005508921,BMPS.MI,,115779096.52867746,
ALV.DE,Allianz,Unknown,Germany,EUR,25,,DE0008404005,ALV.DE,,182719190.3017273,
RHM.DE,Rheinmetall,Unknown,Germany,EUR,25,,DE0007030009,RHM.DE,,299719890.1077881,
MUV2.DE,Münchener Rück,Unknown,Germany,EUR,25,,DE0008430026,MUV2.DE,,118080771.8652649,
ENR.DE,Siemens Energy,Unknown,Germany,EUR,25,,DE000ENER6Y0,ENR.DE,,190631673.98999405,
SAP.DE,SAP,Unknown,Germany,EUR,25,,DE0007164600,SAP.DE,,331221719.2669678,
DTE.DE,Deutsche Telekom,Unknown,Germany,EUR,25,,DE0005557508,DTE.DE,,166419005.11031246,
SIE.DE,Siemens,Unknown,Germany,EUR,25,,DE0007236101,SIE.DE,,228712780.60951996,
MBG.DE,Mercedes-Benz Group,Unknown,Germany,EUR,25,,DE0007100000,MBG.DE,,114212088.73108673,
BAS.DE,BASF,Unknown,Germany,EUR,25,,DE000BASF111,BAS.DE,,98648895.9798584,
VOW3.DE,Volkswagen (Vz.),Unknown,Germany,EUR,25,,DE0007664039,VOW3.DE,,77313523.22875595,
VNA.DE,Vonovia,Unknown,Germany,EUR,25,,DE000A1ML7J1,VNA.DE,,57594130.69376087,
BMW.DE,BMW,Unknown,Germany,EUR,25,,DE0005190003,BMW.DE,,75810313.63007355,
HNR1.DE,Hannover Rueck,Unknown,Germany,EUR,25,,DE0008402215,HNR1.DE,,24458496.418945312,
HEI.DE,Heidelberg Materials,Unknown,Germany,EUR,25,,DE0006047004,HEI.DE,,57172793.2381897,
DHL.DE,Deutsche Post,Unknown,Germany,EUR,25,,DE0005552004,DHL.DE,,67739521.65250778,
BAYN.DE,Bayer,Unknown,Germany,EUR,25,,DE000BAY0017,BAYN.DE,,78771217.15038013,
P911.DE,Porsche (Vz.),Unknown,Germany,EUR,25,,DE000PAG9113,P911.DE,,28371119.159805298,
ADS.DE,Adidas,Unknown,Germany,EUR,25,,DE000A1EWWW0,ADS.DE,,86601738.79437256,
R3NK.DE,RENK Group,Unknown,Germany,EUR,25,,DE000RENK730,R3NK.DE,,34077976.94296837,
EOAN.DE,E.ON,Unknown,Germany,EUR,25,,DE000ENAG999,EOAN.DE,,59549349.49241066,
IFX.DE,Infineon Technologies,Unknown,Germany,EUR,25,,DE0006231004,IFX.DE,,135645301.76248932,
HAG.DE,Hensoldt,Unknown,Germany,EUR,25,,DE000HAG0005,HAG.DE,,31005145.0586586,
DB1.DE,Deutsche Boerse,Unknown,Germany,EUR,25,,DE0005810055,DB1.DE,,74009486.90853119,
RWE.DE,RWE,Unknown,Germany,EUR,25,,DE0007037129,RWE.DE,,69524654.34074306,
DBK.DE,Deutsche Bank,Unknown,Germany,EUR,25,,DE0005140008,DBK.DE,,132050736.20688152,
HOT.DE,HochTief,Unknown,Germany,EUR,25,,DE0006070006,HOT.DE,,12032719.387168884,
MTX.DE,MTU Aero Engines,Unknown,Germany,EUR,25,,DE000A0D9PT0,MTX.DE,,39993295.35202026,
BMW3.DE,BMW (Vz),Unknown,Germany,EUR,25,,DE0005190037,BMW3.DE,,4524504.57900238,
DTG.F,Daimler Truck Holding,Unknown,Germany,EUR,25,,DE000DTR0CK8,DTG.F,,124395.17227172852,
DWS.DE,DWS Group,Unknown,Germany,EUR,25,,DE000DWS1007,DWS.DE,,3707216.1173706055,
LHA.DE,Lufthansa,Unknown,Germany,EUR,25,,DE0008232125,LHA.DE,,33359410.477046967,
VOW.DE,Volkswagen,Unknown,Germany,EUR,25,,DE0007664005,VOW.DE,,5407331.455322266,
PAH3.DE,Porsche Holding,Unknown,Germany,EUR,25,,DE000PAH0038,PAH3.DE,,18815508.22415638,
DEZ.DE,Deutz,Unknown,Germany,EUR,25,,DE0006305006,DEZ.DE,,4135004.49400568,
OHB.DE,OHB,Unknown,Germany,EUR,25,,DE0005936124,OHB.DE,,234946.92824554443,
SHL.DE,Siemens Healthineers,Unknown,Germany,EUR,25,,DE000SHL1006,SHL.DE,,34954345.182424545,
TKA.DE,ThyssenKrupp,Unknown,Germany,EUR,25,,DE0007500001,TKA.DE,,24470274.663018227,
CBK.DE,Commerzbank,Unknown,Germany,EUR,25,,DE000CBK1001,CBK.DE,,93002863.08891678,
TUI1.DE,TUI (AG),Unknown,Germany,EUR,25,,DE000TUAG505,TUI1.DE,,23542978.69502306,
FNTN.DE,FreeNet,Unknown,Germany,EUR,25,,DE000A0Z2ZZ5,FNTN.DE,,7527983.283353806,
NDX1.DE,Nordex,Unknown,Germany,EUR,25,,DE000A0D6554,NDX1.DE,,12452515.658661842,
HYQ.DE,Hypoport,Unknown,Germany,EUR,25,,DE0005493365,HYQ.DE,,2053624.2270050049,
EVD.DE,CTS Eventim & Co.,Unknown,Germany,EUR,25,,DE0005470306,EVD.DE,,11724759.96078682,
AFX.DE,Carl Zeiss Meditec,Unknown,Germany,EUR,25,,DE0005313704,AFX.DE,,7272776.60172081,
BEI.DE,Beiersdorf,Unknown,Germany,EUR,25,,DE0005200000,BEI.DE,,28974764.444049835,
MRK.DE,Merck,Unknown,Germany,EUR,25,,DE0006599905,MRK.DE,,35691760.06087494,
FRE.DE,Fresenius,Unknown,Germany,EUR,25,,DE0005785604,FRE.DE,,32852957.953624725,
SIX3.DE,Sixt (Vz),Unknown,Germany,EUR,25,,DE0007231334,SIX3.DE,,1060501.3323173523,
TLX.DE,Talanx,Unknown,Germany,EUR,25,,DE000TLX1005,TLX.DE,,9373155.642074585,
NEM.DE,Nemetschek,Unknown,Germany,EUR,25,,DE0006452907,NEM.DE,,12262255.292001724,
SHA0.DE,Schaeffler,Unknown,Germany,EUR,25,,DE000SHA0100,SHA0.DE,,3558770.5926470757,
DR0.DE,Deutsche Rohstoff,Unknown,Germany,EUR,25,,DE000A0XYG76,DR0.DE,,355198.04957580566,
AIXA.DE,Aixtron,Unknown,Germany,EUR,25,,DE000A0WMPJ6,AIXA.DE,,11186980.972787857,
SIX2.DE,Sixt,Unknown,Germany,EUR,25,,DE0007231326,SIX2.DE,,2798490.579269409,
PUM.DE,PUMA,Unknown,Germany,EUR,25,,DE0006969603,PUM.DE,,19043112.962857246,
NDA.DE,Aurubis,Unknown,Germany,EUR,25,,DE0006766504,NDA.DE,,12937688.336212158,
ZAL.DE,Zalando,Unknown,Germany,EUR,25,,DE000ZAL1111,ZAL.DE,,28664465.25925064,
F3C.DE,SFC Energy,Unknown,Germany,EUR,25,,DE0007568578,F3C.DE,,711027.0138001442,
BC8.DE,Bechtle,Unknown,Germany,EUR,25,,DE0005158703,BC8.DE,,6788403.068853378,
GBF.DE,Bilfinger,Unknown,Germany,EUR,25,,DE0005909006,GBF.DE,,6612210.662441254,
KRN.DE,Krones,Unknown,Germany,EUR,25,,DE0006335003,KRN.DE,,3023249.771167755,
S92.DE,SMA Solar Technology,Unknown,Germany,EUR,25,,DE000A0DJ6J9,S92.DE,,3585797.17004776,
ACT.DE,AlzChem Group,Unknown,Germany,EUR,25,,DE000A2YNT30,ACT.DE,,2339612.582359314,
2GB.DE,2G Energy,Unknown,Germany,EUR,25,,DE000A0HL8N9,2GB.DE,,768748.8655090332,
ADE.DE,Bitcoin Group,Unknown,Germany,EUR,25,,DE000A1TNV91,ADE.DE,,708790.188867569,
EVK.DE,Evonik Industries,Unknown,Germany,EUR,25,,DE000EVNK013,EVK.DE,,16327086.03839016,
SMHN.DE,SUSS MicroTec,Unknown,Germany,EUR,25,,DE000A1K0235,SMHN.DE,,4470622.182645798,
HEN3.DE,Henkel (Vz.),Unknown,Germany,EUR,25,,DE0006048432,HEN3.DE,,27249472.94851303,
SZG.DE,Salzgitter,Unknown,Germany,EUR,25,,DE0006202005,SZG.DE,,3492348.46767807,
LEG.DE,LEG Immobilien,Unknown,Germany,EUR,25,,DE000LEG1110,LEG.DE,,13720513.820552826,
MUX.DE,Mutares,Unknown,Germany,EUR,25,,DE000A2NB650,MUX.DE,,995277.0555973053,
EKT.DE,Energiekontor,Unknown,Germany,EUR,25,,DE0005313506,EKT.DE,,741199.1639442444,
HLAG.DE,Hapag-Lloyd,Unknown,Germany,EUR,25,,DE000HLAG475,HLAG.DE,,1739438.0723571777,
FRA.DE,Fraport,Unknown,Germany,EUR,25,,DE0005773303,FRA.DE,,7608650.5371284485,
PBB.DE,Deutsche Pfandbriefbank,Unknown,Germany,EUR,25,,DE0008019001,PBB.DE,,1306285.5733020306,
RAA.DE,Rational,Unknown,Germany,EUR,25,,DE0007010803,RAA.DE,,6520999.694641113,
NCH2.DE,Thyssenkrupp Nucera,Unknown,Germany,EUR,25,,DE000NCA0001,NCH2.DE,,947657.6856632233,
VBK.DE,VERBIO,Unknown,Germany,EUR,25,,DE000A0JL9W6,VBK.DE,,1811086.3404726982,
JEN.DE,Jenoptik,Unknown,Germany,EUR,25,,DE000A2NB601,JEN.DE,,3448733.794503212,
IOS.DE,IONOS Group ,Unknown,Germany,EUR,25,,DE000A3E00M1,IOS.DE,,5075032.30128479,
MUM.DE,Mensch & Maschine,Unknown,Germany,EUR,25,,DE0006580806,MUM.DE,,415895.97495651245,
VOS.DE,Vossloh,Unknown,Germany,EUR,25,,DE0007667107,VOS.DE,,1475233.3500595093,
AOF.DE,ATOSS Software,Unknown,Germany,EUR,25,,DE0005104400,AOF.DE,,1564054.3963813782,
CON.DE,Continental,Unknown,Germany,EUR,25,,DE0005439004,CON.DE,,25222752.544475555,
SY1.DE,Symrise,Unknown,Germany,EUR,25,,DE000SYM9999,SY1.DE,,26587028.977211,
ELG.DE,Elmos Semiconductor,Unknown,Germany,EUR,25,,DE0005677108,ELG.DE,,1707806.5914993286,
BVB.DE,Borussia Dortmund,Unknown,Germany,EUR,25,,DE0005493092,BVB.DE,,370747.2665309906,
G24.DE,Scout24,Unknown,Germany,EUR,25,,DE000A12DM80,G24.DE,,15010420.943702698,
WCH.DE,Wacker Chemie,Unknown,Germany,EUR,25,,DE000WCH8881,WCH.DE,,7610721.031337738,
EUZ.DE,Eckert & Ziegler,Unknown,Germany,EUR,25,,DE0005659700,EUZ.DE,,1433007.974056244,
FIE.DE,Fielmann,Unknown,Germany,EUR,25,,DE0005772206,FIE.DE,,1797707.3679161072,
FME.DE,Fresenius Med. Care,Unknown,Germany,EUR,25,,DE0005785802,FME.DE,,21942147.73556328,
PNE3.DE,PNE,Unknown,Germany,EUR,25,,DE000A0JBPG2,PNE3.DE,,535758.4542169571,
SDF.DE,K+S,Unknown,Germany,EUR,25,,DE000KSAG888,SDF.DE,,10790806.890396595,
KGX.DE,KION,Unknown,Germany,EUR,25,,DE000KGX8881,KGX.DE,,11668232.52626419,
EVT.DE,Evotec,Unknown,Germany,EUR,25,,DE0005664809,EVT.DE,,5186624.300066471,
WAF.DE,Siltronic,Unknown,Germany,EUR,25,,DE000WAF3001,WAF.DE,,3505732.0181770325,
FPE.DE,Fuchs Petrolub,Unknown,Germany,EUR,25,,DE000A3E5D56,FPE.DE,,713040.0594673157,
YSN.DE,Secunet Security Networks,Unknown,Germany,EUR,25,,DE0007276503,YSN.DE,,585961.1240844727,
HDD.DE,Heidelberger Druckmaschinen,Unknown,Germany,EUR,25,,DE0007314007,HDD.DE,,813152.9444124699,
HEN.DE,Henkel Staemme,Unknown,Germany,EUR,25,,DE0006048408,HEN.DE,,5768670.943084717,
LPK.DE,LPKF Laser & Electronics,Unknown,Germany,EUR,25,,DE0006450000,LPK.DE,,204282.47392845154,
WUW.DE,Wüstenrot & Württembergische,Unknown,Germany,EUR,25,,DE0008051004,WUW.DE,,248406.90380764008,
GFT.DE,GFT Technologies,Unknown,Germany,EUR,25,,DE0005800601,GFT.DE,,1014838.7643766403,
LXS.DE,Lanxess,Unknown,Germany,EUR,25,,DE0005470405,LXS.DE,,8311707.307459831,
DMP.DE,Dermapharm Holding,Unknown,Germany,EUR,25,,DE000A2GS5D8,DMP.DE,,697944.8191432953,
BNR.DE,Brenntag,Unknown,Germany,EUR,25,,DE000A1DAHH0,BNR.DE,,14757709.326292038,
BYW6.DE,BayWa,Unknown,Germany,EUR,25,,DE0005194062,BYW6.DE,,216579.34917855263,
HFG.DE,HelloFresh,Unknown,Germany,EUR,25,,DE000A161408,HFG.DE,,7387504.724625349,
TPE.DE,PVA TePla,Unknown,Germany,EUR,25,,DE0007461006,TPE.DE,,1218041.4421024323,
AAD.DE,Amadeus Fire,Unknown,Germany,EUR,25,,DE0005093108,AAD.DE,,504120.6815443039,
STO3.DE,STO SE & Co. (Vz.),Unknown,Germany,EUR,25,,DE0007274136,STO3.DE,,224043.34855651855,
INH.DE,Indus,Unknown,Germany,EUR,25,,DE0006200108,INH.DE,,619923.919424057,
HBH.DE,Hornbach Holding,Unknown,Germany,EUR,25,,DE0006083405,HBH.DE,,934179.84400177,
BOSS.DE,Hugo Boss,Unknown,Germany,EUR,25,,DE000A1PHFF7,BOSS.DE,,11774725.832862854,
GLJ.DE,GRENKE,Unknown,Germany,EUR,25,,DE000A161N30,GLJ.DE,,1122672.782125473,
TEG.DE,TAG Immobilien,Unknown,Germany,EUR,25,,DE0008303504,TEG.DE,,5710086.566110611,
PCZ.DE,ProCredit Holding,Unknown,Germany,EUR,25,,DE0006223407,PCZ.DE,,322327.37724137306,
SAX.DE,Stroeer,Unknown,Germany,EUR,25,,DE0007493991,SAX.DE,,2829747.836613655,
IXX.DE,INIT,Unknown,Germany,EUR,25,,DE0005759807,IXX.DE,,148586.52836799622,
WSU.DE,WashTec,Unknown,Germany,EUR,25,,DE0007507501,WSU.DE,,106449.73936080933,
KWS.DE,KWS Saat,Unknown,Germany,EUR,25,,DE0007074007,KWS.DE,,660361.7140960693,
KBX.DE,Knorr-Bremse,Unknown,Germany,EUR,25,,DE000KBX1006,KBX.DE,,11601745.786899567,
1U1.DE,1&1,Unknown,Germany,EUR,25,,DE0005545503,1U1.DE,,748723.0554561615,
UN0.DE,Uniper,Unknown,Germany,EUR,25,,DE000UNSE026,UN0.DE,,143839.24770736694,
PSM.DE,ProSiebenSat.1 Media,Unknown,Germany,EUR,25,,DE000PSM7770,PSM.DE,,1559019.1148190498,
RNMBY,Rheinmetall (ADR),Unknown,Germany,EUR,25,,US76206K1079,RNMBY,,15031831.016023405,
DUE.DE,Dürr,Unknown,Germany,EUR,25,,DE0005565204,DUE.DE,,1738482.6663627625,
WAC.DE,Wacker Neuson,Unknown,Germany,EUR,25,,DE000WACK012,WAC.DE,,715237.7412223816,
PAT.DE,PATRIZIA,Unknown,Germany,EUR,25,,DE000PAT1AG3,PAT.DE,,360605.7960219383,
STM.DE,Stabilus,Unknown,Germany,EUR,25,,DE000STAB1L8,STM.DE,,1215007.7482910156,
MBB.DE,MBB,Unknown,Germany,EUR,25,,DE000A0ETBQ4,MBB.DE,,485663.9854660034,
TTK.DE,TAKKT,Unknown,Germany,EUR,25,,DE0007446007,TTK.DE,,140656.9818792343,
M12.DE,M1 Kliniken,Unknown,Germany,EUR,25,,DE000A0STSQ8,M12.DE,,108197.9442152977,
1SXP.DE,SCHOTT Pharma,Unknown,Germany,EUR,25,,DE000A3ENQ51,1SXP.DE,,1126288.0410604477,
FTK.DE,flatexDEGIRO,Unknown,Germany,EUR,25,,DE000FTG1111,FTK.DE,,6576953.121097565,
SGL.DE,SGL Carbon,Unknown,Germany,EUR,25,,DE0007235301,SGL.DE,,580125.138342619,
DEQ.DE,Deutsche EuroShop,Unknown,Germany,EUR,25,,DE0007480204,DEQ.DE,,205873.93608760834,
BSL.DE,Basler,Unknown,Germany,EUR,25,,DE0005102008,BSL.DE,,195615.7336602211,
COK.DE,CANCOM,Unknown,Germany,EUR,25,,DE0005419105,COK.DE,,1413592.2280521393,
CHG.DE,CHAPTERS Group,Unknown,Germany,EUR,25,,DE0006618309,CHG.DE,,290236.198348999,
DHER.DE,Delivery Hero,Unknown,Germany,EUR,25,,DE000A2E4K43,DHER.DE,,19405227.630566597,
AEIN.DE,Allgeier,Unknown,Germany,EUR,25,,DE000A2GS633,AEIN.DE,,142582.80499076843,
TTR1.DE,Technotrans,Unknown,Germany,EUR,25,,DE000A0XYGA7,TTR1.DE,,156497.58267116547,
DOU.DE,Douglas,Unknown,Germany,EUR,25,,DE000BEAU1Y4,DOU.DE,,1173546.7856516838,
DWNI.DE,Deutsche Wohnen,Unknown,Germany,EUR,25,,DE000A0HN5C6,DWNI.DE,,2698347.0472221375,
DRW3.DE,Drägerwerk & Co.(Vz.),Unknown,Germany,EUR,25,,DE0005550636,DRW3.DE,,626413.8999633789,
IVU.DE,IVU Traffic,Unknown,Germany,EUR,25,,DE0007448508,IVU.DE,,107881.3399400711,
NA9.DE,Nagarro,Unknown,Germany,EUR,25,,DE000A3H2200,NA9.DE,,1775443.1088600159,
KCO.DE,Kloeckner & Co.,Unknown,Germany,EUR,25,,DE000KC01000,KCO.DE,,765554.8583834171,
ALIZY,Allianz (ADR),Unknown,Germany,EUR,25,,US0188201000,ALIZY,,4971199.192011354,
CEC.DE,CECONOMY,Unknown,Germany,EUR,25,,DE0007257503,CEC.DE,,751895.594348073,
HLE.DE,HELLA,Unknown,Germany,EUR,25,,DE000A13SX22,HLE.DE,,651508.6103973389,
POAHY,Porsche Automobil (ADR),Unknown,Germany,EUR,25,,US73328P1066,POAHY,,744869.4194568982,
AAG.DE,Aumann,Unknown,Germany,EUR,25,,DE000A2DAM03,AAG.DE,,108666.16126060486,
MURGY,Münchener Rückversicherungs (ADR),Unknown,Germany,EUR,25,,US6261881063,MURGY,,2737119.31425362,
D6H0.DE,DATAGROUP,Unknown,Germany,EUR,25,,DE000A41YEV7,D6H0.DE,,185657.75939559937,
SKB.DE,Koenig & Bauer,Unknown,Germany,EUR,25,,DE0007193500,SKB.DE,,246108.64143753052,
SPG.DE,Springer Nature,Unknown,Germany,EUR,25,,DE000SPG1003,SPG.DE,,520378.5409126282,
IFRX,InflaRx,Unknown,Germany,EUR,25,,NL0012661870,IFRX,,399325.589545841,
4503.T,Astellas Pharma,Unknown,Germany,EUR,25,,JP3942400007,4503.T,,59390837.26195839,
HVRRY,Hannover Rück (ADR),Unknown,Germany,EUR,25,,US4106931052,HVRRY,,282355.4649609868,
MBGYY,Mercedes-Benz Group (ADR),Unknown,Germany,EUR,25,,US2338252073,MBGYY,,3677173.2287445385,
HAGHY,Hensoldt (ADS),Unknown,Germany,EUR,25,,US42701C1071,HAGHY,,403926.3669032239,
ADV.DE,Adtran Networks,Unknown,Germany,EUR,25,,DE0005103006,ADV.DE,,136635.98847675323,
TKAMY,thyssenkrupp (ADR),Unknown,Germany,EUR,25,,US88629Q2075,TKAMY,,198577.26425869472,
VONOY,Vonovia (ADR),Unknown,Germany,EUR,25,,US92887H1077,VONOY,,967255.6095315012,
DTRUY,Daimler Truck Holding (ADR),Unknown,Germany,EUR,25,,US23384L1017,DTRUY,,502253.3022582065,
VWAPY,Volkswagen (ADR),Unknown,Germany,EUR,25,,US9286625010,VWAPY,,963196.0861252805,
KIGRY,Kion Group (ADR),Unknown,Germany,EUR,25,,US4972161016,KIGRY,,136042.88095600985,
SYIEY,Symrise,Unknown,Germany,EUR,25,,US87155N1090,SYIEY,,1636096.6086239365,
ZLNDY,Zalando (ADR),Unknown,Germany,EUR,25,,US98887L1052,ZLNDY,,242995.42011024107,
IMTX,Immatics,Unknown,Germany,EUR,25,,NL0015285941,IMTX,,3237154.453936889,
KSB3.DE,KSB,Unknown,Germany,EUR,25,,DE0006292030,KSB3.DE,,612929.2946777344,
EIN.DE,Einhell (Vz.),Unknown,Germany,EUR,25,,DE000A40ESU3,EIN.DE,,209531.88116455078,
TPG0.DE,Platform Group,Unknown,Germany,EUR,25,,DE000A40ZW88,TPG0.DE,,219151.54403305054,
KTA.DE,Knaus Tabbert,Unknown,Germany,EUR,25,,DE000A2YN504,KTA.DE,,118842.08801221848,
CA1.DE,Circus,Unknown,Germany,EUR,25,,DE000A2YN355,CA1.DE,,167062.88146591187,
BMWKY,Bayerische Motoren Werke AG Namens-Aktien (Unsp.ADRs),Unknown,Germany,EUR,25,,US0727434047,BMWKY,,1593079.8454493687,
BNTGY,Brenntag (ADR),Unknown,Germany,EUR,25,,US1071801013,BNTGY,,369293.643747545,
COVTY,Covestro (ADR),Unknown,Germany,EUR,25,,US22304D2071,COVTY,,129079.15765966549,
SGSOY,SGS (ADR),Unknown,Switzerland,EUR,25,,US8188001049,SGSOY,,615637.4241117872,
CTTAY,continental (ADR),Unknown,Germany,EUR,25,,US2107712000,CTTAY,,289528.1451777341,
DRPRY,Porsche,Unknown,Germany,EUR,25,,US23345V1070,DRPRY,,657513.921976395,
SIEGY,Siemens (ADR),Unknown,Germany,EUR,25,,US8261975010,SIEGY,,16639182.2682467,
SMMNY,Siemens Healthineers (ADRs),Unknown,Germany,EUR,25,,US82622J1043,SMMNY,,1283087.4000781882,
HENOY,Henkel Vorzugsakt (ADR),Unknown,Germany,EUR,25,,US42550U2087,HENOY,,188792.32855343557,
MTUAY,MTU Aero Engines (ADR),Unknown,Germany,EUR,25,,US62473G1022,MTUAY,,1427372.120949392,
VWAGY,Volkswagen (ADR),Unknown,Germany,EUR,25,,US9286626000,VWAGY,,1974613.0266561254,
MC.PA,LVMH Moët Hennessy,Unknown,France,EUR,25,,FR0000121014,MC.PA,,250139776.68650818,
RMS.PA,Hermes,Unknown,France,EUR,25,,FR0000052292,RMS.PA,,123728881.49835205,
OR.PA,L'Oreal,Unknown,France,EUR,25,,FR0000120321,OR.PA,,126958999.70419312,
TTE.PA,TotalEnergies,Unknown,France,EUR,25,,FR0000120271,TTE.PA,,212442219.73450089,
SU.PA,Schneider Electric,Unknown,France,EUR,25,,FR0000121972,SU.PA,,195908218.47834778,
CS.PA,AXA,Unknown,France,EUR,25,,FR0000120628,CS.PA,,126680754.03263283,
AMUN.PA,Amundi,Unknown,France,EUR,25,,FR0004125920,AMUN.PA,,8662151.196041107,
RI.PA,Pernod Ricard,Unknown,France,EUR,25,,FR0000120693,RI.PA,,47550996.31322479,
SAN.PA,Sanofi,Unknown,France,EUR,25,,FR0000120578,SAN.PA,,150199782.46310425,
VIE.PA,Veolia Environnement,Unknown,France,EUR,25,,FR0000124141,VIE.PA,,48531350.7122097,
AI.PA,Air Liquide,Unknown,France,EUR,25,,FR0000120073,AI.PA,,107510601.03387451,
EL.PA,EssilorLuxottica,Unknown,France,EUR,25,,FR0000121667,EL.PA,,112511773.91517639,
HO.PA,Thales,Unknown,France,EUR,25,,FR0000121329,HO.PA,,54270208.54356384,
DG.PA,VINCI,Unknown,France,EUR,25,,FR0000125486,DG.PA,,96178696.2794609,
BNP.PA,BNP Paribas,Unknown,France,EUR,25,,FR0000131104,BNP.PA,,170307787.20812988,
ENGI.PA,Engie,Unknown,France,EUR,25,,FR0010208488,ENGI.PA,,78780772.98695183,
ALCRB.PA,Carbios,Unknown,France,EUR,25,,FR0011648716,ALCRB.PA,,302969.55713653564,
SAF.PA,Safran,Unknown,France,EUR,25,,FR0000073272,SAF.PA,,138717453.8127823,
ETL.PA,Eutelsat,Unknown,France,EUR,25,,FR0010221234,ETL.PA,,3360440.019584894,
BN.PA,Danone,Unknown,France,EUR,25,,FR0000120644,BN.PA,,78327706.91503143,
DSY.PA,Dassault Systèmes,Unknown,France,EUR,25,,FR0014003TT8,DSY.PA,,45429142.6627121,
CA.PA,Carrefour,Unknown,France,EUR,25,,FR0000120172,CA.PA,,29382478.442097664,
UBI.PA,Ubisoft,Unknown,France,EUR,25,,FR0000054470,UBI.PA,,5462317.051138878,
KER.PA,Kering,Unknown,France,EUR,25,,FR0000121485,KER.PA,,67811347.52783966,
ORA.PA,Orange,Unknown,France,EUR,25,,FR0000133308,ORA.PA,,61014989.243546486,
VLA.PA,Valneva,Unknown,France,EUR,25,,FR0004056851,VLA.PA,,2111146.382303238,
ALO.PA,Alstom,Unknown,France,EUR,25,,FR0010220475,ALO.PA,,23266080.302286148,
ATO.PA,Atos SE,Unknown,France,EUR,25,,FR001400X2S4,ATO.PA,,4226903.610290527,
RNO.PA,Renault,Unknown,France,EUR,25,,FR0000131906,RNO.PA,,35425670.43857765,
ACA.PA,Crédit Agricole,Unknown,France,EUR,25,,FR0000045072,ACA.PA,,64216392.61150503,
GLE.PA,Société Générale,Unknown,France,EUR,25,,FR0000130809,GLE.PA,,104919782.39836311,
AM.PA,Dassault Aviation,Unknown,France,EUR,25,,FR0014004L86,AM.PA,,13295158.99949646,
SCR.PA,SCOR,Unknown,France,EUR,25,,FR0010411983,SCR.PA,,11171080.565000534,
ABVX.PA,Abivax,Unknown,France,EUR,25,,FR0012333284,ABVX.PA,,1337375.4203047752,
FGR.PA,Eiffage,Unknown,France,EUR,25,,FR0000130452,FGR.PA,,21323820.89366913,
SGO.PA,Compagnie de Saint-Gobain,Unknown,France,EUR,25,,FR0000125007,SGO.PA,,82338888.91811371,
CAP.PA,Capgemini,Unknown,France,EUR,25,,FR0000125338,CAP.PA,,61157070.19647217,
AC.PA,Accor,Unknown,France,EUR,25,,FR0000120404,AC.PA,,27104993.36404419,
TEP.PA,Teleperformance,Unknown,France,EUR,25,,FR0000051807,TEP.PA,,16721469.522758484,
FTI,TechnipFMC,Unknown,USA,EUR,25,,GB00BDSFG982,FTI,,120118057.18397927,
ML.PA,Michelin,Unknown,France,EUR,25,,FR001400AJ45,ML.PA,,44168015.6295681,
CDI.PA,Christian Dior,Unknown,France,EUR,25,,FR0000130403,CDI.PA,,2036597.0852355957,
FDJU.PA,La Francaise des Jeux,Unknown,France,EUR,25,,FR0013451333,FDJU.PA,,8288672.634151459,
CSTM,Constellium,Unknown,France,EUR,25,,FR0013467479,CSTM,,17503681.853430457,
OVH.PA,OVH,Unknown,France,EUR,25,,FR0014005HJ9,OVH.PA,,954407.662778616,
EDEN.PA,Edenred,Unknown,France,EUR,25,,FR0010908533,EDEN.PA,,16814526.166837692,
EN.PA,Bouygues,Unknown,France,EUR,25,,FR0000120503,EN.PA,,24900675.800359726,
LR.PA,Legrand,Unknown,France,EUR,25,,FR0010307819,LR.PA,,59125212.65142822,
RCO.PA,Remy Cointreau,Unknown,France,EUR,25,,FR0000130395,RCO.PA,,4245682.889623642,
EXENS.PA,Exosens,Unknown,France,EUR,25,,FR001400Q9V2,EXENS.PA,,3505304.434612274,
ERF.PA,Eurofins Scientific,Unknown,France,EUR,25,,FR0014000MR3,ERF.PA,,17515900.76696968,
AF.PA,Air France-KLM,Unknown,France,EUR,25,,FR001400J770,AF.PA,,13498419.071940422,
PUB.PA,Publicis Group,Unknown,France,EUR,25,,FR0000130577,PUB.PA,,44309414.23257446,
URW.PA,Unibail-Rodamco-Westfield,Unknown,France,EUR,25,,FR0013326246,URW.PA,,23995997.487327576,
AKE.PA,Arkema,Unknown,France,EUR,25,,FR0010313833,AKE.PA,,11852679.246063232,
ERA.PA,Eramet,Unknown,France,EUR,25,,FR0000131757,ERA.PA,,2519806.6045799255,
VK.PA,Vallourec,Unknown,France,EUR,25,,FR0013506730,VK.PA,,8638896.83826828,
LI.PA,Klépierre,Unknown,France,EUR,25,,FR0000121964,LI.PA,,15231668.039211273,
FRVIA.PA,Forvia,Unknown,France,EUR,25,,FR0000121147,FRVIA.PA,,8003748.879608631,
MF.PA,Wendel,Unknown,France,EUR,25,,FR0000121204,MF.PA,,3007639.7786102295,
AL2SI.PA,2CRSI,Unknown,France,EUR,25,,FR0013341781,AL2SI.PA,,1445849.7821679115,
VIV.PA,Vivendi,Unknown,France,EUR,25,,FR0000127771,VIV.PA,,5980447.059556723,
ABCA.PA,ABC Arbitrage,Unknown,France,EUR,25,,FR0004040608,ABCA.PA,,196745.21055912971,
TFI.PA,Télévision Française 1,Unknown,France,EUR,25,,FR0000054900,TFI.PA,,1130899.0648682117,
VRLA.PA,Verallia,Unknown,France,EUR,25,,FR0013447729,VRLA.PA,,2369615.8247327805,
RXL.PA,Rexel,Unknown,France,EUR,25,,FR0010451203,RXL.PA,,15839309.120779037,
TE.PA,Technip Energies,Unknown,France,EUR,25,,NL0014559478,TE.PA,,8780874.985090256,
ADP.PA,Aéroports de Paris,Unknown,France,EUR,25,,FR0010340141,ADP.PA,,8975718.959007263,
FR.PA,Valéo,Unknown,France,EUR,25,,FR0013176526,FR.PA,,9884874.66324234,
SW.PA,Sodexo,Unknown,France,EUR,25,,FR0000121220,SW.PA,,12928199.573802948,
BVI.PA,Bureau Veritas,Unknown,France,EUR,25,,FR0006174348,BVI.PA,,22752395.280433655,
SK.PA,SEB,Unknown,France,EUR,25,,FR0000121709,SK.PA,,3568780.7002716064,
ICAD.PA,Icade,Unknown,France,EUR,25,,FR0000035081,ICAD.PA,,2304663.45413208,
GFC.PA,Gecina,Unknown,France,EUR,25,,FR0010040865,GFC.PA,,10568582.12587738,
BOL.PA,Bollore,Unknown,France,EUR,25,,FR0000039299,BOL.PA,,3649641.757195115,
LOUP.PA,L.D.C.,Unknown,France,EUR,25,,FR001400SF56,LOUP.PA,,218490.47074127197,
COV.PA,Covivio,Unknown,France,EUR,25,,FR0000064578,COV.PA,,5339729.977371216,
GET.PA,Getlink,Unknown,France,EUR,25,,FR0010533075,GET.PA,,8760793.05063057,
NK.PA,Imerys,Unknown,France,EUR,25,,FR0000120859,NK.PA,,1598467.071258545,
SQNS,Sequans Communications,Unknown,France,EUR,25,,US8173234050,SQNS,,336340.5044173211,
QDT.PA,Quadient,Unknown,France,EUR,25,,FR0000120560,QDT.PA,,490715.8255786896,
RF.PA,Eurazeo,Unknown,France,EUR,25,,FR0000121121,RF.PA,,5532224.263126373,
THLLY,THALES (ADR),Unknown,France,EUR,25,,US8832192061,THLLY,,2457980.913203922,
BB.PA,Société BIC,Unknown,France,EUR,25,,FR0000120966,BB.PA,,1367286.2399082184,
DEC.PA,JCDecaux,Unknown,France,EUR,25,,FR0000077919,DEC.PA,,1933746.4427604675,
EMEIS.PA,emeis,Unknown,France,EUR,25,,FR001400NLM4,EMEIS.PA,,2994268.2025704384,
ALSTI.PA,STIF,Unknown,France,EUR,25,,FR001400MDW2,ALSTI.PA,,737801.937160492,
ALLIX.PA,Wallix Group,Unknown,France,EUR,25,,FR0010131409,ALLIX.PA,,236438.6019153595,
WLN.PA,Worldline,Unknown,France,EUR,25,,FR00140182K6,WLN.PA,,6586257.344409943,
EQS.PA,Equasens,Unknown,France,EUR,25,,FR0012882389,EQS.PA,,339577.9134654999,
MMT.PA,Metropole Télévision,Unknown,France,EUR,25,,FR0000053225,MMT.PA,,1059065.0414628983,
CAN.L,Canal+,Unknown,France,EUR,25,,FR001400T0D6,CAN.L,,2273016.9736391027,
SCHP.PA,Seche Environnement,Unknown,France,EUR,25,,FR0000039109,SCHP.PA,,339558.71875,
FII.PA,Lisi,Unknown,France,EUR,25,,FR0000050353,FII.PA,,934747.6510505676,
ALHG.PA,Louis Hachette Group,Unknown,France,EUR,25,,FR001400TL40,ALHG.PA,,1942554.295848012,
ALPUL.PA,PulluP Entertainment,Unknown,France,EUR,25,,FR0012419307,ALPUL.PA,,377812.8136320114,
ASY.PA,Assystem,Unknown,France,EUR,25,,FR0000074148,ASY.PA,,325174.8595523834,
ALBFR.PA,Sidetrade,Unknown,France,EUR,25,,FR0010202606,ALBFR.PA,,278272.0,
HESAY,Hermes International (ADR),Unknown,France,EUR,25,,US42751Q1058,HESAY,,8899907.577129327,
ARG.PA,Argan,Unknown,France,EUR,25,,FR0010481960,ARG.PA,,804101.8000240326,
MMB.PA,Lagardere,Unknown,France,EUR,25,,FR0000130213,MMB.PA,,220716.536819458,
HAVAS.AS,"Havas N.V. Aandelen aan toonder EO - 2,0",Unknown,France,EUR,25,,NL0015002K83,HAVAS.AS,,1704994.5,
RNLSY,Renault (ADR),Unknown,France,EUR,25,,US7596734035,RNLSY,,280422.5156112475,
BNPQY,BNP Paribas (ADR),Unknown,France,EUR,25,,US05565A2024,BNPQY,,9332108.551007947,
PPRUY,Kering (ADR),Unknown,France,EUR,25,,US4920891078,PPRUY,,4761492.9445804,
RXEEY,Rexel (ADR),Unknown,France,EUR,25,,US7616811052,RXEEY,,215954.31250125193,
ODET.PA,Financiere de l'Odet,Unknown,France,EUR,25,,FR0000062234,ODET.PA,,354144.0300292969,
AUB.PA,Aubay,Unknown,France,EUR,25,,FR0000063737,AUB.PA,,291553.5841064453,
STF.PA,STEF,Unknown,France,EUR,25,,FR0000064271,STF.PA,,303544.88205337524,
INF.PA,Infotel,Unknown,France,EUR,25,,FR0000071797,INF.PA,,100441.95565032959,
CARM.PA,Carmila,Unknown,France,EUR,25,,FR0010828137,CARM.PA,,1096434.9427723885,
IDL.PA,ID Logistics,Unknown,France,EUR,25,,FR0010929125,IDL.PA,,1772730.0,
ALCJ.PA,Crossject,Unknown,France,EUR,25,,FR0011716265,ALCJ.PA,,269877.01954460144,
ALCAT.PA,Catana Group,Unknown,France,EUR,25,,FR0010193052,ALCAT.PA,,112994.84624958038,
EKI.PA,Ekinops,Unknown,France,EUR,25,,FR0011466069,EKI.PA,,117778.89560866356,
ALTAI.PA,Lighton,Unknown,France,EUR,25,,FR0013230950,ALTAI.PA,,131701.0362854004,
ANTIN.PA,Antin Infrastructure Partners,Unknown,France,EUR,25,,FR0014005AL0,ANTIN.PA,,284963.14867544174,
ELEC.PA,Électricité Strasbg.,Unknown,France,EUR,25,,FR0000031023,ELEC.PA,,153570.88948059082,
RBT.PA,Robertet,Unknown,France,EUR,25,,FR0000039091,RBT.PA,,655244.8495483398,
LSS.PA,Lectra,Unknown,France,EUR,25,,FR0000065484,LSS.PA,,438395.68805217743,
OSE.PA,OSE Immunotherapeutics,Unknown,France,EUR,25,,FR0012127173,OSE.PA,,596715.9355015755,
ABNX.PA,Abionyx Pharma,Unknown,France,EUR,25,,FR0012616852,ABNX.PA,,116002.61700117588,
FDE.PA,La Française de l'Energie,Unknown,France,EUR,25,,FR0013030152,FDE.PA,,267943.14743328094,
EAPI.PA,Euroapi,Unknown,France,EUR,25,,FR0014008VX5,EAPI.PA,,330366.47061157227,
VIRI.PA,Viridien,Unknown,France,EUR,25,,FR001400PVN6,VIRI.PA,,2664237.664955139,
DBVT,"DBV technologies Act.Port.(Sp.ADRs)/5 EO -,10",Unknown,France,EUR,25,,US23306J3095,DBVT,,444324.37051763805,
ALTA.PA,Altarea,Unknown,France,EUR,25,,FR0000033219,ALTA.PA,,645059.4777984619,
VIL.PA,Viel,Unknown,France,EUR,25,,FR0000050049,VIL.PA,,176150.08679008484,
NRO.PA,Neurones,Unknown,France,EUR,25,,FR0004050250,NRO.PA,,226890.9640083313,
VLTSA.PA,Voltalia,Unknown,France,EUR,25,,FR0011995588,VLTSA.PA,,567749.3432292938,
TKO.PA,Tikehau Capital,Unknown,France,EUR,25,,FR0013230612,TKO.PA,,443379.9957141876,
CDA.PA,Compagnie des Alpes,Unknown,France,EUR,25,,FR0000053324,CDA.PA,,652132.6431274414,
CRARY,Crédit Agricole (ADR),Unknown,France,EUR,25,,US2253131054,CRARY,,1400349.8404574427,
FOCL,EDAP,Unknown,France,EUR,25,,US2683111072,FOCL,,106529.20637765319,
PRNDY,Pernod-Ricard (ADR),Unknown,France,EUR,25,,US7142643060,PRNDY,,6116699.597348716,
PUBGY,Publicis Groupe (ADR),Unknown,France,EUR,25,,US74463M1062,PUBGY,,1857874.280720267,
ALKAL.PA,Kalray,Unknown,France,EUR,25,,FR0010722819,ALKAL.PA,,124861.33501651883,
AAPL,Apple,Unknown,USA,EUR,25,,US0378331005,AAPL,,9922712541.440428,
NVDA,NVIDIA,Unknown,USA,EUR,25,,US67066G1040,NVDA,,27760881096.49819,
MSFT,Microsoft,Unknown,USA,EUR,25,,US5949181045,MSFT,,8739445766.566635,
AMZN,Amazon.com,Unknown,USA,EUR,25,,US0231351067,AMZN,,7719480144.100595,
BRK-B,Berkshire Hathaway (B),Unknown,USA,EUR,25,,US0846707026,BRK-B,,1813406663.9855533,
O,Realty Income,Unknown,USA,EUR,25,,US7561091049,O,,252357995.6644165,
KO,Coca-Cola,Unknown,USA,EUR,25,,US1912161007,KO,,907777111.6698987,
TSLA,Tesla,Unknown,USA,EUR,25,,US88160R1014,TSLA,,23877451616.730988,
META,Meta Platforms (A),Unknown,USA,EUR,25,,US30303M1027,META,,7304871212.63092,
PG,Procter & Gamble,Unknown,USA,EUR,25,,US7427181091,PG,,1042220503.0589166,
MCD,McDonald's,Unknown,USA,EUR,25,,US5801351017,MCD,,827166291.6700099,
PLTR,Palantir Technologies,Unknown,USA,EUR,25,,US69608A1088,PLTR,,6181517304.035609,
AMD,AMD,Unknown,USA,EUR,25,,US0079031078,AMD,,5622641166.591433,
PEP,PepsiCo,Unknown,USA,EUR,25,,US7134481081,PEP,,879457808.0728471,
NOW,ServiceNow,Unknown,USA,EUR,25,,US81762P1021,NOW,,1274169454.975807,
TTWO,Take-Two Interactive,Unknown,USA,EUR,25,,US8740541094,TTWO,,295571051.5805632,
AVGO,Broadcom,Unknown,USA,EUR,25,,US11135F1012,AVGO,,5418606121.870476,
GOOG,Alphabet (C),Unknown,USA,EUR,25,,US02079K1079,GOOG,,3879136388.8053837,
NKE,Nike (B),Unknown,USA,EUR,25,,US6541061031,NKE,,774881570.7923898,
V,Visa,Unknown,USA,EUR,25,,US92826C8394,V,,1758116965.6880224,
MSTR,Strategy A,Unknown,USA,EUR,25,,US5949724083,MSTR,,3197234910.78503,
NFLX,Netflix,Unknown,USA,EUR,25,,US64110L1061,NFLX,,2930221038.780968,
MU,Micron Technology,Unknown,USA,EUR,25,,US5951121038,MU,,2688660989.434835,
BLK,BlackRock,Unknown,USA,EUR,25,,US09290D1019,BLK,,550019008.8377655,
PYPL,PayPal,Unknown,USA,EUR,25,,US70450Y1038,PYPL,,637265615.7762506,
JNJ,Johnson & Johnson,Unknown,USA,EUR,25,,US4781601046,JNJ,,1220382220.52284,
LLY,Eli Lilly & Co,Unknown,USA,EUR,25,,US5324571083,LLY,,2462703293.6775866,
CAT,Caterpillar,Unknown,USA,EUR,25,,US1491231015,CAT,,989669367.3111057,
MA,MasterCard,Unknown,USA,EUR,25,,US57636Q1040,MA,,1267523053.1165104,
MO,Altria Group,Unknown,USA,EUR,25,,US02209S1033,MO,,394717238.20306724,
RKLB,Rocket Lab,Unknown,USA,EUR,25,,US7731211089,RKLB,,633654857.9658945,
INTC,Intel,Unknown,USA,EUR,25,,US4581401001,INTC,,2149513206.4180403,
PFE,Pfizer,Unknown,USA,EUR,25,,US7170811035,PFE,,862729631.7181314,
WM,Waste Management,Unknown,USA,EUR,25,,US94106L1098,WM,,331215892.4196605,
UNH,UnitedHealth Group,Unknown,USA,EUR,25,,US91324P1021,UNH,,2184880994.0736,
ADBE,Adobe,Unknown,USA,EUR,25,,US00724F1012,ADBE,,1157321761.187113,
CRWD,Crowdstrike Holdings (A),Unknown,USA,EUR,25,,US22788C1053,CRWD,,1135061497.8291326,
CRM,Salesforce,Unknown,USA,EUR,25,,US79466L3024,CRM,,1671180868.8872895,
SPGI,S&P Global,Unknown,USA,EUR,25,,US78409V1044,SPGI,,601865010.8183808,
COIN,Coinbase Global (A),Unknown,USA,EUR,25,,US19260Q1076,COIN,,1893093000.4783945,
WMT,Walmart,Unknown,USA,EUR,25,,US9311421039,WMT,,1495659168.1574807,
ORCL,Oracle,Unknown,USA,EUR,25,,US68389X1054,ORCL,,2139063920.3396358,
ARR,ARMOUR Residential REIT,Unknown,USA,EUR,25,,US0423157058,ARR,,32196138.699334703,
IBM,IBM,Unknown,USA,EUR,25,,US4592001014,IBM,,921425097.0844595,
IONQ,IonQ,Unknown,USA,EUR,25,,US46222L1089,IONQ,,659079931.8495444,
GIS,General Mills,Unknown,USA,EUR,25,,US3703341046,GIS,,232377220.14433587,
NDAQ,Nasdaq,Unknown,USA,EUR,25,,US6311031081,NDAQ,,210961629.3123895,
LIN,Linde,Unknown,USA,EUR,25,,IE000S9YS762,LIN,,800437994.712524,
ISRG,Intuitive Surgical,Unknown,USA,EUR,25,,US46120E6023,ISRG,,746833875.3470881,
UBER,Uber,Unknown,USA,EUR,25,,US90353T1007,UBER,,1224334079.3312025,
JPM,JPMorgan Chase,Unknown,USA,EUR,25,,US46625H1005,JPM,,2014589888.0934944,
LMT,Lockheed Martin,Unknown,USA,EUR,25,,US5398301094,LMT,,555482642.751019,
GS,Goldman Sachs,Unknown,USA,EUR,25,,US38141G1040,GS,,1246383540.9647808,
MRVL,Marvell Technology,Unknown,USA,EUR,25,,US5738741041,MRVL,,1082725900.3823771,
SYK,Stryker,Unknown,USA,EUR,25,,US8636671013,SYK,,464038882.4752387,
CVX,Chevron,Unknown,USA,EUR,25,,US1667641005,CVX,,1061313419.7314997,
NEE,NextEra Energy,Unknown,USA,EUR,25,,US65339F1012,NEE,,647478853.6009011,
ABBV,AbbVie,Unknown,USA,EUR,25,,US00287Y1091,ABBV,,970891898.7881092,
HD,Home Depot,Unknown,USA,EUR,25,,US4370761029,HD,,1122091302.6993537,
BKNG,Booking Holdings,Unknown,USA,EUR,25,,US09857L1089,BKNG,,975661973.4938908,
KHC,Kraft Heinz,Unknown,USA,EUR,25,,US5007541064,KHC,,264042413.79344794,
VRT,Vertiv,Unknown,USA,EUR,25,,US92537N1081,VRT,,826687712.8764644,
XOM,Exxon Mobil,Unknown,USA,EUR,25,,US30231G1022,XOM,,1555004808.0699918,
T,AT&T,Unknown,USA,EUR,25,,US00206R1023,T,,763318387.3520932,
HIMS,Hims & Hers Health,Unknown,USA,EUR,25,,US4330001060,HIMS,,520705704.9542924,
VZ,Verizon Communications,Unknown,USA,EUR,25,,US92343V1044,VZ,,738859534.2223362,
MDLZ,Mondelez International,Unknown,USA,EUR,25,,US6092071058,MDLZ,,418148853.647707,
AXP,American Express,Unknown,USA,EUR,25,,US0258161092,AXP,,695458572.9391835,
ANET,Arista Networks,Unknown,USA,EUR,25,,US0404132054,ANET,,822122720.7313313,
APLD,Applied Digital,Unknown,USA,EUR,25,,US0381692070,APLD,,312651355.9000125,
HOOD,Robinhood Markets (A),Unknown,USA,EUR,25,,US7707001027,HOOD,,1809807814.5316286,
BE,Bloom Energy,Unknown,USA,EUR,25,,US0937121079,BE,,259009089.83066857,
SOFI,SoFi Technologies,Unknown,USA,EUR,25,,US83406F1021,SOFI,,830968668.4421432,
TMO,Thermo Fisher,Unknown,USA,EUR,25,,US8835561023,TMO,,887268780.2494678,
DHR,Danaher,Unknown,USA,EUR,25,,US2358511028,DHR,,646725456.3086685,
PANW,Palo Alto Networks,Unknown,USA,EUR,25,,US6974351057,PANW,,914236817.454655,
NET,Cloudflare (A),Unknown,USA,EUR,25,,US18915M1071,NET,,420386523.71839345,
SBUX,Starbucks,Unknown,USA,EUR,25,,US8552441094,SBUX,,683366886.5025015,
DIS,Walt Disney,Unknown,USA,EUR,25,,US2546871060,DIS,,810680366.6880169,
MMM,3M,Unknown,USA,EUR,25,,US88579Y1010,MMM,,405534355.7382071,
ASTS,AST SpaceMobile,Unknown,USA,EUR,25,,US00217D1000,ASTS,,437321748.99907887,
PM,Philip Morris,Unknown,USA,EUR,25,,US7181721090,PM,,672846870.3890986,
UPS,United Parcel Service (B),Unknown,USA,EUR,25,,US9113121068,UPS,,465138886.6494409,
LTC,LTC Properties,Unknown,USA,EUR,25,,US5021751020,LTC,,10053166.900320176,
VICI,Vici Properties,Unknown,USA,EUR,25,,US9256521090,VICI,,174318596.18680668,
COST,Costco,Unknown,USA,EUR,25,,US22160K1051,COST,,1692801971.061932,
ZTS,Zoetis,Unknown,USA,EUR,25,,US98978V1035,ZTS,,392656183.6730398,
RGTI,Rigetti Computing,Unknown,USA,EUR,25,,US76655K1034,RGTI,,453630221.41373295,
DE,Deere & Co,Unknown,USA,EUR,25,,US2441991054,DE,,517435358.27086145,
CSCO,Cisco Systems,Unknown,USA,EUR,25,,US17275R1023,CSCO,,1056933192.3336364,
GEV,GE Vernova,Unknown,USA,EUR,25,,US36828A1016,GEV,,1251246831.1417696,
QCOM,Qualcomm,Unknown,USA,EUR,25,,US7475251036,QCOM,,1146073406.3029423,
PATH,UiPath ,Unknown,USA,EUR,25,,US90364P1057,PATH,,142360843.24414086,
AMAT,Applied Materials,Unknown,USA,EUR,25,,US0382221051,AMAT,,1266058878.0046458,
AMGN,Amgen,Unknown,USA,EUR,25,,US0311621009,AMGN,,657237249.4479569,
WDC,Western Digital,Unknown,USA,EUR,25,,US9581021055,WDC,,498150096.9976365,
SNOW,Snowflake (A),Unknown,USA,EUR,25,,US8334451098,SNOW,,762793998.2176886,
FCX,Freeport McMoRan,Unknown,USA,EUR,25,,US35671D8570,FCX,,545661298.7097975,
CL,Colgate-Palmolive,Unknown,USA,EUR,25,,US1941621039,CL,,394752305.6048777,
INTU,Intuit,Unknown,USA,EUR,25,,US4612021034,INTU,,956059627.5577719,
TXN,Texas Instruments,Unknown,USA,EUR,25,,US8825081040,TXN,,1045811755.6969268,
CEG,Constellation Energy,Unknown,USA,EUR,25,,US21037T1097,CEG,,728174352.7176247,
DELL,Dell Technologies,Unknown,USA,EUR,25,,US24703L2025,DELL,,778361825.4653687,
CSWC,Capital Southwest,Unknown,USA,EUR,25,,US1405011073,CSWC,,9159577.841759516,
APH,Amphenol,Unknown,USA,EUR,25,,US0320951017,APH,,650661424.4004599,
AWK,American Water Works,Unknown,USA,EUR,25,,US0304201033,AWK,,152650860.9110865,
TTD,The Trade Desk (A),Unknown,USA,EUR,25,,US88339J1051,TTD,,390396765.48411447,
KMB,Kimberly Clark,Unknown,USA,EUR,25,,US4943681035,KMB,,278688595.12345505,
SMCI,Super Micro Computer,Unknown,USA,EUR,25,,US86800U3023,SMCI,,1349402647.3698711,
MCO,Moodys,Unknown,USA,EUR,25,,US6153691059,MCO,,321028101.4267436,
OBDC,Blue Owl Capital,Unknown,USA,EUR,25,,US69121K1043,OBDC,,32276315.015172765,
NEM,Newmont,Unknown,USA,EUR,25,,US6516391066,NEM,,575606216.6709881,
MP,MP Materials,Unknown,USA,EUR,25,,US5533681012,MP,,208092031.7277146,
GOOD,Gladstone Commercial,Unknown,USA,EUR,25,,US3765361080,GOOD,,3767008.605228911,
ADP,Automatic Data Process,Unknown,USA,EUR,25,,US0530151036,ADP,,440209919.8065028,
XYZ,Block,Unknown,USA,EUR,25,,US8522341036,XYZ,,396684975.06495154,
XYL,Xylem,Unknown,USA,EUR,25,,US98419M1009,XYL,,155184907.1200874,
VST,Vistra,Unknown,USA,EUR,25,,US92840M1027,VST,,677618464.0251418,
MRK,Merck & Co.,Unknown,USA,EUR,25,,US58933Y1055,MRK,,933689868.7894807,
SNPS,Synopsys,Unknown,USA,EUR,25,,US8716071076,SNPS,,600822813.280663,
ZS,Zscaler,Unknown,USA,EUR,25,,US98980G1022,ZS,,341746952.5757138,
DX,Dynex Capital,Unknown,USA,EUR,25,,US26817Q8868,DX,,36012263.40453173,
TRIN,Trinity Capital,Unknown,USA,EUR,25,,US8964423086,TRIN,,7884683.9896834735,
UNP,Union Pacific,Unknown,USA,EUR,25,,US9078181081,UNP,,585727798.0745509,
ABT,Abbott Labs,Unknown,USA,EUR,25,,US0028241000,ABT,,665352210.2885051,
CPRT,Copart,Unknown,USA,EUR,25,,US2172041061,CPRT,,235138852.7977594,
FISV,Fiserv,Unknown,USA,EUR,25,,US3377381088,FISV,,453443905.97871923,
LRCX,Lam Research,Unknown,USA,EUR,25,,US5128073062,LRCX,,1088983030.9245214,
UAA,Under Armour,Unknown,USA,EUR,25,,US9043111072,UAA,,61736753.27796414,
BA,Boeing,Unknown,USA,EUR,25,,US0970231058,BA,,1241581186.1886497,
BAC,Bank of America,Unknown,USA,EUR,25,,US0605051046,BAC,,1468081629.2923398,
EXR,Extra Space Storage,Unknown,USA,EUR,25,,US30225T1025,EXR,,128895238.58451614,
U,Unity Software,Unknown,USA,EUR,25,,US91332U1016,U,,226711981.45341,
ZETA,Zeta Global Holdings,Unknown,USA,EUR,25,,US98956A1051,ZETA,,100399881.46624136,
CVS,CVS Health,Unknown,USA,EUR,25,,US1266501006,CVS,,480267938.2402612,
MNST,Monster Beverage,Unknown,USA,EUR,25,,US61174X1090,MNST,,295029759.2911528,
ALB,Albemarle Co.,Unknown,USA,EUR,25,,US0126531013,ALB,,234653977.56825852,
WDAY,Workday,Unknown,USA,EUR,25,,US98138H1014,WDAY,,464045256.91362476,
BDX,Becton Dickinson,Unknown,USA,EUR,25,,US0758871091,BDX,,339323752.89563745,
GE,GE Aerospace,Unknown,USA,EUR,25,,US3696043013,GE,,1040777526.5971643,
NLY,Annaly Capital Management,Unknown,USA,EUR,25,,US0357108390,NLY,,106134436.30906934,
CMG,Chipotle Mexican Grill,Unknown,USA,EUR,25,,US1696561059,CMG,,542174955.3885875,
BMY,Bristol-Myers Squibb,Unknown,USA,EUR,25,,US1101221083,BMY,,517301659.30752754,
ORC,Orchid Island Capital,Unknown,USA,EUR,25,,US68571X3017,ORC,,20840684.40166875,
EPR,EPR Properties REIT,Unknown,USA,EUR,25,,US26884U1097,EPR,,28957934.680181906,
RTX,RTX Corporation,Unknown,USA,EUR,25,,US75513E1010,RTX,,610491420.4760679,
ETN,Eaton,Unknown,USA,EUR,25,,IE00B8KQN827,ETN,,726090949.6658727,
FTNT,Fortinet,Unknown,USA,EUR,25,,US34959E1091,FTNT,,386858144.60855484,
MKC,McCormick,Unknown,USA,EUR,25,,US5797802064,MKC,,139534473.26198763,
APLE,Apple Hospitality REIT,Unknown,USA,EUR,25,,US03784Y2000,APLE,,25336820.1112094,
COHR,Coherent,Unknown,USA,EUR,25,,US19247G1076,COHR,,312376484.4772747,
GLAD,Gladstone Capital,Unknown,USA,EUR,25,,US3765358789,GLAD,,2400768.499340022,
DLR,Digital Realty Trust,Unknown,USA,EUR,25,,US2538681030,DLR,,260690315.60805166,
BX,Blackstone Group,Unknown,USA,EUR,25,,US09260D1072,BX,,503030364.1153348,
GD,General Dynamics,Unknown,USA,EUR,25,,US3695501086,GD,,316057335.94737643,
HUT,HUT 8,Unknown,USA,EUR,25,,US44812J1043,HUT,,129252746.43577994,
AMT,American Tower,Unknown,USA,EUR,25,,US03027X1000,AMT,,435079862.8500366,
FIX,Comfort Systems USA,Unknown,USA,EUR,25,,US1999081045,FIX,,210712744.00937438,
OCGN,Ocugen,Unknown,USA,EUR,25,,US67577C1053,OCGN,,4044719.67857528,
GLW,Corning,Unknown,USA,EUR,25,,US2193501051,GLW,,314948403.29163957,
TER,Teradyne,Unknown,USA,EUR,25,,US8807701029,TER,,329054213.1492684,
ASML,ASML (ADR),Unknown,USA,EUR,25,,USN070592100,ASML,,1204315858.0801136,
TROW,T. Rowe Price Group,Unknown,USA,EUR,25,,US74144T1088,TROW,,133303365.62728533,
PFLT,PennantPark Floating Rate,Unknown,USA,EUR,25,,US70806A1060,PFLT,,7021181.361494376,
NOC,Northrop Grumman,Unknown,USA,EUR,25,,US6668071029,NOC,,363156983.8196328,
IRM,Iron Mountain,Unknown,USA,EUR,25,,US46284V1017,IRM,,134915335.7472353,
ADC,Agree Realty,Unknown,USA,EUR,25,,US0084921008,ADC,,63950659.84400508,
PL,Planet Labs PBC,Unknown,USA,EUR,25,,US72703X1063,PL,,39579915.86086786,
GME,GameStop,Unknown,USA,EUR,25,,US36467W1099,GME,,141028029.6657824,
APP,AppLovin,Unknown,USA,EUR,25,,US03831W1080,APP,,1822633967.0248003,
EQIX,Equinix,Unknown,USA,EUR,25,,US29444U7000,EQIX,,380960937.24858004,
CMCSA,Comcast (A),Unknown,USA,EUR,25,,US20030N1019,CMCSA,,655636836.3047844,
PH,Parker-Hannifin,Unknown,USA,EUR,25,,US7010941042,PH,,405644135.2012253,
EL,Estee Lauder,Unknown,USA,EUR,25,,US5184391044,EL,,267475565.105927,
MS,Morgan Stanley,Unknown,USA,EUR,25,,US6174464486,MS,,715873168.0248942,
ABR,Arbor Realty Trust,Unknown,USA,EUR,25,,US0389231087,ABR,,23406255.401149463,
RBRK,Rubrik,Unknown,USA,EUR,25,,US7811541090,RBRK,,155733232.2129848,
ROL,Rollins,Unknown,USA,EUR,25,,US7757111049,ROL,,90070775.67807382,
CRML,Critical Metals,Unknown,USA,EUR,25,,VGG2662B1031,CRML,,11416623.834669925,
TGT,Target,Unknown,USA,EUR,25,,US87612E1064,TGT,,529105674.31852525,
CTAS,Cintas,Unknown,USA,EUR,25,,US1729081059,CTAS,,283550287.0508923,
OXY,Occidental Petroleum,Unknown,USA,EUR,25,,US6745991058,OXY,,436880043.9677002,
TMUS,T-Mobile US,Unknown,USA,EUR,25,,US8725901040,TMUS,,819514520.8065734,
TEM,Tempus AI,Unknown,USA,EUR,25,,US88023B1035,TEM,,293940246.71795845,
FAST,Fastenal,Unknown,USA,EUR,25,,US3119001044,FAST,,220524589.80394945,
LOW,Lowe's,Unknown,USA,EUR,25,,US5486611073,LOW,,532428365.73984295,
HSY,Hershey,Unknown,USA,EUR,25,,US4278661081,HSY,,253157371.41524506,
MRNA,Moderna,Unknown,USA,EUR,25,,US60770K1079,MRNA,,266479359.71700358,
FSLR,First Solar,Unknown,USA,EUR,25,,US3364331070,FSLR,,412651922.857838,
RDDT,Reddit,Unknown,USA,EUR,25,,US75734B1008,RDDT,,703085066.9848032,
PLD,Prologis,Unknown,USA,EUR,25,,US74340W1036,PLD,,357524980.85235023,
FSK,FS KKR Capital,Unknown,USA,EUR,25,,US3026352068,FSK,,22754306.189382795,
BBAI,BigBear.ai,Unknown,USA,EUR,25,,US08975B1098,BBAI,,169949698.5290007,
RCAT,Red Cat,Unknown,USA,EUR,25,,US75644T1007,RCAT,,58845922.02941394,
PSA,Public Storage,Unknown,USA,EUR,25,,US74460D1090,PSA,,204809357.54905507,
HEI,HEICO,Unknown,USA,EUR,25,,US4228061093,HEI,,107637201.35253221,
ABNB,Airbnb (A),Unknown,USA,EUR,25,,US0090661010,ABNB,,482208243.4778065,
HON,Honeywell International,Unknown,USA,EUR,25,,US4385161066,HON,,698867836.8236936,
SJM,J.M. Smucker,Unknown,USA,EUR,25,,US8326964058,SJM,,129320145.77116174,
SEDG,SolarEdge Technologies,Unknown,USA,EUR,25,,US83417M1045,SEDG,,83485805.74454296,
MCK,McKesson,Unknown,USA,EUR,25,,US58155Q1031,MCK,,462937149.0989776,
ADM,Archer Daniels,Unknown,USA,EUR,25,,US0394831020,ADM,,158173313.82854062,
DDOG,Datadog (A),Unknown,USA,EUR,25,,US23804L1035,DDOG,,499362705.5592685,
COP,ConocoPhillips,Unknown,USA,EUR,25,,US20825C1045,COP,,598267020.2896066,
APD,Air Products & Chemicals,Unknown,USA,EUR,25,,US0091581068,APD,,286679658.7513448,
BSX,Boston Scientific,Unknown,USA,EUR,25,,US1011371077,BSX,,650505312.5810208,
ELF,E.L.F. Beauty,Unknown,USA,EUR,25,,US26856L1035,ELF,,173383729.73883575,
PAYX,Paychex,Unknown,USA,EUR,25,,US7043261079,PAYX,,239797897.9952677,
HRL,Hormel Foods,Unknown,USA,EUR,25,,US4404521001,HRL,,75394981.12982693,
TPL,Texas Pacific Land,Unknown,USA,EUR,25,,US88262P1021,TPL,,119031195.67129463,
INOD,Innodata,Unknown,USA,EUR,25,,US4576422053,INOD,,52877090.54571502,
RCL,Royal Caribbean Cruises,Unknown,USA,EUR,25,,LR0008862868,RCL,,480341687.8146313,
CASS,Cass Information Systems,Unknown,USA,EUR,25,,US14808P1093,CASS,,1974237.7350561535,
SNA,Snap-On,Unknown,USA,EUR,25,,US8330341012,SNA,,94921969.17547023,
ALAB,Astera Labs,Unknown,USA,EUR,25,,US04626A1034,ALAB,,482085851.63031286,
AZO,AutoZone,Unknown,USA,EUR,25,,US0533321024,AZO,,396131488.094949,
SNAP,Snap,Unknown,USA,EUR,25,,US83304A1060,SNAP,,246916791.4372645,
CLX,The Clorox Company,Unknown,USA,EUR,25,,US1890541097,CLX,,177609472.87100935,
GPC,Genuine Parts,Unknown,USA,EUR,25,,US3724601055,GPC,,125068429.68996735,
DOCU,DocuSign,Unknown,USA,EUR,25,,US2561631068,DOCU,,157311093.98007524,
BIIB,Biogen,Unknown,USA,EUR,25,,US09062X1037,BIIB,,182251294.93744028,
RSG,Republic Services,Unknown,USA,EUR,25,,US7607591002,RSG,,233142375.18907073,
TCPC,BlackRock TCP Capital,Unknown,USA,EUR,25,,US09259E1082,TCPC,,2870478.132852569,
PWR,Quanta Services,Unknown,USA,EUR,25,,US74762E1029,PWR,,345628289.82614034,
EXPE,Expedia Group,Unknown,USA,EUR,25,,US30212P3038,EXPE,,284540407.2162237,
CDNS,Cadence Design Systems,Unknown,USA,EUR,25,,US1273871087,CDNS,,487973841.53071785,
RIVN,Rivian Automotive,Unknown,USA,EUR,25,,US76954A1034,RIVN,,380280538.98100823,
FICO,Fair Isaac,Unknown,USA,EUR,25,,US3032501047,FICO,,316438462.1712462,
AFL,Aflac,Unknown,USA,EUR,25,,US0010551028,AFL,,188570046.88224736,
HPQ,HP,Unknown,USA,EUR,25,,US40434L1052,HPQ,,216227792.85633665,
ENPH,Enphase Energy,Unknown,USA,EUR,25,,US29355A1079,ENPH,,223875283.74056512,
IBKR,Interactive Brokers,Unknown,USA,EUR,25,,US45841N1072,IBKR,,237042986.49258024,
LUNR,Intuitive Machines,Unknown,USA,EUR,25,,US46125A1007,LUNR,,102312142.46583752,
FLNC,Fluence Energy,Unknown,USA,EUR,25,,US34379V1035,FLNC,,41262580.893533826,
WY,Weyerhaeuser,Unknown,USA,EUR,25,,US9621661043,WY,,97095074.5459888,
HAS,Hasbro,Unknown,USA,EUR,25,,US4180561072,HAS,,101231063.12013778,
OKTA,Okta,Unknown,USA,EUR,25,,US6792951054,OKTA,,206580004.9474508,
GILD,Gilead Sciences,Unknown,USA,EUR,25,,US3755581036,GILD,,640923146.0842168,
SHW,Sherwin-Williams,Unknown,USA,EUR,25,,US8243481061,SHW,,509460413.2790363,
CME,CME Group,Unknown,USA,EUR,25,,US12572Q1058,CME,,442988297.2880188,
AXSM,Axsome Therapeutics,Unknown,USA,EUR,25,,US05464T1043,AXSM,,63216856.28156472,
AI,C3 Ai,Unknown,USA,EUR,25,,US12468P1049,AI,,81859208.82141149,
BRO,Brown & Brown,Unknown,USA,EUR,25,,US1152361010,BRO,,164359499.17196697,
ILMN,Illumina,Unknown,USA,EUR,25,,US4523271090,ILMN,,181334599.55803466,
SWK,Stanley Black & Decker,Unknown,USA,EUR,25,,US8545021011,SWK,,113817095.83150709,
NTNX,Nutanix,Unknown,USA,EUR,25,,US67059N1081,NTNX,,135732438.9572048,
SYY,Sysco,Unknown,USA,EUR,25,,US8718291078,SYY,,199174251.86816227,
ORLY,O'Reilly Auto,Unknown,USA,EUR,25,,US67103H1077,ORLY,,409234463.791426,
URI,United Rentals,Unknown,USA,EUR,25,,US9113631090,URI,,375851605.3452943,
WBD,Warner Bros Discovery,Unknown,USA,EUR,25,,US9344231041,WBD,,406292482.2835647,
REGN,Regeneron Pharmaceuticals,Unknown,USA,EUR,25,,US75886F1075,REGN,,515321169.2424987,
FMC,FMC,Unknown,USA,EUR,25,,US3024913036,FMC,,55080261.68238379,
TOST,Toast,Unknown,USA,EUR,25,,US8887871080,TOST,,223166256.68430108,
ADSK,Autodesk,Unknown,USA,EUR,25,,US0527691069,ADSK,,361172529.18154985,
RITM,Rithm Capital,Unknown,USA,EUR,25,,US64828T2015,RITM,,40892640.52094901,
MNDY,monday.com,Unknown,USA,EUR,25,,IL0011762130,MNDY,,137188566.46223152,
UAL,United Airlines,Unknown,USA,EUR,25,,US9100471096,UAL,,480478012.5688572,
TJX,TJX Companies,Unknown,USA,EUR,25,,US8725401090,TJX,,563646482.1149111,
ARE,Alexandria Real Estate,Unknown,USA,EUR,25,,US0152711091,ARE,,96368860.61782005,
TE,T1 Energy,Unknown,USA,EUR,25,,US35834F1049,TE,,3624509.1045905896,
CPB,Campbell Soup,Unknown,USA,EUR,25,,US1344291091,CPB,,119967501.36245418,
TSLX,Sixth Street Specialty,Unknown,USA,EUR,25,,US83012A1097,TSLX,,7120358.117019733,
ITW,Illinois Toolworks,Unknown,USA,EUR,25,,US4523081093,ITW,,220345326.38074806,
VRTX,Vertex Pharmaceuticals,Unknown,USA,EUR,25,,US92532F1003,VRTX,,513792429.90931964,
LHX,L3Harris Technologies,Unknown,USA,EUR,25,,US5024311095,LHX,,255552793.61352572,
SFM,Sprouts Farmers Markets,Unknown,USA,EUR,25,,US85208M1027,SFM,,173304894.9043034,
WULF,Terawulf,Unknown,USA,EUR,25,,US88080T1043,WULF,,221257200.1979189,
CAG,Conagra Brands,Unknown,USA,EUR,25,,US2058871029,CAG,,141775485.0019988,
WU,Western Union,Unknown,USA,EUR,25,,US9598021098,WU,,50302603.62924215,
STZ,Constellation Brands,Unknown,USA,EUR,25,,US21036P1084,STZ,,276144413.84450597,
BXSL,Blackstone Secured Lending,Unknown,USA,EUR,25,,US09261X1028,BXSL,,28319546.330028407,
ENVX,Enovix,Unknown,USA,EUR,25,,US2935941078,ENVX,,43821348.55647105,
CBOE,Cboe Global Markets,Unknown,USA,EUR,25,,US12503M1080,CBOE,,167353681.58632606,
TSCO,Tractor Supply,Unknown,USA,EUR,25,,US8923561067,TSCO,,241032328.97905236,
ECL,Ecolab,Unknown,USA,EUR,25,,US2788651006,ECL,,277427431.26511633,
DHI,D.R. Horton,Unknown,USA,EUR,25,,US23331A1097,DHI,,371424124.2838315,
DOW,Dow,Unknown,USA,EUR,25,,US2605571031,DOW,,243768384.30984008,
TDG,TransDigm,Unknown,USA,EUR,25,,US8936411003,TDG,,307717455.9830654,
CARR,Carrier Global,Unknown,USA,EUR,25,,US14448C1045,CARR,,287683732.1492286,
WELL,Welltower,Unknown,USA,EUR,25,,US95040Q1040,WELL,,383354708.49670696,
ROKU,Roku (A),Unknown,USA,EUR,25,,US77543R1023,ROKU,,229801677.09136444,
BWXT,BWX Technologies,Unknown,USA,EUR,25,,US05605H1005,BWXT,,124065712.09876865,
GBDC,Golub Capital,Unknown,USA,EUR,25,,US38173M1027,GBDC,,15933860.62773766,
KMI,Kinder Morgan,Unknown,USA,EUR,25,,US49456B1017,KMI,,303940928.6332791,
ADI,Analog Devices,Unknown,USA,EUR,25,,US0326541051,ADI,,725368589.4744213,
AJG,Gallagher & Co,Unknown,USA,EUR,25,,US3635761097,AJG,,340795036.6393117,
LAND,Gladstone Land,Unknown,USA,EUR,25,,US3765491010,LAND,,3048268.803401128,
KDP,Keurig Dr Pepper,Unknown,USA,EUR,25,,US49271V1008,KDP,,277757514.4337173,
CHD,Church & Dwight,Unknown,USA,EUR,25,,US1713401024,CHD,,158168137.21522886,
CIFR,Cipher Mining,Unknown,USA,EUR,25,,US17253J1060,CIFR,,121288515.67042927,
SO,Southern Company,Unknown,USA,EUR,25,,US8425871071,SO,,371351913.01538455,
CORZ,Core Scientific,Unknown,USA,EUR,25,,US21874A1060,CORZ,,152139393.20479035,
OKE,ONEOK,Unknown,USA,EUR,25,,US6826801036,OKE,,245469372.71531528,
C,Citigroup,Unknown,USA,EUR,25,,US1729674242,C,,993009113.3142645,
BBY,Best Buy,Unknown,USA,EUR,25,,US0865161014,BBY,,206530608.19339144,
JBL,Jabil Circuit,Unknown,USA,EUR,25,,US4663131039,JBL,,199609946.1928408,
MOH,Molina Healthcare,Unknown,USA,EUR,25,,US60855R1005,MOH,,184513052.98599595,
SYM,Symbotic,Unknown,USA,EUR,25,,US87151X1019,SYM,,59438680.59469353,
NVTS,Navitas Semiconductor,Unknown,USA,EUR,25,,US63942X1063,NVTS,,76357599.70262328,
GSAT,GlobalStar,Unknown,USA,EUR,25,,US3789735079,GSAT,,21878339.096053775,
OTIS,Otis Worldwide,Unknown,USA,EUR,25,,US68902V1070,OTIS,,196316351.82266128,
EMR,Emerson Electric,Unknown,USA,EUR,25,,US2910111044,EMR,,302861756.1230221,
HLI,Houlihan Lokey,Unknown,USA,EUR,25,,US4415931009,HLI,,59014727.77054471,
F,Ford Motor,Unknown,USA,EUR,25,,US3453708600,F,,617775443.0996706,
LMND,Lemonade,Unknown,USA,EUR,25,,US52567D1072,LMND,,78534878.32731667,
ROP,Roper Technologies,Unknown,USA,EUR,25,,US7766961061,ROP,,307586496.7562269,
DRS,Leonardo DRS,Unknown,USA,EUR,25,,US52661A1088,DRS,,28638565.881621223,
NVAX,Novavax,Unknown,USA,EUR,25,,US6700024010,NVAX,,33246308.817729812,
UI,Ubiquiti,Unknown,USA,EUR,25,,US90353W1036,UI,,39105613.48291075,
PGR,Progressive,Unknown,USA,EUR,25,,US7433151039,PGR,,547125638.2318227,
DXYZ,Destiny Tech100,Unknown,USA,EUR,25,,US25063F1075,DXYZ,,17704344.47447597,
ROK,Rockwell Automation,Unknown,USA,EUR,25,,US7739031091,ROK,,229591492.08793327,
BIPC,Brookfield Infrastructure,Unknown,USA,EUR,25,,CA11276H1064,BIPC,,20101258.409920305,
HPE,Hewlett Packard,Unknown,USA,EUR,25,,US42824C1099,HPE,,297260397.88537604,
BEPC,Brookfield Renewable,Unknown,Canada,EUR,25,,CA11285B1085,BEPC,,26190768.903192326,
FDX,FedEx,Unknown,USA,EUR,25,,US31428X1063,FDX,,380261333.69608045,
LUMN,Lumen Technologies,Unknown,USA,EUR,25,,US5502411037,LUMN,,70965516.15158863,
DUK,Duke Energy,Unknown,USA,EUR,25,,US26441C2044,DUK,,326234006.01342577,
SPG,Simon Property,Unknown,USA,EUR,25,,US8288061091,SPG,,212105952.02940354,
DASH,DoorDash (A),Unknown,USA,EUR,25,,US25809K1051,DASH,,603654965.207095,
DVN,Devon Energy,Unknown,USA,EUR,25,,US25179M1036,DVN,,269858533.9449179,
AVD,American Vanguard,Unknown,USA,EUR,25,,US0303711081,AVD,,860342.1542303725,
DOCN,Digitalocean,Unknown,USA,EUR,25,,US25402D1028,DOCN,,55415491.76446131,
IVR,Invesco Mortgage Capital (REIT),Unknown,USA,EUR,25,,US46131B7047,IVR,,8958019.326019216,
CIEN,Ciena,Unknown,USA,EUR,25,,US1717793095,CIEN,,202739857.47453526,
AA,Alcoa,Unknown,USA,EUR,25,,US0138721065,AA,,182736068.946534,
SLG,SL Green Realty REIT,Unknown,USA,EUR,25,,US78440X8873,SLG,,43325534.955879755,
ONTO,Onto Innovation,Unknown,USA,EUR,25,,US6833441057,ONTO,,126196197.34603691,
EBAY,eBay,Unknown,USA,EUR,25,,US2786421030,EBAY,,314664584.47522753,
SPCE,Virgin Galactic,Unknown,USA,EUR,25,,US92766K4031,SPCE,,9253588.840283597,
DAL,Delta Air Lines,Unknown,USA,EUR,25,,US2473617023,DAL,,422261408.6206223,
WFC,Wells Fargo,Unknown,USA,EUR,25,,US9497461015,WFC,,1019498347.900274,
CCI,Crown Castle,Unknown,USA,EUR,25,,US22822V1017,CCI,,229432247.16044402,
AMCR,AMCOR,Unknown,USA,EUR,25,,JE00BV7DQ550,AMCR,,146981944.4324056,
RL,Ralph Lauren (A),Unknown,USA,EUR,25,,US7512121010,RL,,154600199.13567844,
TMDX,TransMedics Group,Unknown,USA,EUR,25,,US89377M1099,TMDX,,88868256.10992277,
VLO,Valero Energy,Unknown,USA,EUR,25,,US91913Y1001,VLO,,365015924.55376947,
FDUS,Fidus Investment,Unknown,USA,EUR,25,,US3165001070,FDUS,,3166450.0391872544,
BKR,Baker Hughes,Unknown,USA,EUR,25,,US05722G1004,BKR,,279255692.3495843,
KR,Kroger,Unknown,USA,EUR,25,,US5010441013,KR,,326534317.6444558,
ACHR,Archer Aviation (A),Unknown,USA,EUR,25,,US03945R1023,ACHR,,209777002.3082058,
CASY,Casey's General Stores,Unknown,USA,EUR,25,,US1475281036,CASY,,128538321.07552707,
MAR,Marriott International A,Unknown,USA,EUR,25,,US5719032022,MAR,,358527023.0553211,
CMI,Cummins,Unknown,USA,EUR,25,,US2310211063,CMI,,281927032.5336571,
WTRG,Essential Utilities,Unknown,USA,EUR,25,,US29670G1022,WTRG,,52915694.662512824,
EIX,Edison,Unknown,USA,EUR,25,,US2810201077,EIX,,149057493.55418432,
GTLB,GitLab,Unknown,USA,EUR,25,,US37637K1088,GTLB,,124931534.18711081,
KNSL,Kinsale Capital Group,Unknown,USA,EUR,25,,US49714P1084,KNSL,,70678685.26651384,
MAA,Mid-America Apartment Communities,Unknown,USA,EUR,25,,US59522J1034,MAA,,97021259.27169068,
JOBY,Joby Aviation,Unknown,USA,EUR,25,,KYG651631007,JOBY,,163764514.3910007,
AMC,AMC Entertainment,Unknown,USA,EUR,25,,US00165C3025,AMC,,34035983.79822877,
HAL,Halliburton,Unknown,USA,EUR,25,,US4062161017,HAL,,268446735.55249137,
NYT,New York Times (A),Unknown,USA,EUR,25,,US6501111073,NYT,,78059611.84556326,
POOL,Pool,Unknown,USA,EUR,25,,US73278L1052,POOL,,126935377.9451685,
GNL,Global Net Lease,Unknown,USA,EUR,25,,US3793782018,GNL,,9674955.392501395,
LYFT,Lyft (A),Unknown,USA,EUR,25,,US55087P1049,LYFT,,185631151.1340634,
STT,State Street,Unknown,USA,EUR,25,,US8574771031,STT,,178553545.88270032,
CLH,Clean Harbors,Unknown,USA,EUR,25,,US1844961078,CLH,,78252711.32253137,
XMTR,Xometry,Unknown,USA,EUR,25,,US98423F1093,XMTR,,21198190.71208457,
GWW,Grainger,Unknown,USA,EUR,25,,US3848021040,GWW,,225048959.04195347,
QS,QuantumScape,Unknown,USA,EUR,25,,US74767V1098,QS,,82780327.54709372,
DECK,Deckers Outdoor,Unknown,USA,EUR,25,,US2435371073,DECK,,255778969.56352562,
ASST,Strive,Unknown,USA,EUR,25,,US8629453007,ASST,,15462775.601936258,
ICE,Intercont. Exchange,Unknown,USA,EUR,25,,US45866F1049,ICE,,424903318.12694603,
BEN,Franklin Resources,Unknown,USA,EUR,25,,US3546131018,BEN,,77208202.99188477,
FLNA,Cassava Sciences,Unknown,USA,EUR,25,,US14817C1071,FLNA,,2134142.7061805157,
MEDP,Medpace Holdings,Unknown,USA,EUR,25,,US58506Q1094,MEDP,,110946933.21961115,
HLT,Hilton Worldwide,Unknown,USA,EUR,25,,US43300A2033,HLT,,377873713.02052665,
CWEN,Clearway Energy,Unknown,USA,EUR,25,,US18539C2044,CWEN,,22772309.539877467,
YUM,Yum! Brands,Unknown,USA,EUR,25,,US9884981013,YUM,,231621762.54526022,
PDI,Pimco Dynamic Income Fund,Unknown,USA,EUR,25,,US72201Y1010,PDI,,30434083.863578834,
DT,Dynatrace,Unknown,USA,EUR,25,,US2681501092,DT,,138747342.0447796,
MCHP,Microchip Technology,Unknown,USA,EUR,25,,US5950171042,MCHP,,465729240.67252874,
GEVO,Gevo,Unknown,USA,EUR,25,,US3743964062,GEVO,,5028694.024668585,
FCEL,Fuelcell Energy,Unknown,USA,EUR,25,,US35952H7008,FCEL,,9889176.704108767,
CSL,Carlisle Companies,Unknown,USA,EUR,25,,US1423391002,CSL,,121583381.4813397,
MRSH,Marsh & McLennan,Unknown,USA,EUR,25,,US5717481023,MRSH,,388694125.0751177,
SCHW,Charles Schwab,Unknown,USA,EUR,25,,US8085131055,SCHW,,661469698.499187,
WEN,Wendy's,Unknown,USA,EUR,25,,US95058W1009,WEN,,50211049.157104224,
EA,Electronic Arts,Unknown,USA,EUR,25,,US2855121099,EA,,337614283.9980794,
CCAP,Crescent Capital BDC,Unknown,USA,EUR,25,,US2256551092,CCAP,,1836421.615125578,
BF-B,Brown-Forman (B),Unknown,USA,EUR,25,,US1156372096,BF-B,,85613042.48295873,
HCA,HCA Healthcare,Unknown,USA,EUR,25,,US40412C1018,HCA,,418757026.2327157,
LNC,Lincoln National,Unknown,USA,EUR,25,,US5341871094,LNC,,49168138.90474164,
VRSN,VeriSign,Unknown,USA,EUR,25,,US92343E1029,VRSN,,153044141.52613634,
FLO,Flowers Foods,Unknown,USA,EUR,25,,US3434981011,FLO,,31853813.756598756,
GEO,GEO Group,Unknown,USA,EUR,25,,US36162J1060,GEO,,40878848.283532694,
OZK,Bank OZK,Unknown,USA,EUR,25,,US06417N1037,OZK,,42291405.55293885,
SIRI,Sirius XM,Unknown,USA,EUR,25,,US8299331004,SIRI,,81041005.94839871,
SON,Sonoco Products,Unknown,USA,EUR,25,,US8354951027,SON,,33775567.35269855,
M,Macy's,Unknown,USA,EUR,25,,US55616P1049,M,,86961471.49346119,
AGCO,AGCO,Unknown,USA,EUR,25,,US0010841023,AGCO,,66828820.45999332,
EOG,EOG Resources,Unknown,USA,EUR,25,,US26875P1012,EOG,,350219630.57598174,
OCSL,Oaktree Specialty Lending ,Unknown,USA,EUR,25,,US67401P4054,OCSL,,7320134.517534072,
GEHC,GE Healthcare Technologies,Unknown,USA,EUR,25,,US36266G1076,GEHC,,218763953.60383657,
FDS,Factset,Unknown,USA,EUR,25,,US3030751057,FDS,,130067889.00420234,
HHH,Howard Hughes Holdings,Unknown,USA,EUR,25,,US44267T1025,HHH,,21783507.57901874,
AES,AES,Unknown,USA,EUR,25,,US00130H1059,AES,,116843862.04087123,
SOLV,Solventum Corporation,Unknown,USA,EUR,25,,US83444M1018,SOLV,,64619719.50564358,
TWO,Two Harbors Investment,Unknown,USA,EUR,25,,US90187B8046,TWO,,12388750.352273237,
DG,Dollar General,Unknown,USA,EUR,25,,US2566771059,DG,,283927354.4009952,
D,Dominion Energy,Unknown,USA,EUR,25,,US25746U1097,D,,229827421.1886412,
AEP,American Electric Power,Unknown,USA,EUR,25,,US0255371017,AEP,,286522534.29755974,
HP,Helmerich & Payne,Unknown,USA,EUR,25,,US4234521015,HP,,35754526.76288654,
OMF,OneMain Holdings,Unknown,USA,EUR,25,,US68268W1036,OMF,,45787920.56821065,
GM,General Motors,Unknown,USA,EUR,25,,US37045V1008,GM,,481513073.5257312,
KVUE,Kenvue,Unknown,USA,EUR,25,,US49177J1025,KVUE,,306085191.3491303,
PENG,Penguin Solutions,Unknown,USA,EUR,25,,US7069151055,PENG,,16143347.844010837,
BULL,Webull,Unknown,USA,EUR,25,,KYG9572D1034,BULL,,53367572.24659727,
DNLI,Denali Therapeutics,Unknown,USA,EUR,25,,US24823R1059,DNLI,,21272020.179887235,
FNMA,Federal National Mortgage Association,Unknown,USA,EUR,25,,US3135861090,FNMA,,33688825.577262625,
RDW,Redwire,Unknown,USA,EUR,25,,US75776W1036,RDW,,33606413.591478094,
ES,Eversource Energy,Unknown,USA,EUR,25,,US30040W1080,ES,,126733051.81137018,
PRU,Prudential Financial,Unknown,USA,EUR,25,,US7443201022,PRU,,149141142.92211217,
EVRG,Evergy,Unknown,USA,EUR,25,,US30034W1062,EVRG,,115466942.68606043,
KEEL,Keel Infrastructure,Unknown,USA,EUR,25,,US4869171078,KEEL,,55769675.61143838,
VFC,VF,Unknown,USA,EUR,25,,US9182041080,VFC,,93716433.7360979,
CRS,Carpenter Technology,Unknown,USA,EUR,25,,US1442851036,CRS,,163328761.18069094,
PKG,Packaging of America,Unknown,USA,EUR,25,,US6951561090,PKG,,131092463.97909847,
VLTO,Veralto,Unknown,USA,EUR,25,,US92338C1036,VLTO,,122405339.94975416,
ZM,Zoom Communications (A),Unknown,USA,EUR,25,,US98980L1017,ZM,,194193546.70456707,
FMCC,Freddie Mac,Unknown,USA,EUR,25,,US3134003017,FMCC,,13828004.526296005,
FWONA,Liberty Media Formula One,Unknown,USA,EUR,25,,US5312297717,FWONA,,7967989.964506689,
ULTA,Ulta Beauty,Unknown,USA,EUR,25,,US90384S3031,ULTA,,294746310.35272413,
QLYS,Qualys,Unknown,USA,EUR,25,,US74758T3032,QLYS,,41723006.79037636,
NMFC,New Mountain Finance,Unknown,USA,EUR,25,,US6475511001,NMFC,,3804429.6232404234,
DOC,Healthpeak Properties,Unknown,USA,EUR,25,,US42250P1030,DOC,,93553395.55099356,
ARES,Ares Management Corporation,Unknown,USA,EUR,25,,US03990B1017,ARES,,214608378.9624359,
WHR,Whirlpool,Unknown,USA,EUR,25,,US9633201069,WHR,,81995135.94882055,
FSLY,Fastly (A),Unknown,USA,EUR,25,,US31188V1008,FSLY,,22459612.819194168,
TSN,Tyson Foods,Unknown,USA,EUR,25,,US9024941034,TSN,,125830833.17400518,
CTVA,Corteva,Unknown,USA,EUR,25,,US22052L1044,CTVA,,205035230.64956582,
EMN,Eastman Chemical,Unknown,USA,EUR,25,,US2774321002,EMN,,84535114.86303475,
IDXX,IDEXX Laboratories,Unknown,USA,EUR,25,,US45168D1046,IDXX,,256770408.3343373,
FPI,Farmland Partners,Unknown,USA,EUR,25,,US31154R1095,FPI,,3310316.766057483,
NUE,Nucor,Unknown,USA,EUR,25,,US6703461052,NUE,,223095844.31348658,
FANG,Diamondback Energy,Unknown,USA,EUR,25,,US25278X1090,FANG,,279273101.95635915,
CI,Cigna,Unknown,USA,EUR,25,,US1255231003,CI,,400114436.4507892,
NOG,Northern Oil and Gas,Unknown,USA,EUR,25,,US6655313079,NOG,,40389958.92462392,
HOG,Harley-Davidson,Unknown,USA,EUR,25,,US4128221086,HOG,,44047592.70051413,
RWT,Redwood Trust,Unknown,USA,EUR,25,,US7580754023,RWT,,4500199.334295144,
ATR,AptarGroup,Unknown,USA,EUR,25,,US0383361039,ATR,,45243961.98594989,
AOS,A. O. Smith,Unknown,USA,EUR,25,,US8318652091,AOS,,74024948.80916673,
ORA,Ormat Technologies,Unknown,USA,EUR,25,,US6866881021,ORA,,39228358.459174424,
ASPI,ASP Isotopes,Unknown,USA,EUR,25,,US00218A1051,ASPI,,19685284.205081195,
EXLS,ExlService,Unknown,USA,EUR,25,,US3020811044,EXLS,,44763069.43745566,
AKAM,Akamai Technologies,Unknown,USA,EUR,25,,US00971T1016,AKAM,,160352862.89970684,
EW,Edwards Lifesciences,Unknown,USA,EUR,25,,US28176E1082,EW,,303525825.79050237,
KEYS,Keysight Technologies,Unknown,USA,EUR,25,,US49338L1035,KEYS,,156466236.35679942,
VTRS,Viatris,Unknown,USA,EUR,25,,US92556V1061,VTRS,,85712096.0284349,
IESC,IES Holdings,Unknown,USA,EUR,25,,US44951W1062,IESC,,42921305.410161555,
BTBT,Bit Digital,Unknown,USA,EUR,25,,KYG1144A1058,BTBT,,44037526.93774697,
OMC,Omnicom,Unknown,USA,EUR,25,,US6819191064,OMC,,208770184.45723844,
AMRC,Ameresco,Unknown,USA,EUR,25,,US02361E1082,AMRC,,10382504.865798395,
COTY,Coty,Unknown,USA,EUR,25,,US2220702037,COTY,,26473252.66436752,
PSX,Phillips 66,Unknown,USA,EUR,25,,US7185461040,PSX,,291385181.47432303,
CAH,Cardinal Health,Unknown,USA,EUR,25,,US14149Y1082,CAH,,267145922.2692035,
BAH,Booz Allen Hamilton Holding,Unknown,USA,EUR,25,,US0995021062,BAH,,149331231.48571432,
IT,Gartner,Unknown,USA,EUR,25,,US3666511072,IT,,197006523.78390658,
MTSI,MACOM Technology Solutions Holdings,Unknown,USA,EUR,25,,US55405Y1001,MTSI,,92027918.02317329,
PHM,PulteGroup,Unknown,USA,EUR,25,,US7458671010,PHM,,192415059.1643022,
CHTR,Charter Communications,Unknown,USA,EUR,25,,US16119P1084,CHTR,,374250033.49867797,
INGR,Ingredion,Unknown,USA,EUR,25,,US4571871023,INGR,,52751241.396937706,
WMB,Williams Cos,Unknown,USA,EUR,25,,US9694571004,WMB,,338001335.4885308,
EPRT,Essential Properties Realty Trust,Unknown,USA,EUR,25,,US29670E1073,EPRT,,40126153.23363505,
FCFS,FirstCash ,Unknown,USA,EUR,25,,US33768G1076,FCFS,,30858260.20514352,
GTY,Getty Realty,Unknown,USA,EUR,25,,US3742971092,GTY,,8309601.992754756,
LDOS,Leidos,Unknown,USA,EUR,25,,US5253271028,LDOS,,137229769.86110842,
HUBB,Hubbell,Unknown,USA,EUR,25,,US4435106079,HUBB,,189274086.35902613,
AEVA,Aeva Technologies,Unknown,USA,EUR,25,,US00835Q2021,AEVA,,16983069.383699164,
RBLX,Roblox,Unknown,USA,EUR,25,,US7710491033,RBLX,,480178726.8612113,
ROST,Ross Stores,Unknown,USA,EUR,25,,US7782961038,ROST,,340579635.60556865,
NRG,NRG Energy,Unknown,USA,EUR,25,,US6293775085,NRG,,272710610.7573433,
LCID,Lucid Group,Unknown,USA,EUR,25,,US5494982029,LCID,,132672515.04029468,
ATO,Atmos Energy,Unknown,USA,EUR,25,,US0495601058,ATO,,121023834.84557089,
SDGR,Schrodinger,Unknown,USA,EUR,25,,US80810D1037,SDGR,,15395946.140631767,
DDD,3D Systems,Unknown,USA,EUR,25,,US88554D2053,DDD,,6102865.511451628,
CRUS,Cirrus Logic,Unknown,USA,EUR,25,,US1727551004,CRUS,,58441677.6816169,
ATI,ATI,Unknown,USA,EUR,25,,US01741R1023,ATI,,112119745.50979555,
CTSH,Cognizant Technology Solutions (A),Unknown,USA,EUR,25,,US1924461023,CTSH,,251130831.99025822,
ALGN,Align Technology,Unknown,USA,EUR,25,,US0162551016,ALGN,,153576745.50799417,
ALL,Allstate,Unknown,USA,EUR,25,,US0200021014,ALL,,250360897.46877038,
USB,US Bancorp,Unknown,USA,EUR,25,,US9029733048,USB,,355873486.81345695,
PSKY,Paramount Skydance,Unknown,USA,EUR,25,,US69932A2042,PSKY,,81591112.41474342,
KD,Kyndryl Holdings,Unknown,USA,EUR,25,,US50155Q1004,KD,,47871566.444437355,
XRAY,Dentsply Sirona,Unknown,USA,EUR,25,,US24906P1093,XRAY,,39699837.25239542,
MDGL,Madrigal Pharmaceuticals,Unknown,USA,EUR,25,,US5588681057,MDGL,,101889053.03582485,
SRE,Sempra Energy,Unknown,USA,EUR,25,,US8168511090,SRE,,244825148.6338231,
CG,Carlyle Group,Unknown,USA,EUR,25,,US14316J1088,CG,,113314391.60177454,
MLM,Martin Marietta Materials,Unknown,USA,EUR,25,,US5732841060,MLM,,216022278.95017067,
MPC,Marathon Petroleum,Unknown,USA,EUR,25,,US56585A1025,MPC,,342926174.06894606,
FLS,Flowserve,Unknown,USA,EUR,25,,US34354P1057,FLS,,77443067.11112213,
AMP,Ameriprise Financial,Unknown,USA,EUR,25,,US03076C1062,AMP,,213014360.71965295,
LTBR,Lightbridge,Unknown,USA,EUR,25,,US53224K3023,LTBR,,10721935.825553196,
DRI,Darden Restaurants,Unknown,USA,EUR,25,,US2371941053,DRI,,190442019.23679262,
HII,Huntington Ingalls,Unknown,USA,EUR,25,,US4464131063,HII,,104461780.29740705,
MAT,Mattel,Unknown,USA,EUR,25,,US5770811025,MAT,,52226037.40037246,
TXT,Textron,Unknown,USA,EUR,25,,US8832031012,TXT,,91798518.35988146,
ACIW,ACI Worldwide,Unknown,USA,EUR,25,,US0044981019,ACIW,,28638187.718694724,
LW,Lamb Weston Holdings,Unknown,USA,EUR,25,,US5132721045,LW,,93914612.22724712,
CXW,CoreCivic,Unknown,USA,EUR,25,,US21871N1019,CXW,,16171221.832466282,
EPAM,Epam Systems,Unknown,USA,EUR,25,,US29414B1044,EPAM,,115640218.82269451,
AUR,Aurora Innovation,Unknown,USA,EUR,25,,US0517741072,AUR,,72657221.8540956,
GPN,Global Payments,Unknown,USA,EUR,25,,US37940X1028,GPN,,183183975.99595,
COF,Capital One,Unknown,USA,EUR,25,,US14040H1059,COF,,609674010.2033606,
IPGP,IPG Photonics,Unknown,USA,EUR,25,,US44980X1090,IPGP,,17667701.469660506,
CSGP,"CoStar Group Inc. Registered Shares DL -,01",Unknown,USA,EUR,25,,US22160N1090,CSGP,,195344384.55198956,
INCY,Incyte,Unknown,USA,EUR,25,,US45337C1027,INCY,,120359313.92832677,
DEA,Easterly Government Pptys,Unknown,USA,EUR,25,,US27616P3010,DEA,,8884153.253228761,
CHWY,Chewy,Unknown,USA,EUR,25,,US16679L1098,CHWY,,175117555.90966094,
VTR,Ventas,Unknown,USA,EUR,25,,US92276F1003,VTR,,165511100.05881268,
FNF,Fidelity National Financial,Unknown,USA,EUR,25,,US31620R3030,FNF,,57944308.703468084,
IQV,IQVIA,Unknown,USA,EUR,25,,US46266C1053,IQV,,252140722.79662997,
PTON,Peloton Interactive (A),Unknown,USA,EUR,25,,US70614W1009,PTON,,64524227.174671605,
PLMR,Palomar,Unknown,USA,EUR,25,,US69753M1053,PLMR,,23594480.61807165,
KSS,Kohl's,Unknown,USA,EUR,25,,US5002551043,KSS,,73590419.3571147,
LEG,Leggett & Platt,Unknown,USA,EUR,25,,US5246601075,LEG,,16062808.50420403,
GGG,Graco,Unknown,USA,EUR,25,,US3841091040,GGG,,57268973.58953217,
ACM,Aecom,Unknown,USA,EUR,25,,US00766T1007,ACM,,83938757.36437854,
ANF,Abercrombie & Fitch (A),Unknown,USA,EUR,25,,US0028962076,ANF,,157610805.76041433,
DAVE,Dave,Unknown,USA,EUR,25,,US23834J2015,DAVE,,58033670.79707979,
IP,International Paper,Unknown,USA,EUR,25,,US4601461035,IP,,176860691.86657673,
DD,DuPont de Nemours,Unknown,USA,EUR,25,,US26614N1028,DD,,157398063.11960322,
CRSR,Corsair Gaming,Unknown,USA,EUR,25,,US22041X1028,CRSR,,4995639.449639382,
COLD,Americold Realty Trust,Unknown,USA,EUR,25,,US03064D1081,COLD,,44007989.15205829,
TW,Tradeweb Markets,Unknown,USA,EUR,25,,US8926721064,TW,,121287297.58659132,
TRV,Travelers Companies,Unknown,USA,EUR,25,,US89417E1091,TRV,,296516371.4536788,
VICR,Vicor,Unknown,USA,EUR,25,,US9258151029,VICR,,14398564.947519407,
BW,Babcock & Wilcox,Unknown,USA,EUR,25,,US05614L2097,BW,,2994574.5045975503,
CRL,Charles River Laboratories,Unknown,USA,EUR,25,,US1598641074,CRL,,125693716.60217384,
HYMC,Hycroft Mining Holding,Unknown,USA,EUR,25,,US44862P2083,HYMC,,1630531.231909943,
UA,Under Armour (C),Unknown,USA,EUR,25,,US9043112062,UA,,18402220.90467202,
OSCR,Oscar Health,Unknown,USA,EUR,25,,US6877931096,OSCR,,88184930.01124012,
MTD,Mettler-Toledo,Unknown,USA,EUR,25,,US5926881054,MTD,,161666764.19926965,
SWKS,Skyworks Solutions,Unknown,USA,EUR,25,,US83088M1027,SWKS,,172170135.26938963,
OVV,Ovintiv,Unknown,USA,EUR,25,,US69047Q1022,OVV,,113959616.40609917,
BALL,Ball,Unknown,USA,EUR,25,,US0584981064,BALL,,107117393.89351363,
PCAR,Paccar,Unknown,USA,EUR,25,,US6937181088,PCAR,,240656596.77965745,
OLP,One Liberty Properties,Unknown,USA,EUR,25,,US6824061039,OLP,,1127100.6051352276,
HCC,Warrior Met Coal,Unknown,USA,EUR,25,,US93627C1018,HCC,,43734859.820278786,
MET,MetLife,Unknown,USA,EUR,25,,US59156R1086,MET,,215641249.66139573,
VMC,Vulcan Materials,Unknown,USA,EUR,25,,US9291601097,VMC,,213310536.19694006,
PNC,PNC Financial Services,Unknown,USA,EUR,25,,US6934751057,PNC,,319696509.8052268,
DOV,Dover,Unknown,USA,EUR,25,,US2600031080,DOV,,158116937.6702844,
WHF,WhiteHorse Finance,Unknown,USA,EUR,25,,US96524V1061,WHF,,559084.7664042092,
ELV,Elevance Health,Unknown,USA,EUR,25,,US0367521038,ELV,,510415000.1274743,
IFF,International Flavors & Fragrances,Unknown,USA,EUR,25,,US4595061015,IFF,,106072163.70105654,
CSX,CSX,Unknown,USA,EUR,25,,US1264081035,CSX,,390221071.4868045,
PINS,Pinterest,Unknown,USA,EUR,25,,US72352L1061,PINS,,281959329.0462477,
LC,LendingClub,Unknown,USA,EUR,25,,US52603A2087,LC,,19932326.165798143,
PPG,PPG Industries,Unknown,USA,EUR,25,,US6935061076,PPG,,167688517.68300772,
AAL,American Airlines,Unknown,USA,EUR,25,,US02376R1023,AAL,,568291027.9342543,
MYRG,MYR Group,Unknown,USA,EUR,25,,US55405W1045,MYRG,,32208317.40962977,
SPHR,Sphere Entertainment A,Unknown,USA,EUR,25,,US55826T1025,SPHR,,37821228.353626385,
ED,Consolidated Edison,Unknown,USA,EUR,25,,US2091151041,ED,,179370367.6316986,
AGM,Federal Agricultural,Unknown,USA,EUR,25,,US3131483063,AGM,,9190550.559141029,
XEL,Xcel Energy,Unknown,USA,EUR,25,,US98389B1008,XEL,,243016955.57745075,
PTC,PTC,Unknown,USA,EUR,25,,US69370C1009,PTC,,134884916.1957608,
AAON,AAON ,Unknown,USA,EUR,25,,US0003602069,AAON,,62855961.10094957,
ENVA,Enova International,Unknown,USA,EUR,25,,US29357K1034,ENVA,,22862778.760448955,
DEC,Diversified Energy,Unknown,USA,EUR,25,,US25520W1071,DEC,,4521105.5588463945,
NSC,Norfolk Southern Railway,Unknown,USA,EUR,25,,US6558441084,NSC,,274844409.74353695,
RHI,Robert Half,Unknown,USA,EUR,25,,US7703231032,RHI,,54404042.41759876,
APAM,Artisan Partners Asset Management,Unknown,USA,EUR,25,,US04316A1088,APAM,,16804182.814780485,
UPWK,Upwork ,Unknown,USA,EUR,25,,US91688F1049,UPWK,,29607985.375907913,
NTAP,NetApp,Unknown,USA,EUR,25,,US64110D1046,NTAP,,178600518.94065213,
VRSK,Verisk Analytics,Unknown,USA,EUR,25,,US92345Y1064,VRSK,,222163651.67239934,
RC,Ready Capital,Unknown,USA,EUR,25,,US75574U1016,RC,,7093674.826204047,
MITT,AG Mortgage Investment Trust,Unknown,USA,EUR,25,,US0012285013,MITT,,1102925.8353381327,
UNM,Unum Group,Unknown,USA,EUR,25,,US91529Y1064,UNM,,77228150.06675386,
SONO,Sonos,Unknown,USA,EUR,25,,US83570H1086,SONO,,19425622.090133198,
GT,Goodyear Tire & Rubber,Unknown,USA,EUR,25,,US3825501014,GT,,46170166.75242259,
SPT,Sprout Social,Unknown,USA,EUR,25,,US85209W1099,SPT,,11627323.439497322,
COR,Cencora,Unknown,USA,EUR,25,,US03073E1055,COR,,327387788.6445886,
CMS,CMS Energy,Unknown,USA,EUR,25,,US1258961002,CMS,,139722916.83281478,
NWL,Newell Brands,Unknown,USA,EUR,25,,US6512291062,NWL,,31871967.663551338,
WEC,WEC Energy Group,Unknown,USA,EUR,25,,US92939U1060,WEC,,184102002.83575782,
DBX,DropBox (A),Unknown,USA,EUR,25,,US26210C1045,DBX,,76197140.56534626,
TTEK,TETRA Tech,Unknown,USA,EUR,25,,US88162G1031,TTEK,,63358838.73764668,
ZBH,Zimmer Biomet Holdings,Unknown,USA,EUR,25,,US98956P1021,ZBH,,147381950.84542274,
SBET,SharpLink,Unknown,USA,EUR,25,,US8200144058,SBET,,33313784.817527108,
WAT,Waters,Unknown,USA,EUR,25,,US9418481035,WAT,,170021181.6264028,
AORT,Artivion,Unknown,USA,EUR,25,,US2289031005,AORT,,9455022.612707231,
LVS,Las Vegas Sands,Unknown,USA,EUR,25,,US5178341070,LVS,,213882117.71732014,
XRX,Xerox Holdings,Unknown,USA,EUR,25,,US98421M1062,XRX,,13124056.447480518,
CBT,Cabot Corporation,Unknown,USA,EUR,25,,US1270551013,CBT,,26602540.646431826,
GPK,Graphic Packaging Holding,Unknown,USA,EUR,25,,US3886891015,GPK,,55388692.89787043,
MTCH,Match Group,Unknown,USA,EUR,25,,US57667L1070,MTCH,,107686454.31377149,
HRB,H&R Block,Unknown,USA,EUR,25,,US0936711052,HRB,,58857680.21449913,
GSHD,Goosehead Insurance,Unknown,USA,EUR,25,,US38267D1090,GSHD,,19577055.244296186,
PRIM,Primoris Services,Unknown,USA,EUR,25,,US74164F1030,PRIM,,67912511.0654113,
EZPW,EZCORP,Unknown,USA,EUR,25,,US3023011063,EZPW,,9731068.024880866,
PPL,PPL,Unknown,USA,EUR,25,,US69351T1060,PPL,,156123856.03505772,
EQR,Equity Residential,Unknown,USA,EUR,25,,US29476L1070,EQR,,106114976.39702713,
GMED,Globus Medical,Unknown,USA,EUR,25,,US3795772082,GMED,,73853024.5777131,
AIG,American International Group,Unknown,USA,EUR,25,,US0268747849,AIG,,261479375.81693143,
MGM,MGM Resorts,Unknown,USA,EUR,25,,US5529531015,MGM,,137427904.66726583,
ESS,Essex Property,Unknown,USA,EUR,25,,US2971781057,ESS,,95064017.66275904,
ADAM,New York Mortgage Trust,Unknown,USA,EUR,25,,US6496048405,ADAM,,3225621.3087251857,
CE,Celanese,Unknown,USA,EUR,25,,US1508701034,CE,,96407493.33828992,
HUM,Humana,Unknown,USA,EUR,25,,US4448591028,HUM,,343369967.7561132,
FOSL,Fossil Group,Unknown,USA,EUR,25,,US34988V1061,FOSL,,713033.5146122512,
BILL,Bill.com,Unknown,USA,EUR,25,,US0900431000,BILL,,92609243.23478968,
BXP,Boston Properties,Unknown,USA,EUR,25,,US1011211018,BXP,,80795310.22433594,
NDSN,Nordson,Unknown,USA,EUR,25,,US6556631025,NDSN,,63046816.13733801,
CBRE,CBRE Group,Unknown,USA,EUR,25,,US12504L1098,CBRE,,201988445.6516117,
GTLS,Chart Industries,Unknown,USA,EUR,25,,US16115Q3083,GTLS,,119079325.23779553,
EOSE,Eos Energy,Unknown,USA,EUR,25,,US29415C1018,EOSE,,62524150.16856161,
NSSC,Napco Security Tech,Unknown,USA,EUR,25,,US6304021057,NSSC,,11693596.25970307,
IOT,Samsara,Unknown,USA,EUR,25,,US79589L1061,IOT,,141359022.93210986,
AVY,Avery Dennison,Unknown,USA,EUR,25,,US0536111091,AVY,,93276086.66690083,
EFX,Equifax,Unknown,USA,EUR,25,,US2944291051,EFX,,220024586.08152378,
FIS,Fidelity National Information,Unknown,USA,EUR,25,,US31620M1062,FIS,,204927269.64531595,
DBD,Diebold Nixdorf,Unknown,USA,EUR,25,,US2536512021,DBD,,8345329.609423557,
LAMR,Lamar Advertising,Unknown,USA,EUR,25,,US5128161099,LAMR,,49960452.24948195,
CFG,Citizens Financial Group,Unknown,USA,EUR,25,,US1746101054,CFG,,185452089.59230375,
MSGS,Madison Square Garden,Unknown,USA,EUR,25,,US55825T1034,MSGS,,29566166.395861067,
TAP,Molson Coors Brewing,Unknown,USA,EUR,25,,US60871R2094,TAP,,98731323.66746026,
AVB,AvalonBay Communities,Unknown,USA,EUR,25,,US0534841012,AVB,,132670138.58930397,
MUR,Murphy Oil,Unknown,USA,EUR,25,,US6267171022,MUR,,53465309.911131516,
LIF,Life360,Unknown,USA,EUR,25,,US5322061095,LIF,,28358790.86238092,
UTG,Reaves Utility Income,Unknown,USA,EUR,25,,US7561581015,UTG,,7579484.790681279,
FWONK,Liberty Media Formula One,Unknown,USA,EUR,25,,US5312297550,FWONK,,99968206.84016016,
ALK,Alaska Air,Unknown,USA,EUR,25,,US0116591092,ALK,,126585249.90537442,
DLTR,Dollar Tree,Unknown,USA,EUR,25,,US2567461080,DLTR,,278617494.9564292,
EXE,Expand Energy,Unknown,USA,EUR,25,,US1651677353,EXE,,260448606.68105644,
BTU,Peabody Energy,Unknown,USA,EUR,25,,US7045511000,BTU,,59013864.89679188,
LMAT,LeMaitre Vascular,Unknown,USA,EUR,25,,US5255582018,LMAT,,12152922.044725187,
CC,Chemours,Unknown,USA,EUR,25,,US1638511089,CC,,33288785.270569324,
BOH,Bank of Hawaii,Unknown,USA,EUR,25,,US0625401098,BOH,,20961996.837392166,
BDC,Belden,Unknown,USA,EUR,25,,US0774541066,BDC,,26933929.56486225,
RPM,RPM,Unknown,USA,EUR,25,,US7496851038,RPM,,70969249.78861462,
FITB,Fifth Third Bancorp,Unknown,USA,EUR,25,,US3167731005,FITB,,185805192.92930272,
ALGM,ALLEGRO Microsystems,Unknown,USA,EUR,25,,US01749D1054,ALGM,,50252550.88615532,
PJT,PJT Partners,Unknown,USA,EUR,25,,US69343T1079,PJT,,32968393.71840845,
PRM,Perimeter Solutions,Unknown,USA,EUR,25,,US71385M1071,PRM,,14692263.308340244,
FIVE,Five Below,Unknown,USA,EUR,25,,US33829M1018,FIVE,,153350752.31440473,
PSIX,Power Solutions,Unknown,USA,EUR,25,,US73933G2021,PSIX,,17341973.665801585,
PCG,PG&E,Unknown,USA,EUR,25,,US69331C1080,PCG,,275393439.9710169,
LNT,Alliant Energy,Unknown,USA,EUR,25,,US0188021085,LNT,,100427973.46728536,
UFPI,UFP Industries,Unknown,USA,EUR,25,,US90278Q1085,UFPI,,30472871.25591183,
LPG,Dorian LPG,Unknown,USA,EUR,25,,MHY2106R1100,LPG,,13073934.82011903,
KRC,Kilroy Realty,Unknown,USA,EUR,25,,US49427F1084,KRC,,41054375.78656749,
NVEC,NVE,Unknown,USA,EUR,25,,US6294452064,NVEC,,1995507.9582958985,
HIG,Hartford Financial,Unknown,USA,EUR,25,,US4165151048,HIG,,157041619.070364,
BYD,Boyd Gaming,Unknown,USA,EUR,25,,US1033041013,BYD,,56694661.856102586,
MNKD,MannKind,Unknown,USA,EUR,25,,US56400P7069,MNKD,,11903746.905506141,
TRNO,Terreno Realty,Unknown,USA,EUR,25,,US88146M1018,TRNO,,37526458.472745255,
GRND,Grindr,Unknown,USA,EUR,25,,US39854F1012,GRND,,17229627.86738409,
KEY,KeyCorp,Unknown,USA,EUR,25,,US4932671088,KEY,,216865415.31709042,
JJSF,J & J Snack Foods,Unknown,USA,EUR,25,,US4660321096,JJSF,,14396160.127483409,
AMTM,Amentum Holdings,Unknown,USA,EUR,25,,US0239391016,AMTM,,40054884.74047248,
NI,NiSource,Unknown,USA,EUR,25,,US65473P1057,NI,,132575870.88871588,
PEG,Public Service Enterprise,Unknown,USA,EUR,25,,US7445731067,PEG,,181678064.86996007,
WYNN,Wynn Resorts,Unknown,USA,EUR,25,,US9831341071,WYNN,,153567388.9240992,
DKS,Dicks Sporting Goods,Unknown,USA,EUR,25,,US2533931026,DKS,,202170708.91433203,
CNXC,Concentrix,Unknown,USA,EUR,25,,US20602D1019,CNXC,,29181329.9352972,
ALX,Alexander's,Unknown,USA,EUR,25,,US0147521092,ALX,,5819104.003446635,
BBWI,Bath & Body Works,Unknown,USA,EUR,25,,US0708301041,BBWI,,114179249.55818164,
VNOM,Viper Energy,Unknown,USA,EUR,25,,US64361Q1013,VNOM,,50626343.419777006,
TNC,Tennant,Unknown,USA,EUR,25,,US8803451033,TNC,,8609568.855856478,
AMH,American Homes 4 Rent,Unknown,USA,EUR,25,,US02665T3068,AMH,,69918513.16618243,
ZIP,Ziprecruiter,Unknown,USA,EUR,25,,US98980B1035,ZIP,,3406825.665613472,
CHRW,C. H. Robinson Worldwide,Unknown,USA,EUR,25,,US12541W2098,CHRW,,139772101.03437704,
FFIV,F5,Unknown,USA,EUR,25,,US3156161024,FFIV,,135452754.65104464,
BLX,Banco Latinoamericano de Comercio Exterior,Unknown,USA,EUR,25,,PAP169941328,BLX,,4342982.696463763,
ACI,Albertsons Companies,Unknown,USA,EUR,25,,US0130911037,ACI,,87146335.08970714,
NEWT,Newtek Business,Unknown,USA,EUR,25,,US6525262035,NEWT,,1790125.1309841492,
TFC,Truist Financial,Unknown,USA,EUR,25,,US89832Q1094,TFC,,294530502.3588419,
JBHT,JB Hunt,Unknown,USA,EUR,25,,US4456581077,JBHT,,143990632.2835248,
CNR,Core Natural Resources,Unknown,USA,EUR,25,,US2189371006,CNR,,51772982.670978546,
PRLB,Proto Labs,Unknown,USA,EUR,25,,US7437131094,PRLB,,7047658.965766387,
HST,Host Hotels & Resorts,Unknown,USA,EUR,25,,US44107P1049,HST,,112651827.25218865,
TFX,Teleflex,Unknown,USA,EUR,25,,US8793691069,TFX,,69771736.14528464,
CVGI,Commercial Vehicle Group,Unknown,USA,EUR,25,,US2026081057,CVGI,,440679.15398487274,
ABM,ABM Industries,Unknown,USA,EUR,25,,US0009571003,ABM,,17522864.974381767,
HEI-A,HEICO,Unknown,USA,EUR,25,,US4228062083,HEI-A,,43566569.87964208,
OVID,Ovid Therapeutics,Unknown,USA,EUR,25,,US6904691010,OVID,,514163.189299356,
HWKN,Hawkins,Unknown,USA,EUR,25,,US4202611095,HWKN,,14944594.381739266,
CWH,Camping World Holdings,Unknown,USA,EUR,25,,US13462K1097,CWH,,22611721.160650242,
HBAN,Huntington Bancshares,Unknown,USA,EUR,25,,US4461501045,HBAN,,301654109.5477601,
YETI,YETI Holdings,Unknown,USA,EUR,25,,US98585X1046,YETI,,51487247.074869156,
UDR,UDR,Unknown,USA,EUR,25,,US9026531049,UDR,,82154826.78848037,
BIO,Bio-Rad Laboratories,Unknown,USA,EUR,25,,US0905722072,BIO,,59777863.99595122,
INTC.NE,Intel CDR,Unknown,USA,EUR,25,,CA45828A1021,INTC.NE,,1853080.3681226429,
CPK,Chesapeake Utilities,Unknown,USA,EUR,25,,US1653031088,CPK,,11828729.821103465,
PHUN,Phunware,Unknown,USA,EUR,25,,US71948P2092,PHUN,,588462.3807807148,
CRMD,CorMedix,Unknown,USA,EUR,25,,US21900C3088,CRMD,,10951807.339301314,
WK,Workiva,Unknown,USA,EUR,25,,US98139A1051,WK,,40669379.709278785,
FOX,Fox Corporation,Unknown,USA,EUR,25,,US35137L2043,FOX,,50015509.649422675,
DXC,DXC Technology,Unknown,USA,EUR,25,,US23355L1061,DXC,,22818050.275198855,
MCY,Mercury General,Unknown,USA,EUR,25,,US5894001008,MCY,,16146259.349718403,
SANM,Sanmina,Unknown,USA,EUR,25,,US8010561020,SANM,,48254399.66980003,
KAI,Kadant,Unknown,USA,EUR,25,,US48282T1043,KAI,,32288814.3830487,
FTV,Fortive,Unknown,USA,EUR,25,,US34959J1088,FTV,,152619769.31499958,
VC,Visteon,Unknown,USA,EUR,25,,US92839U2069,VC,,30539225.361699842,
PVH,PVH,Unknown,USA,EUR,25,,US6936561009,PVH,,64426544.379215375,
DGII,Digi International,Unknown,USA,EUR,25,,US2537981027,DGII,,6215248.518382661,
PD,PagerDuty,Unknown,USA,EUR,25,,US69553P1003,PD,,18420914.078268062,
CPRI,Capri Holdings,Unknown,USA,EUR,25,,VGG1890L1076,CPRI,,47395251.462709114,
AIP,Arteris,Unknown,USA,EUR,25,,US04302A1043,AIP,,3478463.0093229157,
RVTY,Revvity,Unknown,USA,EUR,25,,US7140461093,RVTY,,91858321.97021136,
VCYT,Veracyte,Unknown,USA,EUR,25,,US92337F1075,VCYT,,25656486.155226506,
SYRE,Spyre Therapeutics,Unknown,USA,EUR,25,,US00773J2024,SYRE,,12521736.759792594,
CDW,CDW,Unknown,USA,EUR,25,,US12514G1085,CDW,,174134625.4932324,
EVR,Evercore,Unknown,USA,EUR,25,,US29977A1051,EVR,,107884897.45440169,
TRUP,Trupanion,Unknown,USA,EUR,25,,US8982021060,TRUP,,16553710.048685182,
EXPD,Expeditors,Unknown,USA,EUR,25,,US3021301094,EXPD,,124542825.67142677,
GOOG.TO,Alphabet (CDR),Unknown,USA,EUR,25,,CA02080K1049,GOOG.TO,,5198311.382987194,
RXT,Rackspace Technology,Unknown,USA,EUR,25,,US7501021056,RXT,,1414259.0782245619,
CVSA,Adtalem Global Education,Unknown,USA,EUR,25,,US00737L1035,CVSA,,34738998.042521894,
LH,Labcorp Holdings,Unknown,USA,EUR,25,,US5049221055,LH,,130372840.3205149,
LUV,Southwest Airlines,Unknown,USA,EUR,25,,US8447411088,LUV,,252330949.94531673,
CSW,CSW Industrials,Unknown,USA,EUR,25,,US1264021064,CSW,,31634244.151750058,
TWI,Titan,Unknown,USA,EUR,25,,US88830M1027,TWI,,3927673.884381773,
VISN,CommScope Holding Company,Unknown,USA,EUR,25,,US20337X1090,VISN,,17960832.847577002,
RGA,Reinsurance Group of America,Unknown,USA,EUR,25,,US7593516047,RGA,,63844984.39147125,
PRMB,Primo Brands,Unknown,USA,EUR,25,,US7416231022,PRMB,,77537166.62575026,
SYF,Synchrony,Unknown,USA,EUR,25,,US87165B1035,SYF,,196997093.5416214,
MUSA,Murphy USA,Unknown,USA,EUR,25,,US6267551025,MUSA,,97036690.56153491,
GAP,GAP,Unknown,USA,EUR,25,,US3647601083,GAP,,139197435.3697778,
BOX,Box,Unknown,USA,EUR,25,,US10316T1043,BOX,,45835103.51985593,
R,Ryder System,Unknown,USA,EUR,25,,US7835491082,R,,47067787.018305674,
TRIP,TripAdvisor,Unknown,USA,EUR,25,,US8969452015,TRIP,,31008520.932241946,
EHC,Encompass Health,Unknown,USA,EUR,25,,US29261A1007,EHC,,68392171.53079817,
MHO,M/I Homes,Unknown,USA,EUR,25,,US55305B1017,MHO,,28957712.655356467,
AHR,American Healthcare REIT,Unknown,USA,EUR,25,,US3981823038,AHR,,50749635.987691075,
TPB,Turning Point,Unknown,USA,EUR,25,,US90041L1052,TPB,,17550413.053855985,
MTB,M&T Bank,Unknown,USA,EUR,25,,US55261F1049,MTB,,172811665.46433878,
UPBD,Rent-A-Center,Unknown,USA,EUR,25,,US76009N1000,UPBD,,11462447.434530344,
FCN,FTI Consulting,Unknown,USA,EUR,25,,US3029411093,FCN,,43278313.399917826,
GFF,Griffon,Unknown,USA,EUR,25,,US3984331021,GFF,,21935023.86742676,
DJT,Trump Media & Tech.Group,Unknown,USA,EUR,25,,US25400Q1058,DJT,,87563170.91899037,
SITC,SITE Centers Corp.,Unknown,USA,EUR,25,,US82981J8514,SITC,,5635662.361903278,
DIN,Dine Brands Global,Unknown,USA,EUR,25,,US2544231069,DIN,,11488215.430105772,
CCC,CCC Intelligent Solutions,Unknown,USA,EUR,25,,US12510Q1004,CCC,,44320715.86601463,
CMTL,Comtech Telecommunications,Unknown,USA,EUR,25,,US2058262096,CMTL,,715802.1636719698,
GMD.AX,Genesis Minerals,Unknown,USA,EUR,25,,AU000000GMD9,GMD.AX,,10863252.87086246,
CRBG,Corebridge Financial,Unknown,USA,EUR,25,,US21871X1090,CRBG,,86434591.32922614,
DDS,Dillard's,Unknown,USA,EUR,25,,US2540671011,DDS,,50016303.53067021,
AMPY,Amplify Energy,Unknown,USA,EUR,25,,US03212B1035,AMPY,,2356289.968768914,
PNW,Pinnacle West Capital,Unknown,USA,EUR,25,,US7234841010,PNW,,85988567.80971892,
UNIT,Uniti Group,Unknown,USA,EUR,25,,US9129321009,UNIT,,11754815.569406798,
VSTS,Vestis,Unknown,USA,EUR,25,,US29430C1027,VSTS,,12679073.560100205,
TTEC,TTEC Holdings,Unknown,USA,EUR,25,,US89854H1023,TTEC,,1122687.6635792411,
FLG,Flagstar Financial,Unknown,USA,EUR,25,,US6494454001,FLG,,53346881.59692377,
GL,Globe Life,Unknown,USA,EUR,25,,US37959E1029,GL,,63987999.53623964,
GHC,Graham,Unknown,USA,EUR,25,,US3846371041,GHC,,16678613.203510478,
AEE,Ameren,Unknown,USA,EUR,25,,US0236081024,AEE,,130523851.57894675,
PFG,Principal Financial Group,Unknown,USA,EUR,25,,US74251V1026,PFG,,86885146.7745314,
WLY,John Wiley & Sons,Unknown,USA,EUR,25,,US9682232064,WLY,,13576247.125921328,
NJR,New Jersey Resources,Unknown,USA,EUR,25,,US6460251068,NJR,,21506177.033032477,
TBLA,Taboola Com ,Unknown,USA,EUR,25,,IL0011754137,TBLA,,4029014.6495115967,
NSIT,Insight Enterprises,Unknown,USA,EUR,25,,US45765U1034,NSIT,,35722893.15538231,
TFSL,TFS Financial,Unknown,USA,EUR,25,,US87240R1077,TFSL,,3910549.049371807,
TDAY,Gannett,Unknown,USA,EUR,25,,US36472T1097,TDAY,,5684452.02683232,
NVGS,Navigator Holdings,Unknown,USA,EUR,25,,MHY621321089,NVGS,,3834270.5170495203,
WPP,WPP (ADR),Unknown,USA,EUR,25,,US92937A1025,WPP,,7964403.116821308,
EVH,Evolent Health,Unknown,USA,EUR,25,,US30050B1017,EVH,,17489735.747536927,
ALIV-SDB.ST,Autoliv,Unknown,USA,EUR,25,,SE0021309614,ALIV-SDB.ST,,6104156.8651218,
TDC,TeraData,Unknown,USA,EUR,25,,US88076W1036,TDC,,24701424.299059235,
CCS,Century Communities,Unknown,USA,EUR,25,,US1565043007,CCS,,18135322.342654176,
AMPL,Amplitude,Unknown,USA,EUR,25,,US03213A1043,AMPL,,9733905.465984581,
BTE.TO,Baytex Energy,Unknown,USA,EUR,25,,CA07317Q1054,BTE.TO,,12003862.82366606,
CRBP,Corbus Pharmaceutic,Unknown,USA,EUR,25,,US21833P3010,CRBP,,2133866.870553561,
AGYS,Agilysys,Unknown,USA,EUR,25,,US00847J1051,AGYS,,20015318.481603257,
NCDL,Nuveen Churchill Dir.Lend.,Unknown,USA,EUR,25,,US67090S1087,NCDL,,2258369.0980957774,
RUM,Rumble,Unknown,USA,EUR,25,,US78137L1052,RUM,,15228769.22416268,
MAC,Macerich,Unknown,USA,EUR,25,,US5543821012,MAC,,26842474.716627743,
AYI,Acuity Brands,Unknown,USA,EUR,25,,US00508Y1029,AYI,,75712110.07413599,
BC,Brunswick,Unknown,USA,EUR,25,,US1170431092,BC,,42549379.10081201,
CLDX,Celldex Therapeutics,Unknown,USA,EUR,25,,US15117B2025,CLDX,,19245415.244197026,
RJF,Raymond James,Unknown,USA,EUR,25,,US7547301090,RJF,,156046446.56321585,
NBPE.L,NB Private Equity Partners,Unknown,UK,EUR,25,,GG00B1ZBD492,NBPE.L,,748276.1954719548,
FHN,First Horizon,Unknown,USA,EUR,25,,US3205171057,FHN,,102402814.22913262,
FBIN,Fortune Home & Security,Unknown,USA,EUR,25,,US34964C1062,FBIN,,79008051.76919165,
AAP,Advance Auto Parts,Unknown,USA,EUR,25,,US00751Y1064,AAP,,77936606.5266785,
BOOT,Boot Barn Holdings,Unknown,USA,EUR,25,,US0994061002,BOOT,,87043901.43839276,
LAKE,Lakeland Industries,Unknown,USA,EUR,25,,US5117951062,LAKE,,1056230.5532106627,
KMX,CarMax,Unknown,USA,EUR,25,,US1431301027,KMX,,130719237.62051564,
SSD,Simpson Manufacturing,Unknown,USA,EUR,25,,US8290731053,SSD,,37558615.08835409,
MATV,Mativ,Unknown,USA,EUR,25,,US8085411069,MATV,,3457708.800459286,
TRAK,Repositrak,Unknown,USA,EUR,25,,US7002153044,TRAK,,754366.9735590504,
AMZN.TO,Amazon (CDR),Unknown,USA,EUR,25,,CA02315E1051,AMZN.TO,,4349514.243969725,
NAGE,ChromaDex,Unknown,USA,EUR,25,,US1710774076,NAGE,,3967034.5230707964,
BRX,Brixmor Property Group,Unknown,USA,EUR,25,,US11120U1051,BRX,,51226352.30770236,
FCNCA,First Citizens,Unknown,USA,EUR,25,,US31946M1036,FCNCA,,146698716.6653548,
NAVI,Navient,Unknown,USA,EUR,25,,US63938C1080,NAVI,,7754501.401740905,
BLTE,Belite Bio (ADR),Unknown,USA,EUR,25,,US07782B1044,BLTE,,3718271.607297723,
PBI,Pitney Bowes,Unknown,USA,EUR,25,,US7244791007,PBI,,18605945.2165029,
KBDC,Kayne Anderson BDC,Unknown,USA,EUR,25,,US48662X1054,KBDC,,1996959.1014566114,
LGIH,LGI Homes,Unknown,USA,EUR,25,,US50187T1060,LGIH,,16327400.151759027,
SAM,The Boston Beer Company,Unknown,USA,EUR,25,,US1005571070,SAM,,34800015.39987582,
CHE,Chemed,Unknown,USA,EUR,25,,US16359R1032,CHE,,59490764.75106011,
USLM,US Lime & Minerals,Unknown,USA,EUR,25,,US9119221029,USLM,,9836773.292247016,
VNO,Vornado Realty,Unknown,USA,EUR,25,,US9290421091,VNO,,47004304.239675656,
SAFE,Safehold,Unknown,USA,EUR,25,,US78646V1070,SAFE,,5055584.361712469,
TBN,Tamboran Resources,Unknown,USA,EUR,25,,US87507T1016,TBN,,613607.0652193078,
HVT,Haverty Furniture,Unknown,USA,EUR,25,,US4195961010,HVT,,2090617.921254741,
APOG,Apogee Enterprises,Unknown,USA,EUR,25,,US0375981091,APOG,,7076566.876315973,
CRC,California Resources,Unknown,USA,EUR,25,,US13057Q3056,CRC,,31960462.6086322,
MSFT.NE,Microsoft (CDR),Unknown,USA,EUR,25,,CA59516M1041,MSFT.NE,,3870962.546151614,
CNS,Cohen & Steers,Unknown,USA,EUR,25,,US19247A1007,CNS,,14973704.327505989,
PDX,Pimco Energy+Tact.Cred.Opps Fd,Unknown,USA,EUR,25,,US69346N1072,PDX,,1509243.2353331605,
MTW,Manitowoc,Unknown,USA,EUR,25,,US5635714059,MTW,,2331235.9058328606,
TK,Teekay,Unknown,USA,EUR,25,,BMG8726T1053,TK,,4185318.6855965387,
MGEE,MGE Energy,Unknown,USA,EUR,25,,US55277P1049,MGEE,,9454849.547863323,
GPI,Group 1 Automotive,Unknown,USA,EUR,25,,US3989051095,GPI,,50624013.95410609,
RYZ,Ryerson Holding,Unknown,USA,EUR,25,,US7837541041,RYZ,,5374145.448467115,
URBN,Urban Outfitters,Unknown,USA,EUR,25,,US9170471026,URBN,,88766421.33575636,
PRDO,Perdoceo Education,Unknown,USA,EUR,25,,US71363P1066,PRDO,,13316485.662397008,
OLLI,Ollie's Bargain Outlet,Unknown,USA,EUR,25,,US6811161099,OLLI,,105657702.68144087,
DAN,Dana,Unknown,USA,EUR,25,,US2358252052,DAN,,26088230.226049136,
INTA,Intapp,Unknown,USA,EUR,25,,US45827U1097,INTA,,25107165.80289115,
TREX,Trex,Unknown,USA,EUR,25,,US89531P1057,TREX,,70629182.2234286,
CBRL,Cracker Barrel Old,Unknown,USA,EUR,25,,US22410J1060,CBRL,,34099531.313562855,
MTX,Minerals Technologies,Unknown,USA,EUR,25,,US6031581068,MTX,,10555396.835242832,
REG,Regency Centers,Unknown,USA,EUR,25,,US7588491032,REG,,66306066.8318412,
BGC,BGC Group,Unknown,USA,EUR,25,,US0889291045,BGC,,22227063.972055934,
NPSNY,Naspers (ADR),Unknown,USA,EUR,25,,US6315122092,NPSNY,,1280852.282067682,
CNP,CenterPoint Energy,Unknown,USA,EUR,25,,US15189T1079,CNP,,153792722.5072543,
USPH,US Physical Therapy,Unknown,USA,EUR,25,,US90337L1089,USPH,,9414626.123377196,
VTSI,VirTra,Unknown,USA,EUR,25,,US92827K3014,VTSI,,283670.8735371167,
CBKD.IL,Commercial International Bank Egypt (GDR),Unknown,USA,EUR,25,,US2017122050,CBKD.IL,,1415682.6484454926,
KBH,KB Home,Unknown,USA,EUR,25,,US48666K1097,KBH,,62026398.86769289,
RDF.JO,Redefine Properties,Unknown,USA,EUR,25,,ZAE000190252,RDF.JO,,4959103008.564041,
PFSI,PennyMac Financial,Unknown,USA,EUR,25,,US70932M1071,PFSI,,31526309.940382168,
XHR,Xenia Hotels & Resorts,Unknown,USA,EUR,25,,US9840171030,XHR,,8923565.866007004,
CNX,CNX Resources Corporation,Unknown,USA,EUR,25,,US12653C1080,CNX,,62269249.01917093,
MCRI,Monarch Casino & Resort,Unknown,USA,EUR,25,,US6090271072,MCRI,,7136472.080774119,
IMKTA,Ingles Markets,Unknown,USA,EUR,25,,US4570301048,IMKTA,,7089129.200520591,
PHR,Phreesia,Unknown,USA,EUR,25,,US71944F1066,PHR,,10934365.46810212,
DNTH,Dianthus Therapeutics,Unknown,USA,EUR,25,,US2528281080,DNTH,,7692937.301524688,
OXM,Oxford Industries,Unknown,USA,EUR,25,,US6914973093,OXM,,15441429.086569507,
MFIN,Medallion Financial,Unknown,USA,EUR,25,,US5839281061,MFIN,,337950.66760607634,
ADT,ADT,Unknown,USA,EUR,25,,US00090Q1031,ADT,,50313873.38208522,
IBTA,Ibotta,Unknown,USA,EUR,25,,US4510511060,IBTA,,9221433.893422943,
NSA,Nat.Storage Affiliates Trust,Unknown,USA,EUR,25,,US6378701063,NSA,,25499683.3952013,
OUT,Outfront Media,Unknown,USA,EUR,25,,US69007J3041,OUT,,24179497.56906425,
PTEN,Patterson-UTI Energy,Unknown,USA,EUR,25,,US7034811015,PTEN,,61626361.21948004,
SKYW,SkyWest,Unknown,USA,EUR,25,,US8308791024,SKYW,,27788181.952146977,
AMR,ALPHA METALLURGICAL,Unknown,USA,EUR,25,,US0207641061,AMR,,37340881.27757132,
QDEL,QuidelOrtho,Unknown,USA,EUR,25,,US2197981051,QDEL,,27655633.91004974,
ALGT,Allegiant Travel,Unknown,USA,EUR,25,,US01748X1028,ALGT,,23889576.179331295,
PAYO,Payoneer Global,Unknown,USA,EUR,25,,US70451X1046,PAYO,,16577009.305215562,
MTG,MGIC Investment,Unknown,USA,EUR,25,,US5528481030,MTG,,38295371.70448898,
FLGT,Fulgent Genetics,Unknown,USA,EUR,25,,US3596641098,FLGT,,4531364.556699624,
SAH,Sonic Automotive,Unknown,USA,EUR,25,,US83545G1022,SAH,,11419647.098585568,
COLL,Collegium Pharmaceutical,Unknown,USA,EUR,25,,US19459J1043,COLL,,11366244.661725488,
SPB,Spectrum Brands,Unknown,USA,EUR,25,,US84790A1051,SPB,,23016067.209436733,
ALKT,Alkami Technology,Unknown,USA,EUR,25,,US01644J1088,ALKT,,22355304.32712622,
KTB,Kontoor Brands,Unknown,USA,EUR,25,,US50050N1037,KTB,,35739443.80293074,
NWSA,News,Unknown,USA,EUR,25,,US65249B1098,NWSA,,73930114.3624895,
SWX,Southwest Gas Holdings,Unknown,USA,EUR,25,,US8448951025,SWX,,25196621.84595258,
CCO,Clear Channel Outdoor Holdings,Unknown,USA,EUR,25,,US18453H1068,CCO,,2650023.9753069323,
LAZ,Lazard,Unknown,USA,EUR,25,,US52110M1099,LAZ,,38557774.95878828,
TUSK,Mammoth Energy Services,Unknown,USA,EUR,25,,US56155L1089,TUSK,,288609.2036622941,
WEX,WEX,Unknown,USA,EUR,25,,US96208T1043,WEX,,59795127.17601736,
LXP,LXP Industrial Trust,Unknown,USA,EUR,25,,US5290434084,LXP,,18886327.51337724,
NEOG,Neogen,Unknown,USA,EUR,25,,US6404911066,NEOG,,21778585.86359245,
WOOF,Petco Health & Wellness,Unknown,USA,EUR,25,,US71601V1052,WOOF,,8093893.630955621,
AD,United States Cellular,Unknown,USA,EUR,25,,US9116841084,AD,,4911081.842545832,
BJRI,BJ's Restaurants,Unknown,USA,EUR,25,,US09180C1062,BJRI,,11994266.066473335,
KWR,Quaker Chemical,Unknown,USA,EUR,25,,US7473161070,KWR,,16251936.89190754,
AN,AutoNation,Unknown,USA,EUR,25,,US05329W1027,AN,,67925562.03847963,
SGRY,Surgery Partners,Unknown,USA,EUR,25,,US86881A1007,SGRY,,20374677.531105332,
ACT,Enact,Unknown,USA,EUR,25,,US29249E1091,ACT,,9269629.216398265,
MBC,MasterBrand,Unknown,USA,EUR,25,,US57638P1049,MBC,,13390177.394664995,
MAGN,Magnera,Unknown,USA,EUR,25,,US55939A1079,MAGN,,5136795.655618057,
NATL,NCR Atleos,Unknown,USA,EUR,25,,US63001N1063,NATL,,12818497.38663657,
GRNT,Granite Ridge Resources,Unknown,USA,EUR,25,,US3874321074,GRNT,,2300669.5229783105,
VRA,Vera Bradley,Unknown,USA,EUR,25,,US92335C1062,VRA,,623691.0672729581,
CABO,Cable One,Unknown,USA,EUR,25,,US12685J1051,CABO,,20063613.946304433,
KELYA,Kelly Services,Unknown,USA,EUR,25,,US4881522084,KELYA,,3323649.3489478594,
HOV,Hovnanian Enterprises,Unknown,USA,EUR,25,,US4424874018,HOV,,10693105.085098032,
INGM,Ingram Micro Holdings,Unknown,USA,EUR,25,,US4571521065,INGM,,6511965.728621945,
360.AX,Life360,Unknown,USA,EUR,25,,AU0000045098,360.AX,,13632209.074471142,
RXO,RXO,Unknown,USA,EUR,25,,US74982T1034,RXO,,23528141.486475367,
YELP,Yelp,Unknown,USA,EUR,25,,US9858171054,YELP,,23469166.03883189,
CRGY,CRESCENT,Unknown,USA,EUR,25,,US44952J1043,CRGY,,33648450.0470888,
PEB,Pebblebrook Hotel,Unknown,USA,EUR,25,,US70509V1008,PEB,,20527342.30569168,
BCBP,BCB Bancorp,Unknown,USA,EUR,25,,US0552981039,BCBP,,505822.0197249175,
PIPR,Piper Sandler,Unknown,USA,EUR,25,,US7240782091,PIPR,,33508552.295123894,
CCOI,COGENT COMMUNICATION,Unknown,USA,EUR,25,,US19239V3024,CCOI,,24400843.678801022,
BG,Bunge Global,Unknown,USA,EUR,25,,CH1300646267,BG,,123041459.86438012,
SLB,Schlumberger,Unknown,USA,EUR,25,,AN8068571086,SLB,,486563512.056192,
RMD.AX,ResMed (CDI),Unknown,USA,EUR,25,,AU000000RMD6,RMD.AX,,22371374.273079917,
WQG.AX,WCM Global Growth,Unknown,Australia,EUR,25,,AU0000017071,WQG.AX,,186964.5649691476,
IPX.AX,IperionX Limited,Unknown,USA,EUR,25,,AU0000208910,IPX.AX,,3179623.5982067846,
LNW.AX,Light & Wonder,Unknown,USA,EUR,25,,AU0000278103,LNW.AX,,15177999.694478039,
NEM.AX,Newmont,Unknown,USA,EUR,25,,AU0000297962,NEM.AX,,25786990.96304149,
AAI.AX,Alcoa,Unknown,USA,EUR,25,,AU0000339426,AAI.AX,,5383746.947372421,
XYZ.AX,Block,Unknown,USA,EUR,25,,AU0000380420,XYZ.AX,,10736375.76063994,
IVZ,Invesco,Unknown,USA,EUR,25,,BMG491BT1088,IVZ,,73608716.4250064,
GDRZF,Gold Reserve,Unknown,USA,EUR,25,,BMG4R86G1074,GDRZF,,102631.37688332054,
NBR,Nabors Industries,Unknown,USA,EUR,25,,BMG6359F1370,NBR,,17961605.602527812,
LILA,Liberty Latin America,Unknown,USA,EUR,25,,BMG9001E1021,LILA,,2157989.245948991,
TEN,Tsakos Energy,Unknown,USA,EUR,25,,BMG9108L1735,TEN,,5489821.202599628,
ASCU.TO,Arizona Sonoran Copper,Unknown,USA,EUR,25,,CA04058Q1054,ASCU.TO,,309039.8539738329,
DGXX,Digi Power X,Unknown,USA,EUR,25,,CA25380B1022,DGXX,,2107092.207977922,
EU.V,enCore Energy Corp,Unknown,USA,EUR,25,,CA29259W7008,EU.V,,567164.5448498868,
GLASF,Glass House Brands,Unknown,USA,EUR,25,,CA3771304068,GLASF,,815881.0488592391,
ASA,ASA Gold&Precious,Unknown,USA,EUR,25,,BMG3156P1032,ASA,,2184109.46262212,
AOSL,Alpha & Omega Semiconductor,Unknown,USA,EUR,25,,BMG6331P1041,AOSL,,7814634.146121465,
HELP,Cybin,Unknown,USA,EUR,25,,CA23256X4075,HELP,,2291234.404556824,
IAU.TO,I-80 Gold,Unknown,USA,EUR,25,,CA44955L1067,IAU.TO,,617300.8583327571,
NURS.V,Hydreight Technologies,Unknown,USA,EUR,25,,CA44877L1013,NURS.V,,157899.80266152706,
HYFT,MindWalk Holdings,Unknown,USA,EUR,25,,CA6026871054,HYFT,,312763.4424454253,
1672.HK,Ascletis Pharma,Unknown,USA,EUR,25,,KYG0520K1094,1672.HK,,3109995.4916573497,
GFS,GlobalFoundries,Unknown,USA,EUR,25,,KYG393871085,GFS,,75000057.7499058,
BPOP,Popular,Unknown,USA,EUR,25,,PR7331747001,BPOP,,48500633.003004715,
AFCG,AFC Gamma,Unknown,USA,EUR,25,,US00109K1051,AFCG,,776614.7097813872,
AZZ,AZZ,Unknown,USA,EUR,25,,US0024741045,AZZ,,18328720.0739383,
ACRS,Aclaris Therapeutics,Unknown,USA,EUR,25,,US00461U1051,ACRS,,1677625.043136692,
ADTN,Adtran,Unknown,USA,EUR,25,,US00486H1059,ADTN,,7824229.331154482,
ACR,Acres Comercial Realty,Unknown,USA,EUR,25,,US00489Q1022,ACR,,353764.2550806768,
A,Agilent Technologies,Unknown,USA,EUR,25,,US00846U1016,A,,202105996.76863575,
DOMH,Aikido Pharma,Unknown,USA,EUR,25,,US0088753043,DOMH,,439947.5374932048,
ALDX,Aldeyra Therapeutics,Unknown,USA,EUR,25,,US01438T1060,ALDX,,2598407.454115455,
APT,Alpha Pro Tech,Unknown,USA,EUR,25,,US0207721095,APT,,104973.05885034727,
ATEC,Alphatec,Unknown,USA,EUR,25,,US02081G2012,ATEC,,19229406.697603285,
ALTG,Alta Equipment Group,Unknown,USA,EUR,25,,US02128L1061,ALTG,,1231983.9463137253,
ALTO,Alto Ingredients,Unknown,USA,EUR,25,,US0215131063,ALTO,,747498.8781496789,
AFG,American Financial Group,Unknown,USA,EUR,25,,US0259321042,AFG,,45925936.1483312,
ATEX,Anterix,Unknown,USA,EUR,25,,US03676C1009,ATEX,,4449486.929167928,
APA,Apa,Unknown,USA,EUR,25,,US03743Q1085,APA,,130179307.7079093,
AIV,Apartment Investment & Management,Unknown,USA,EUR,25,,US03748R7474,AIV,,3042979.3471444105,
APYX,Apyx Medical,Unknown,USA,EUR,25,,US03837C1062,APYX,,102875.50878150959,
ARRY,Array Technologies,Unknown,USA,EUR,25,,US04271T1007,ARRY,,36943435.86244028,
BNY,Bank of New York Mellon,Unknown,USA,EUR,25,,US0640581007,BNY,,299115388.06189394,
BNED,Barnes & Noble Education,Unknown,USA,EUR,25,,US06777U2006,BNED,,2363906.5933570536,
BIOA,Bioage Labs,Unknown,USA,EUR,25,,US09077V1008,BIOA,,2324926.6531039253,
BRZE,Braze,Unknown,USA,EUR,25,,US10576N1028,BRZE,,39926969.05412452,
ATLX,Atlas Lithium,Unknown,USA,EUR,25,,US1058613068,ATLX,,1152681.1066864175,
BR,Broadridge Financial Solutions,Unknown,USA,EUR,25,,US11133T1034,BR,,120391807.65481448,
BNL,Broadstone Net Lease,Unknown,USA,EUR,25,,US11135E2037,BNL,,19936154.43915952,
BF-A,Brown-Forman (A),Unknown,USA,EUR,25,,US1156371007,BF-A,,3704776.890487466,
CBL,CBL & Associates Properties,Unknown,USA,EUR,25,,US1248308785,CBL,,3366036.6810841346,
CCNE,CNB Financial,Unknown,USA,EUR,25,,US1261281075,CCNE,,1989939.9859036563,
CDZI,Cadiz,Unknown,USA,EUR,25,,US1275372076,CDZI,,1764342.821095465,
CTRE,CareTrust REIT,Unknown,USA,EUR,25,,US14174T1079,CTRE,,47723664.261099815,
AMPH,Amphastar Pharmaceuticals,Unknown,USA,EUR,25,,US03209R1032,AMPH,,11229226.239736753,
AOMR,Angel Oak Mortgage,Unknown,USA,EUR,25,,US03464Y1082,AOMR,,652681.1263926526,
ANGO,AngioDynamics,Unknown,USA,EUR,25,,US03475V1017,ANGO,,3493888.682527935,
ASH,Ashland,Unknown,USA,EUR,25,,US0441861046,ASH,,30708163.08501411,
ASMB,Assembly Biosciences,Unknown,USA,EUR,25,,US0453962070,ASMB,,877033.0360423799,
ASB,Associated Banc-Corp,Unknown,USA,EUR,25,,US0454871056,ASB,,33951854.07908623,
AIZ,Assurant,Unknown,USA,EUR,25,,US04621X1081,AIZ,,65406252.6606091,
BKV,BKV,Unknown,USA,EUR,25,,US05603J1088,BKV,,10492408.232940992,
BCSF,Bain Capital Specialty Finance,Unknown,USA,EUR,25,,US05684B1070,BCSF,,3239413.9467554055,
BAND,Bandwidth,Unknown,USA,EUR,25,,US05988J1034,BAND,,3615322.9897077726,
BFC,Bank First,Unknown,USA,EUR,25,,US06211J1007,BFC,,5270448.709312543,
BODI,Beachbody Company,Unknown,USA,EUR,25,,US0734633094,BODI,,104170.78396361475,
BRBR,BellRing Brands (SPAC),Unknown,USA,EUR,25,,US07831C1036,BRBR,,70943179.49890183,
BBT,Berkshire Hills Bancorp,Unknown,USA,EUR,25,,US0846801076,BBT,,11857632.739193253,
BH,Biglari Holdings,Unknown,USA,EUR,25,,US08986R3093,BH,,3692334.4638628317,
BMRN,Biomarin,Unknown,USA,EUR,25,,US09061G1013,BMRN,,94655906.4099336,
BLBD,Blue Bird,Unknown,USA,EUR,25,,US0953061068,BLBD,,20186132.443579316,
AAMI,BrightSphere Investment Group,Unknown,USA,EUR,25,,US10948W1036,AAMI,,7133726.791924042,
EAT,Brinker International,Unknown,USA,EUR,25,,US1096411004,EAT,,148731532.89878798,
PMTS,CPI Card Group,Unknown,USA,EUR,25,,US12634H2004,PMTS,,632528.0783312093,
CPT,Camden Property Trust,Unknown,USA,EUR,25,,US1331311027,CPT,,87569069.94835642,
CBNK,Capital Bancorp,Unknown,USA,EUR,25,,US1397371006,CBNK,,1203939.0454745134,
CDLX,Cardlytics,Unknown,USA,EUR,25,,US14161W3034,CDLX,,1559674.0612388407,
CCLD,CareCloud,Unknown,USA,EUR,25,,US14167R1005,CCLD,,609813.5188336989,
CARE,Carter Bankshares,Unknown,USA,EUR,25,,US1461031064,CARE,,1248974.5973516954,
CELC,Celcuity,Unknown,USA,EUR,25,,US15102K1007,CELC,,9319966.199292317,
IMNN,Imunon,Unknown,USA,EUR,25,,US15117N7012,IMNN,,145531.05529154424,
CSR,Centerspace,Unknown,USA,EUR,25,,US15202L1070,CSR,,5510048.545122354,
CNTA,Centessa Pharmaceuticals (ADR),Unknown,USA,EUR,25,,US1523091007,CNTA,,13685680.052459609,
CET,Central Securities,Unknown,USA,EUR,25,,US1551231020,CET,,1109755.5084221035,
LEU,Centrus Energy (A),Unknown,USA,EUR,25,,US15643U1043,LEU,,123409867.3586895,
CNTY,Century Casinos,Unknown,USA,EUR,25,,US1564921005,CNTY,,115987.22066949279,
CRNC,Cerence,Unknown,USA,EUR,25,,US1567271093,CRNC,,8546318.661945868,
CERT,Certara,Unknown,USA,EUR,25,,US15687V1098,CERT,,15179678.747876428,
CRVO,CervoMed,Unknown,USA,EUR,25,,US15713L1098,CRVO,,636571.5184156925,
CHPT,ChargePoint,Unknown,USA,EUR,25,,US15961R3030,CHPT,,6891860.646646971,
CIM,Chimera Investment,Unknown,USA,EUR,25,,US16934Q8024,CIM,,6194501.502127914,
CHH,Choice Hotels International,Unknown,USA,EUR,25,,US1699051066,CHH,,48483600.47811504,
CHDN,Churchill Downs,Unknown,USA,EUR,25,,US1714841087,CHDN,,59682141.91052404,
CINF,Cincinnati Financial,Unknown,USA,EUR,25,,US1720621010,CINF,,74475307.05565341,
CIVB,Civista Bancshares,Unknown,USA,EUR,25,,US1788671071,CIVB,,1111205.3902804395,
CLW,Clearwater Paper,Unknown,USA,EUR,25,,US18538R1032,CLW,,4373390.975860285,
CLOV,Clover Health,Unknown,USA,EUR,25,,US18914F1030,CLOV,,15574196.713559875,
CCB,Coastal Financial Corporation,Unknown,USA,EUR,25,,US19046P2092,CCB,,8072355.718472917,
ENOV,Enovis,Unknown,USA,EUR,25,,US1940145022,ENOV,,24225848.8760197,
CLBK,Columbia Financial,Unknown,USA,EUR,25,,US1976411033,CLBK,,1532964.391106148,
CMC,Commercial Metals Company,Unknown,USA,EUR,25,,US2017231034,CMC,,47424885.33518414,
CVLT,CommVault Systems,Unknown,USA,EUR,25,,US2041661024,CVLT,,65649541.859898895,
PKBK,Parke Bancorp,Unknown,USA,EUR,25,,US7008851062,PKBK,,443711.0484234245,
PSNL,Personalis,Unknown,USA,EUR,25,,US71535D1063,PSNL,,5446474.1854335405,
PHIN,PHINIA,Unknown,USA,EUR,25,,US71880K1016,PHIN,,19732850.12834014,
POR,Portland General Electric,Unknown,USA,EUR,25,,US7365088472,POR,,41192699.816254884,
PSTL,Postal Realty,Unknown,USA,EUR,25,,US73757R1023,PSTL,,1885068.9202960287,
POWL,Powell Industries,Unknown,USA,EUR,25,,US7391281067,POWL,,74827373.791284,
AIOT,PowerFleet,Unknown,USA,EUR,25,,US73931J1097,AIOT,,5300391.9718567915,
PDEX,Pro-Dex,Unknown,USA,EUR,25,,US74265M2052,PDEX,,1065381.6820172088,
PRA,ProAssurance,Unknown,USA,EUR,25,,US74267C1062,PRA,,7211475.3219212815,
PRTH,Priority Technology Holdings,Unknown,USA,EUR,25,,US74275G1076,PRTH,,2059267.531407836,
NX,Quanex Building Products,Unknown,USA,EUR,25,,US7476191041,NX,,7592334.27974788,
DGX,Quest Diagnostics,Unknown,USA,EUR,25,,US74834L1008,DGX,,136545240.97866744,
METC,Ramaco Resources,Unknown,USA,EUR,25,,US75134P6007,METC,,13123422.919643901,
PACK,Ranpak Holdings (A),Unknown,USA,EUR,25,,US75321W1036,PACK,,1732945.7937762775,
RMAX,RE/MAX Holdings,Unknown,USA,EUR,25,,US75524W1080,RMAX,,1435876.0254803726,
RDVT,Red Violet,Unknown,USA,EUR,25,,US75704L1044,RDVT,,2993539.138598121,
RGS,Regis Corporation,Unknown,USA,EUR,25,,US7589322061,RGS,,261951.78162530446,
RM,Regional Management,Unknown,USA,EUR,25,,US75902K1060,RM,,1213649.3888022387,
RLMD,Relmada Therapeutics,Unknown,USA,EUR,25,,US75955J4022,RLMD,,485894.0601611898,
RNST,Renasant,Unknown,USA,EUR,25,,US75970E1073,RNST,,16978355.92619685,
RPAY,Repay Holdings,Unknown,USA,EUR,25,,US76029L1008,RPAY,,3940221.4883794626,
RGT,Royce Global Trust,Unknown,USA,EUR,25,,US78081T1043,RGT,,122402.12732976866,
SAFT,Safety Insurance Group,Unknown,USA,EUR,25,,US78648T1007,SAFT,,4184797.513313804,
SENS,Senseonics Holdings,Unknown,USA,EUR,25,,US81727U3032,SENS,,2252194.776004282,
S,SentinelOne,Unknown,USA,EUR,25,,US81730H1095,S,,87141652.30589665,
MCRB,Seres Therapeutics,Unknown,USA,EUR,25,,US81750R2013,MCRB,,905173.2122696571,
SSB,SouthState Bank,Unknown,USA,EUR,25,,US84472E1029,SSB,,55844058.49933595,
SPIR,Spire Global,Unknown,USA,EUR,25,,US8485603067,SPIR,,4622735.651748201,
SYBT,Stock Yards Bancorp,Unknown,USA,EUR,25,,US8610251048,SYBT,,7061449.626554765,
BANX,ArrowMark Financial,Unknown,USA,EUR,25,,US8617801043,BANX,,312489.53498289164,
STRT,Strattec Security,Unknown,USA,EUR,25,,US8631111007,STRT,,2348401.845768687,
STRS,Stratus Properties,Unknown,USA,EUR,25,,US8631672016,STRS,,155925.16245859576,
SLVM,Sylvamo,Unknown,USA,EUR,25,,US8713321029,SLVM,,13996933.333135117,
TPG,TPG,Unknown,USA,EUR,25,,US8726571016,TPG,,70619411.56352034,
TGEN,Tecogen,Unknown,USA,EUR,25,,US87876P2011,TGEN,,910944.079569158,
STKS,One Group Hospitality,Unknown,USA,EUR,25,,US88338K1034,STKS,,164401.73801949678,
TBLD,Thornburg Income Builder Opportunities Trust,Unknown,USA,EUR,25,,US8852131080,TBLD,,1086113.7269532615,
TIPT,Tiptree,Unknown,USA,EUR,25,,US88822Q1031,TIPT,,2485240.1464485475,
TOWN,TowneBank,Unknown,USA,EUR,25,,US89214P1093,TOWN,,8217413.171875832,
TRNS,Transcat,Unknown,USA,EUR,25,,US8935291075,TRNS,,7028893.538257061,
UMBF,UMB Financial,Unknown,USA,EUR,25,,US9027881088,UMBF,,47220093.641924426,
ULBI,Ultralife,Unknown,USA,EUR,25,,US9038991025,ULBI,,303599.3339595619,
VLY,Valley National,Unknown,USA,EUR,25,,US9197941076,VLY,,63110964.05207075,
PCVX,Vaxcyte,Unknown,USA,EUR,25,,US92243G1085,PCVX,,57797121.36183817,
WSFS,WSFS Financial Corporation,Unknown,USA,EUR,25,,US9293281021,WSFS,,15438413.165535353,
WED.V,Westaim,Unknown,USA,EUR,25,,US9569251013,WED.V,,120149.56873755329,
WAL,Western Alliance,Unknown,USA,EUR,25,,US9576381092,WAL,,68905299.10961446,
WEYS,Weyco Group,Unknown,USA,EUR,25,,US9621491003,WEYS,,304203.2338648683,
WSC,WillScot Mobile Mini,Unknown,USA,EUR,25,,US9713781048,WSC,,49418516.91738506,
WTFC,Wintrust Financial,Unknown,USA,EUR,25,,US97650W1080,WTFC,,45250597.20434301,
XPEL,XPEL,Unknown,USA,EUR,25,,US98379L1008,XPEL,,6714325.522753039,
SPRU,Spruce Power Holding,Unknown,USA,EUR,25,,US9837FR2091,SPRU,,121176.62732907402,
XERS,Xeris Biopharma,Unknown,USA,EUR,25,,US98422E1038,XERS,,7944414.839684876,
DOLE,DOLE,Unknown,USA,EUR,25,,IE0003LFZ4U7,DOLE,,8202449.762847282,
WFRD,Weatherford International,Unknown,USA,EUR,25,,IE00BLNN3691,WFRD,,67132244.20033507,
APG,APi Group,Unknown,USA,EUR,25,,US00187Y1001,APG,,67568783.25947961,
ASO,Academy Sports & Outdoors Inc,Unknown,USA,EUR,25,,US00402L1070,ASO,,63727437.818432525,
ACHV,Achieve Life Sc.,Unknown,USA,EUR,25,,US0044685008,ACHV,,1142192.9266546047,
ACET,Adicet Bio,Unknown,USA,EUR,25,,US0070022076,ACET,,508701.99728236604,
AEHR,Aehr Test Systems,Unknown,USA,EUR,25,,US00760J1088,AEHR,,17272261.58845742,
AMTX,Aemetis,Unknown,USA,EUR,25,,US00770K2024,AMTX,,1558814.3184372503,
AMG,Affiliated Managers Group,Unknown,USA,EUR,25,,US0082521081,AMG,,42847529.81063046,
ALNT,Allied Motion,Unknown,USA,EUR,25,,US0193301092,ALNT,,4413609.449712688,
AMTB,Amerant Bancorp,Unknown,USA,EUR,25,,US0235761014,AMTB,,3699170.5055603143,
UHAL,AMERCO,Unknown,USA,EUR,25,,US0235861004,UHAL,,6846763.387923436,
AEO,American Eagle,Unknown,USA,EUR,25,,US02553E1064,AEO,,78093279.78356183,
ACRE,Ares Commercial Real Estate,Unknown,USA,EUR,25,,US04013V1089,ACRE,,1822864.8163683685,
AHRT,Armada Hoffler Properties,Unknown,USA,EUR,25,,US04208T1088,AHRT,,4500428.459956028,
AROW,Arrow Financial ,Unknown,USA,EUR,25,,US0427441029,AROW,,1076575.294256535,
ASAN,Asana,Unknown,USA,EUR,25,,US04342Y1047,ASAN,,36172675.93076007,
BWFG,Bankwell Financial Group,Unknown,USA,EUR,25,,US06654A1034,BWFG,,661068.0619012229,
BCML,BayCom,Unknown,USA,EUR,25,,US07272M1071,BCML,,490710.48789353995,
BELFA,Bel Fuse,Unknown,USA,EUR,25,,US0773472016,BELFA,,1139295.7115914747,
CMRC,Bigcommerce,Unknown,USA,EUR,25,,US08975P1084,CMRC,,3211407.8735680413,
TECH,Bio-Techne,Unknown,USA,EUR,25,,US09073M1045,TECH,,90802236.87104255,
BL,BlackLine,Unknown,USA,EUR,25,,US09239B1098,BL,,32761912.400323942,
BXC,Bluelinx Holdings,Unknown,USA,EUR,25,,US09624H2085,BXC,,5442087.1166437175,
CAL,Caleres,Unknown,USA,EUR,25,,US1295001044,CAL,,10739474.187949572,
CAPR,Capricor Therapeutics,Unknown,USA,EUR,25,,US14070B3096,CAPR,,15557798.25083565,
TVRD,Tvardi Therapeutics,Unknown,USA,EUR,25,,US1407553072,TVRD,,220376.0200182947,
CRDF,Cardiff Oncology,Unknown,USA,EUR,25,,US14147L1089,CRDF,,1827718.2435781672,
CMTG,Claros Mortgage Trust,Unknown,USA,EUR,25,,US18270D1063,CMTG,,1526958.3396594618,
CLAR,Clarus,Unknown,USA,EUR,25,,US18270P1093,CLAR,,537757.0907676555,
CLSK,Cleanspark,Unknown,USA,EUR,25,,US18452B2097,CLSK,,241192032.9179116,
TBRG,Computer Programs and Systems,Unknown,USA,EUR,25,,US2053061030,TBRG,,1920867.3245830424,
SRV,Cushing MLP&Infrast.Tot.Ret.Fd,Unknown,USA,EUR,25,,US2316313004,SRV,,1155263.9122943305,
NXG,Cushing Renaissance Fund,Unknown,USA,EUR,25,,US2316472073,NXG,,1511082.908513852,
CUBI,Customers Bancorp,Unknown,USA,EUR,25,,US23204G1004,CUBI,,16082034.916336577,
CTKB,Cytek Biosciences,Unknown,USA,EUR,25,,US23285D1090,CTKB,,3136900.682378727,
DBRG,DigitalBridge Group,Unknown,USA,EUR,25,,US25401T6038,DBRG,,25870886.839391712,
EGP,EastGroup Properties,Unknown,USA,EUR,25,,US2772761019,EGP,,52348968.248346895,
EFC,Ellington Financial,Unknown,USA,EUR,25,,US28852N1090,EFC,,10876172.347552035,
EARN,Ellington Residential Mortgage,Unknown,USA,EUR,25,,US2885781078,EARN,,1606004.875760633,
NRGV,Energy Vault,Unknown,USA,EUR,25,,US29280W1099,NRGV,,2850575.5882057226,
NPO,EnPro Industries,Unknown,USA,EUR,25,,US29355X1072,NPO,,24317717.873412512,
XCUR,Exicure,Unknown,USA,EUR,25,,US30205M3097,XCUR,,111769.9300379912,
FTCI,FTC Solar,Unknown,USA,EUR,25,,US30320C3016,FTCI,,398346.9774298266,
KYNB,KYNTRA,Unknown,USA,EUR,25,,US31572Q8814,KYNB,,247118.74441105087,
FBIZ,First Business Financial Services,Unknown,USA,EUR,25,,US3193901002,FBIZ,,1173808.552633511,
FCF,First Commonwealth,Unknown,USA,EUR,25,,US3198291078,FCF,,8536697.493416287,
FE,FirstEnergy,Unknown,USA,EUR,25,,US3379321074,FE,,145542826.30312937,
FTLF,FitLife Brands,Unknown,USA,EUR,25,,US33817P4054,FTLF,,186315.54586083896,
FTK,Flotek Industries,Unknown,USA,EUR,25,,US3433894090,FTK,,3059669.0209075734,
FCPT,Four Corners Ppty Trust,Unknown,USA,EUR,25,,US35086T1097,FCPT,,13441703.356775267,
GAB,The Gabelli Equity Trust,Unknown,USA,EUR,25,,US3623971013,GAB,,2350359.8294305205,
GALT,Galectin Therapeutics,Unknown,USA,EUR,25,,US3632252025,GALT,,564717.4535550971,
GNSS,Genasys,Unknown,USA,EUR,25,,US36872P1030,GNSS,,217059.2036463247,
EAF,GrafTech International,Unknown,USA,EUR,25,,US3843136074,EAF,,2152960.835236595,
GHM,Graham,Unknown,USA,EUR,25,,US3845561063,GHM,,4069805.5408694185,
GTE,Gran Tierra Energy,Unknown,USA,EUR,25,,US38500T2006,GTE,,1676409.0839488097,
GPOR,Gulfport Energy,Unknown,USA,EUR,25,,US4026355028,GPOR,,38498325.839178994,
HLLY,Holley,Unknown,USA,EUR,25,,US43538H1032,HLLY,,1302277.9612088837,
ICUI,ICU Medical,Unknown,USA,EUR,25,,US44930G1076,ICUI,,29646357.835696816,
INAB,In8Bio,Unknown,USA,EUR,25,,US45674E2081,INAB,,106839.80570777599,
III,Information Services,Unknown,USA,EUR,25,,US45675Y1047,III,,619639.1136568566,
IOSP,Innospec,Unknown,USA,EUR,25,,US45768S1050,IOSP,,12736881.214165434,
IIIN,Insteel Industries,Unknown,USA,EUR,25,,US45774W1080,IIIN,,3362242.6269687247,
TILE,Interface,Unknown,USA,EUR,25,,US4586653044,TILE,,8803088.028620707,
IDCC,InterDigital,Unknown,USA,EUR,25,,US45867G1013,IDCC,,64681765.15393576,
INTT,inTEST,Unknown,USA,EUR,25,,US4611471008,INTT,,307962.6130902275,
JXN,Jackson Financial,Unknown,USA,EUR,25,,US46817M1071,JXN,,47192558.867027074,
KLAC,KLA,Unknown,USA,EUR,25,,US4824801009,KLAC,,847348419.167158,
KMPR,Kemper,Unknown,USA,EUR,25,,US4884011002,KMPR,,24094666.496842373,
KIM,Kimco Realty,Unknown,USA,EUR,25,,US49446R1095,KIM,,78591679.55175033,
LZ,LegalZoom.com,Unknown,USA,EUR,25,,US52466B1035,LZ,,13365240.825826459,
LBRT,Liberty Energy,Unknown,USA,EUR,25,,US53115L1044,LBRT,,46481345.880712196,
LCTX,Lineage Cell Therapeutics,Unknown,USA,EUR,25,,US53566P1093,LCTX,,1010967.8685649436,
LU,Lufax (ADS),Unknown,USA,EUR,25,,US54975P2011,LU,,4811888.520536219,
MGNI,Magnite,Unknown,USA,EUR,25,,US55955D1000,MGNI,,28147366.015927013,
MRVI,Maravai LifeSciences,Unknown,USA,EUR,25,,US56600D1072,MRVI,,5660542.838286646,
MMI,Marcus & Millichap,Unknown,USA,EUR,25,,US5663241090,MMI,,3750091.7431516014,
MBOT,Microbot Medical,Unknown,USA,EUR,25,,US59503A2042,MBOT,,2399035.2806788543,
MC,Moelis & Co,Unknown,USA,EUR,25,,US60786M1053,MC,,43655071.0187065,
FRSH,Freshworks,Unknown,USA,EUR,25,,US3580541049,FRSH,,40905011.519280106,
FRD,Friedman Industries,Unknown,USA,EUR,25,,US3584351056,FRD,,256925.7636585413,
ULCC,Frontier Group Holding,Unknown,USA,EUR,25,,US35909R1086,ULCC,,13886795.798607182,
FTEK,Fuel Tech,Unknown,USA,EUR,25,,US3595231073,FTEK,,156439.16265342355,
FULT,Fulton Financial,Unknown,USA,EUR,25,,US3602711000,FULT,,23195764.191702027,
GNE,Genie Energy,Unknown,USA,EUR,25,,US3722842081,GNE,,971607.9209549584,
XRN,Chiron Real Estate,Unknown,USA,EUR,25,,US37954A3032,XRN,,3113773.254726071,
RPT,Rithm Property Trust,Unknown,USA,EUR,25,,US38983D8544,RPT,,342328.0315981093,
GRPN,Groupon,Unknown,USA,EUR,25,,US3994732069,GRPN,,17905067.63899473,
HFFG,HF Foods Group,Unknown,USA,EUR,25,,US40417F1093,HFFG,,181588.72519783353,
HE,Hawaiian Electric,Unknown,USA,EUR,25,,US4198701009,HE,,23022015.862251528,
HR,Healthcare Realty Trust (A),Unknown,USA,EUR,25,,US42226K1051,HR,,43672019.941216044,
HGLB,Highland Global Allocation Fund,Unknown,USA,EUR,25,,US43010T1043,HGLB,,408888.8145168952,
HIFS,Hingham Institution for Savings,Unknown,USA,EUR,25,,US4333231029,HIFS,,7143868.290246524,
HMN,Horace Mann Educators,Unknown,USA,EUR,25,,US4403271046,HMN,,7973573.017078429,
IDT,IDT Corporation,Unknown,USA,EUR,25,,US4489475073,IDT,,5681626.9620013805,
IRT,Independence Realty Trust,Unknown,USA,EUR,25,,US45378A1060,IRT,,32713143.59556351,
VATE,Innovate,Unknown,USA,EUR,25,,US45784J3032,VATE,,144098.60531187034,
IDN,Intellicheck,Unknown,USA,EUR,25,,US45817G2012,IDN,,396777.3006602888,
IBOC,Intl. Bancashares,Unknown,USA,EUR,25,,US4590441030,IBOC,,13621794.485503845,
AUID,AUTHID,Unknown,USA,EUR,25,,US46264C3051,AUID,,209852.66551105448,
J,Jacobs Solutions,Unknown,USA,EUR,25,,US46982L1089,J,,92041744.96216232,
JAKK,JAKKS Pacific,Unknown,USA,EUR,25,,US47012E4035,JAKK,,1505722.4394318634,
KPTI,Karyopharm Therapeutics,Unknown,USA,EUR,25,,US48576U2050,KPTI,,669615.2588310422,
KYN,Kayne Anderson MLP/Mid.Invt Co.,Unknown,USA,EUR,25,,US4866061066,KYN,,3872431.82226811,
LKQ,LKQ,Unknown,USA,EUR,25,,US5018892084,LKQ,,68286566.12892452,
LCII,LCI Industries,Unknown,USA,EUR,25,,US50189K1034,LCII,,24802863.456730627,
DSGR,Distribution Solutions Group,Unknown,USA,EUR,25,,US5207761058,DSGR,,1462432.6302576885,
LEGN,Legend Biotech (ADS),Unknown,USA,EUR,25,,US52490G1022,LEGN,,38871164.11892665,
LEN,Lennar,Unknown,USA,EUR,25,,US5260571048,LEN,,281558145.55884933,
LEN-B,Lennar,Unknown,USA,EUR,25,,US5260573028,LEN-B,,5241383.491277663,
LCUT,Lifetime Brands,Unknown,USA,EUR,25,,US53222Q1031,LCUT,,222922.2610931549,
LPTH,LightPath Technologies,Unknown,USA,EUR,25,,US5322578056,LPTH,,1109573.146532994,
LMB,Limbach Holdings,Unknown,USA,EUR,25,,US53263P1057,LMB,,13574904.177802363,
LMNR,Limoneira,Unknown,USA,EUR,25,,US5327461043,LMNR,,839807.2352597127,
LINC,Lincoln Educational Services,Unknown,USA,EUR,25,,US5335351004,LINC,,4040395.242242068,
LQDA,Liquidia,Unknown,USA,EUR,25,,US53635D2027,LQDA,,26210913.52202767,
LFUS,Littelfuse,Unknown,USA,EUR,25,,US5370081045,LFUS,,37118766.2206178,
LPSN,Liveperson,Unknown,USA,EUR,25,,US5381463091,LPSN,,1056588.398379746,
LVO,LiveOne,Unknown,USA,EUR,25,,US53814X3008,LVO,,309405.30895198043,
LVWR,LiveWire Group,Unknown,USA,EUR,25,,US53838J1051,LVWR,,162637.538302799,
MBI,MBIA,Unknown,USA,EUR,25,,US55262C1009,MBI,,1479701.4904520728,
HZO,MarineMax,Unknown,USA,EUR,25,,US5679081084,HZO,,6839465.650043924,
MGRC,MC Grath Rent,Unknown,USA,EUR,25,,US5805891091,MGRC,,13737655.406053307,
MOS,Mosaic,Unknown,USA,EUR,25,,US61945C1036,MOS,,127844155.00265107,
NNBR,NN,Unknown,USA,EUR,25,,US6293371067,NNBR,,367502.8382300858,
NATH,Nathan's Famous,Unknown,USA,EUR,25,,US6323471002,NATH,,1541159.1821664511,
NKSH,National Bankshares,Unknown,USA,EUR,25,,US6348651091,NKSH,,299035.7095517639,
FIZZ,National Beverage,Unknown,USA,EUR,25,,US6350171061,FIZZ,,7198981.274700369,
NRC,National Research,Unknown,USA,EUR,25,,US6373722023,NRC,,1253189.0304608233,
NXRT,Nexpoint Residential Trust,Unknown,USA,EUR,25,,US65341D1028,NXRT,,4023662.426327871,
NEXT,NextDecade,Unknown,USA,EUR,25,,US65342K1051,NEXT,,14190724.177415937,
NBN,Northeast Bank,Unknown,USA,EUR,25,,US66405S1006,NBN,,5401306.159533561,
NECB,Northeast Community Bancorp,Unknown,USA,EUR,25,,US6641211007,NECB,,834457.9954895471,
DNOW,NOW,Unknown,USA,EUR,25,,US67011P1003,DNOW,,14927384.385852072,
OFS,OFS Capital,Unknown,USA,EUR,25,,US67103B1008,OFS,,255218.22406286513,
ONDS,Ondas Holdings,Unknown,USA,EUR,25,,US68236H2040,ONDS,,41368249.23138015,
FRMM,Forum Markets,Unknown,USA,EUR,25,,US68236V4014,FRMM,,769003.3451122479,
ORIC,Oric Pharmaceuticals,Unknown,USA,EUR,25,,US68622P1093,ORIC,,7491859.682196045,
OGN,Organon,Unknown,USA,EUR,25,,US68622V1061,OGN,,33039420.10550777,
ORN,Orion Group Holdings,Unknown,USA,EUR,25,,US68628V3087,ORN,,2505641.90644111,
ORRF,Orrstown Financial Services,Unknown,USA,EUR,25,,US6873801053,ORRF,,3662201.4121786077,
OXLC,Oxford Lane Capital,Unknown,USA,EUR,25,,US6915438476,OXLC,,12005967.909721065,
TXNM,TXNM Energy,Unknown,USA,EUR,25,,US69349H1077,TXNM,,42206282.035846554,
PRAA,PRA Group,Unknown,USA,EUR,25,,US69354N1063,PRAA,,4808544.903514165,
RPC,P10,Unknown,USA,EUR,25,,US69376K1060,RPC,,4576670.548629403,
PACB,Pacific Biosciences of California,Unknown,USA,EUR,25,,US69404D1081,PACB,,10452153.202828594,
PVLA,Palvella Therapeutics,Unknown,USA,EUR,25,,US6979471090,PVLA,,3063018.3183078384,
PSN,Parsons,Unknown,USA,EUR,25,,US70202L1026,PSN,,65628979.85477592,
PEGA,Pegasystems,Unknown,USA,EUR,25,,US7055731035,PEGA,,55803582.803404026,
PPIH,Perma-Pipe International Holdings,Unknown,USA,EUR,25,,US7141671039,PPIH,,1045842.1891193895,
PR,Permian Resources (A),Unknown,USA,EUR,25,,US71424F1057,PR,,121237569.54493882,
PNFP,Pinnacle Financial Partn,Unknown,USA,EUR,25,,US72348N1090,PNFP,,65168746.386517875,
PDLB,Ponce Financial,Unknown,USA,EUR,25,,US7323441060,PDLB,,551069.7898174048,
ADV,Advantage Solutions,Unknown,USA,EUR,25,,US00791N2018,ADV,,981342.8448891251,
ALRS,Alerus Financial ,Unknown,USA,EUR,25,,US01446U1034,ALRS,,1421021.8961067046,
AMAL,Amalgamated Financial,Unknown,USA,EUR,25,,US0226711010,AMAL,,4474761.4317428935,
UHAL-B,U-Haul Holding Company,Unknown,USA,EUR,25,,US0235865062,UHAL-B,,14264641.68125842,
AMSF,Amerisafe,Unknown,USA,EUR,25,,US03071H1005,AMSF,,4300331.826723784,
AME,AMETEK,Unknown,USA,EUR,25,,US0311001004,AME,,200098154.3087476,
RILY,B. Riley Financial,Unknown,USA,EUR,25,,US05580M1080,RILY,,4602061.138878037,
BH-A,Biglari Holdings (A),Unknown,USA,EUR,25,,US08986R4083,BH-A,,4914955.045649994,
BHR,Braemar Hotels & Resorts,Unknown,USA,EUR,25,,US10482B1017,BHR,,641780.4661440708,
BHF,Brighthouse Financial,Unknown,USA,EUR,25,,US10922N1037,BHF,,28134988.03762342,
BV,BrightView Holdings,Unknown,USA,EUR,25,,US10948C1071,BV,,7125225.436408851,
CTS,CTS Corporation,Unknown,USA,EUR,25,,US1265011056,CTS,,6703416.165778334,
CZR,Caesars Entertainment,Unknown,USA,EUR,25,,US12769G1004,CZR,,128901530.26729442,
CCBG,Capital City Bank Group,Unknown,USA,EUR,25,,US1396741050,CCBG,,1277640.1798982979,
CPF,Central Pacific Financial,Unknown,USA,EUR,25,,US1547604090,CPF,,3817827.9126868728,
COMP,Compass ,Unknown,USA,EUR,25,,US20464U1007,COMP,,52026150.256179735,
CHCI,Comstock Holding Companies,Unknown,USA,EUR,25,,US2056842022,CHCI,,175832.28937670164,
CRD-A,Crawford & Company (A),Unknown,USA,EUR,25,,US2246332066,CRD-A,,510376.50680836814,
CRCT,Cricut,Unknown,USA,EUR,25,,US22658D1000,CRCT,,1882378.5153542033,
CTO,CTO Realty Growth,Unknown,USA,EUR,25,,US22948Q1013,CTO,,4172045.9781565648,
CURI,CuriosityStream,Unknown,USA,EUR,25,,US23130Q1076,CURI,,977495.1905770717,
DTE,DTE Energy,Unknown,USA,EUR,25,,US2333311072,DTE,,137933626.95246243,
DCO,Ducommun,Unknown,USA,EUR,25,,US2641471097,DCO,,7286900.739333231,
EVI,EVI Industries,Unknown,USA,EUR,25,,US26929N1028,EVI,,270573.78531677846,
ELDN,Eledon Pharmaceut.,Unknown,USA,EUR,25,,US28617K1016,ELDN,,1250566.3826054884,
EMBC,Embecta,Unknown,USA,EUR,25,,US29082K1051,EMBC,,5484215.921779194,
EME,Emcor Group,Unknown,USA,EUR,25,,US29084Q1004,EME,,190234284.37126553,
EXEL,Exelixis,Unknown,USA,EUR,25,,US30161Q1040,EXEL,,82040779.2216807,
EYPT,EyePoint Pharmaceuticals,Unknown,USA,EUR,25,,US30233G2093,EYPT,,7373556.731010631,
BUSE,First Busey (A),Unknown,USA,EUR,25,,US3193832041,BUSE,,8703018.112100344,
FEAM,5E Advanced Materials,Unknown,USA,EUR,25,,US33830Q2084,FEAM,,114643.8163125802,
GBCI,Glacier Bancorp,Unknown,USA,EUR,25,,US37637Q1058,GBCI,,28359863.317253865,
GH,Guardant Health (A),Unknown,USA,EUR,25,,US40131M1099,GH,,102782548.77287883,
HAFC,Hanmi Financial,Unknown,USA,EUR,25,,US4104952043,HAFC,,3966556.084998668,
HASI,Hannon Armstrong Sustainable Infrastructure Capital,Unknown,USA,EUR,25,,US41068X1000,HASI,,25901200.469272137,
THG,Hanover Insurance,Unknown,USA,EUR,25,,US4108671052,THG,,32629921.730105266,
SRTS,Sensus Healthcare,Unknown,USA,EUR,25,,US81728J1097,SRTS,,373397.56182088726,
SRG,Seritage Growth Properties (A),Unknown,USA,EUR,25,,US81752R1005,SRG,,533009.2555797119,
SIBN,SI-BONE,Unknown,USA,EUR,25,,US8257041090,SIBN,,5407993.315147921,
SVCO,Silvaco Group,Unknown,USA,EUR,25,,US82728C1027,SVCO,,972106.8644126449,
SFNC,Simmons First National,Unknown,USA,EUR,25,,US8287302009,SFNC,,13204148.54134066,
SKIL,Skillsoft,Unknown,USA,EUR,25,,US83066P3091,SKIL,,669209.4079467312,
SNBR,Sleep Number,Unknown,USA,EUR,25,,US83125X1037,SNBR,,4167602.858037154,
SWBI,Smith & Wesson,Unknown,USA,EUR,25,,US8317541063,SWBI,,4573742.253288049,
SEI,Solaris Oilfield,Unknown,USA,EUR,25,,US83418M1036,SEI,,40654042.61761412,
SPFI,South Plains Financial,Unknown,USA,EUR,25,,US83946P1075,SPFI,,1417689.0446670852,
BCAL,Southern California Bancorp,Unknown,USA,EUR,25,,US84252A1060,BCAL,,1482650.7957269195,
SBSI,Southside Bancshares,Unknown,USA,EUR,25,,US84470P1093,SBSI,,2695327.710766648,
SPRO,Spero Therapeutics,Unknown,USA,EUR,25,,US84833T1034,SPRO,,433073.2969174152,
SR,Spire,Unknown,USA,EUR,25,,US84857L1017,SR,,25270575.093689177,
CXM,Sprinklr (A),Unknown,USA,EUR,25,,US85208T1079,CXM,,12793663.947495572,
STGW,Stagwell (A),Unknown,USA,EUR,25,,US85256A1097,STGW,,4478732.803050448,
SXI,Standex,Unknown,USA,EUR,25,,US8542311076,SXI,,14904677.32096424,
STHO,Star Holdings,Unknown,USA,EUR,25,,US85512G1067,STHO,,365380.2973517894,
SCM,Stellus Capital Investment,Unknown,USA,EUR,25,,US8585681088,SCM,,1524504.1078154985,
STEM,Stem,Unknown,USA,EUR,25,,US85859N3008,STEM,,2311143.0433428464,
STEL,Stellar Bancorp,Unknown,USA,EUR,25,,US8589271068,STEL,,5634230.78587677,
STXS,Stereotaxis,Unknown,USA,EUR,25,,US85916J4094,STXS,,636708.1090433975,
STRL,Sterling Infrastructure,Unknown,USA,EUR,25,,US8592411016,STRL,,102857550.10566208,
STC,Stewart Information,Unknown,USA,EUR,25,,US8603721015,STC,,9659886.437882246,
SF,Stifel Financial,Unknown,USA,EUR,25,,US8606301021,SF,,65993174.903834626,
SRI,Stoneridge,Unknown,USA,EUR,25,,US86183P1021,SRI,,1282852.0315152234,
SNEX,StoneX,Unknown,USA,EUR,25,,US8618961085,SNEX,,26664782.750188224,
STRA,Strategic Education,Unknown,USA,EUR,25,,US86272C1036,STRA,,11815173.834816404,
SMFG,Sumitomo Mitsui Financial (ADR),Unknown,Japan,EUR,25,,US86562M2098,SMFG,,24345706.53519885,
INN,Summit Hotel Properties,Unknown,USA,EUR,25,,US8660821005,INN,,3514226.6678939844,
SUI,Sun Communities,Unknown,USA,EUR,25,,US8666741041,SUI,,84685712.34618707,
SGC,Superior Group of Companies,Unknown,USA,EUR,25,,US8683581024,SGC,,449207.0605065162,
STRO,Sutro Biopharma,Unknown,USA,EUR,25,,US8693672011,STRO,,1421270.8953462536,
ACNT,Synalloy,Unknown,USA,EUR,25,,US8715651076,ACNT,,500547.8539950291,
CGBD,Carlyle Secured Lending,Unknown,USA,EUR,25,,US8722801029,CGBD,,3840653.8652255763,
TCMD,Tactile Systems Technology,Unknown,USA,EUR,25,,US87357P1003,TCMD,,3340718.235613174,
TALO,Talos Energy,Unknown,USA,EUR,25,,US87484T1088,TALO,,18399007.71168884,
TRGP,Targa Resources,Unknown,USA,EUR,25,,US87612G1013,TRGP,,237571306.16222218,
TASK,TaskUs,Unknown,USA,EUR,25,,US87652V1098,TASK,,2212697.644106077,
TISI,Team,Unknown,USA,EUR,25,,US8781553081,TISI,,146054.9664465981,
TENB,Tenable Holdings,Unknown,USA,EUR,25,,US88025T1025,TENB,,35660210.80003084,
TXG,10X Genomics ,Unknown,USA,EUR,25,,US88025U1097,TXG,,31619519.189355116,
THC,Tenet Healthcare,Unknown,USA,EUR,25,,US88033G4073,THC,,172399009.2700041,
TTI,Tetra Technologies,Unknown,USA,EUR,25,,US88162F1057,TTI,,5457853.561200399,
TCBI,Texas Capital Bancshares,Unknown,USA,EUR,25,,US88224Q1076,TCBI,,30322354.023004718,
REAL,RealReal,Unknown,USA,EUR,25,,US88339P1012,REAL,,21085178.804831527,
TDUP,ThredUp,Unknown,USA,EUR,25,,US88556E1029,TDUP,,6801254.350081471,
TTSH,Tile Shop Holdings,Unknown,USA,EUR,25,,US88677Q2084,TTSH,,303478.9194086001,
TITN,Titan Machinery,Unknown,USA,EUR,25,,US88830R1014,TITN,,2769963.377991437,
TMP,Tompkins Financial,Unknown,USA,EUR,25,,US8901101092,TMP,,2898353.688743964,
TNXP,Tonix Pharma,Unknown,USA,EUR,25,,US8902608392,TNXP,,7920030.009485934,
TR,Tootsie Roll Industries,Unknown,USA,EUR,25,,US8905161076,TR,,4290870.763972303,
TSQ,Townsquare Media,Unknown,USA,EUR,25,,US8922311019,TSQ,,369852.7168303862,
TNL,Travel + Leisure  ,Unknown,USA,EUR,25,,US8941641024,TNL,,30550180.108810745,
TRS,TriMas,Unknown,USA,EUR,25,,US8962152091,TRS,,9954892.931990027,
TPVG,TriplePoint Venture Growth,Unknown,USA,EUR,25,,US89677Y1001,TPVG,,1505593.8181624943,
TFIN,Triumph Financial,Unknown,USA,EUR,25,,US89679E3009,TFIN,,10995589.143751819,
TRMK,Trustmark,Unknown,USA,EUR,25,,US8984021027,TRMK,,9409484.801004983,
HURA,Tuhura Biosciences,Unknown,USA,EUR,25,,US8989201038,HURA,,513274.0317246282,
TWIN,Twin Disc,Unknown,USA,EUR,25,,US9014761012,TWIN,,374445.0608133737,
TWST,Twist Bioscience,Unknown,USA,EUR,25,,US90184D1000,TWST,,37977859.45585409,
UFPT,UFP Technologies,Unknown,USA,EUR,25,,US9026731029,UFPT,,24125583.36015327,
DLTH,Duluth,Unknown,USA,EUR,25,,US26443V1017,DLTH,,141526.37271768,
EFSC,Enterprise Financial Services,Unknown,USA,EUR,25,,US2937121059,EFSC,,8087704.69471452,
ERIE,Erie Indemnity,Unknown,USA,EUR,25,,US29530P1021,ERIE,,40257713.75922561,
EPM,Evolution Petroleum,Unknown,USA,EUR,25,,US30049A1079,EPM,,906735.522697941,
FA,First Advantage,Unknown,USA,EUR,25,,US31846B1089,FA,,10341234.171248633,
FAF,First American Fin.,Unknown,USA,EUR,25,,US31847R1023,FAF,,39573998.667770535,
FRBA,First Bank,Unknown,USA,EUR,25,,US31931U1025,FRBA,,611002.1448798573,
FOR,Forestar Group,Unknown,USA,EUR,25,,US3462321015,FOR,,3410995.838037228,
FSTR,L.B. Foster,Unknown,USA,EUR,25,,US3500601097,FSTR,,728713.8650867026,
FBRT,Franklin BSP Realty Trust REIT,Unknown,USA,EUR,25,,US35243J1016,FBRT,,4400085.527035616,
GNTX,Gentex,Unknown,USA,EUR,25,,US3719011096,GNTX,,41092514.36542691,
GABC,German American Bancorp,Unknown,USA,EUR,25,,US3738651047,GABC,,3719892.633956827,
GEF,Greif,Unknown,USA,EUR,25,,US3976241071,GEF,,10362088.687506694,
UPXI,Upexi,Unknown,USA,EUR,25,,US39959A2050,UPXI,,3015681.3221509187,
DINO,HF Sinclair,Unknown,USA,EUR,25,,US4039491000,DINO,,87729708.43255103,
ICFI,ICF,Unknown,USA,EUR,25,,US44925C1036,ICFI,,14825997.371799473,
INFU,InfuSystem,Unknown,USA,EUR,25,,US45685K1025,INFU,,793394.1164228106,
NGVT,Ingevity,Unknown,USA,EUR,25,,US45688C1071,NGVT,,10644518.750277897,
ISTR,Investar Holding,Unknown,USA,EUR,25,,US46134L1052,ISTR,,708657.9223495736,
JBGS,JBG SMITH Properties,Unknown,USA,EUR,25,,US46590V1008,JBGS,,8993553.91114981,
ZVRA,Zevra Therapeutics,Unknown,USA,EUR,25,,US4884452065,ZVRA,,5742939.5736585725,
ST,Sensata Technologies,Unknown,USA,EUR,25,,GB00BFMBMT84,ST,,41735822.22689047,
L,Loews Corp,Unknown,USA,EUR,25,,US5404241086,L,,59338449.27179499,
LOMA,Loma Negra (ADR),Unknown,USA,EUR,25,,US54150E1047,LOMA,,3639828.3796765925,
MFA,MFA Financial,Unknown,USA,EUR,25,,US55272X6076,MFA,,8630335.599676508,
MQ,Marqeta,Unknown,USA,EUR,25,,US57142B1044,MQ,,16402788.280692454,
MLI,Mueller Industries,Unknown,USA,EUR,25,,US6247561029,MLI,,59620185.76475997,
VYX,NCR,Unknown,USA,EUR,25,,US62886E1082,VYX,,15427316.364495255,
NCSM,NCS Multistage Holdings,Unknown,USA,EUR,25,,US6288772014,NCSM,,247862.38173057052,
NKTR,Nektar Therapeutics,Unknown,USA,EUR,25,,US6402683063,NKTR,,10546645.186042173,
NTST,Netstreit,Unknown,USA,EUR,25,,US64119V3033,NTST,,14854340.834060196,
NGNE,Neurogene,Unknown,USA,EUR,25,,US64135M1053,NGNE,,3224462.020489671,
NDLS,NOODLES AND COMPANY,Unknown,USA,EUR,25,,US65540B3033,NDLS,,154710.82865913404,
OPBK,OP Bancorp,Unknown,USA,EUR,25,,US67109R1095,OPBK,,377794.92494558403,
OCCI,OFS Credit,Unknown,USA,EUR,25,,US67111Q1076,OCCI,,995361.720238725,
CHRD,Chord Energy,Unknown,USA,EUR,25,,US6742152076,CHRD,,73929764.26017211,
ONB,Old National Bancorp,Unknown,USA,EUR,25,,US6800331075,ONB,,51759684.72532015,
OPEN,Opendoor Technologies,Unknown,USA,EUR,25,,US6837121036,OPEN,,103401525.49249065,
OBK,Origin Bancorp,Unknown,USA,EUR,25,,US68621T1025,OBK,,4255480.24209068,
OXSQ,Oxford Square Capital,Unknown,USA,EUR,25,,US69181V1070,OXSQ,,994015.5887668487,
GOLD,A-Mark Precious Metals,Unknown,USA,EUR,25,,US00181T1079,GOLD,,8696693.511469357,
ACHC,Acadia Healthcare,Unknown,USA,EUR,25,,US00404A1097,ACHC,,50571257.27191021,
ETR,Entergy,Unknown,USA,EUR,25,,US29364G1031,ETR,,218225462.43762004,
FBK,FB Financial,Unknown,USA,EUR,25,,US30257X1046,FBK,,10180983.084419066,
FUNC,First United,Unknown,USA,EUR,25,,US33741H1077,FUNC,,488893.268981276,
FET,Forum Energy,Unknown,USA,EUR,25,,US34984V2097,FET,,1720873.8260361704,
HCI,HCI Group,Unknown,USA,EUR,25,,US40416E1038,HCI,,16867478.964458853,
HCSG,Healthcare Services,Unknown,USA,EUR,25,,US4219061086,HCSG,,7139805.128541125,
IPWR,Ideal Power,Unknown,USA,EUR,25,,US4516222035,IPWR,,148751.162827169,
IDYA,Ideaya Biosciences,Unknown,USA,EUR,25,,US45166A1025,IDYA,,22176285.306183882,
IBRX,ImmunityBio,Unknown,USA,EUR,25,,US45256X1037,IBRX,,19390590.00615327,
INUV,Inuvo,Unknown,USA,EUR,25,,US46122W3034,INUV,,245303.06799158588,
INVH,Invitation Homes,Unknown,USA,EUR,25,,US46187W1071,INVH,,101893922.89917302,
IRMD,IRadimed,Unknown,USA,EUR,25,,US46266A1097,IRMD,,2751951.236461576,
JILL,J.Jill,Unknown,USA,EUR,25,,US46620W2017,JILL,,1383321.410253475,
KLXE,KLX Energy,Unknown,USA,EUR,25,,US48253L2051,KLXE,,437306.71049272385,
KRT,Karat Packaging,Unknown,USA,EUR,25,,US48563L1017,KRT,,1288949.1495067312,
MIRM,Mirum Pharmaceuticals,Unknown,USA,EUR,25,,US6047491013,MIRM,,25795416.976180322,
NOV,National Oilwell Varco,Unknown,USA,EUR,25,,US62955J1034,NOV,,50593445.43649963,
NNVC,Nanoviricides,Unknown,USA,EUR,25,,US6300873022,NNVC,,225317.76750902942,
STIM,Neuronetics,Unknown,USA,EUR,25,,US64131A1051,STIM,,1865546.1699614918,
ON,ON Semiconductor,Unknown,USA,EUR,25,,US6821891057,ON,,400512154.880105,
OGS,ONE Gas,Unknown,USA,EUR,25,,US68235P1084,OGS,,28455697.30559499,
OPCH,Option Care Health,Unknown,USA,EUR,25,,US68404L2016,OPCH,,43392621.97238008,
KIDS,OrthoPediatrics,Unknown,USA,EUR,25,,US68752L1008,KIDS,,2854083.578309667,
PGC,Peapack-Gladstone Financial,Unknown,USA,EUR,25,,US7046991078,PGC,,2466852.3268113756,
PLX,Protalix BioTherapeutics,Unknown,USA,EUR,25,,US74365A3095,PLX,,963506.2315096023,
TARA,Protara Therapeutics,Unknown,USA,EUR,25,,US74365U1079,TARA,,1238857.3507337836,
RLGT,Radiant Logistics,Unknown,USA,EUR,25,,US75025X1000,RLGT,,712658.568299806,
RSSS,Research Solutions,Unknown,USA,EUR,25,,US7610251057,RSSS,,121633.81324837357,
RIGL,RIGEL PHARMA,Unknown,USA,EUR,25,,US7665597024,RIGL,,5593241.044377193,
RCKY,Rocky Brands,Unknown,USA,EUR,25,,US7745151008,RCKY,,1039450.2894147047,
SBAC,SBA Communications,Unknown,USA,EUR,25,,US78410G1040,SBAC,,150652602.90494898,
RNAC,Cartesian Therapeutics,Unknown,USA,EUR,25,,US8162123025,RNAC,,924214.159796082,
SIGI,Selective Insurance Group,Unknown,USA,EUR,25,,US8163001071,SIGI,,30612067.995557867,
RDNW,RumbleON,Unknown,USA,EUR,25,,US7813863054,RDNW,,291551.4573691526,
RWAY,Runway Growth Finance,Unknown,USA,EUR,25,,US78163D1000,RWAY,,2235566.4857921535,
RUSHA,Rush Enterprises,Unknown,USA,EUR,25,,US7818462092,RUSHA,,19419869.64906605,
RUSHB,Rush Enterprises,Unknown,USA,EUR,25,,US7818463082,RUSHB,,1496182.9446512943,
SBFG,SB Financial Group,Unknown,USA,EUR,25,,US78408D1054,SBFG,,231528.14775042032,
SLM,SLM,Unknown,USA,EUR,25,,US78442P1066,SLM,,52539070.84968823,
SPXC,SPX Technologies,Unknown,USA,EUR,25,,US78473E1038,SPXC,,44971303.54612442,
SAIA,Saia,Unknown,USA,EUR,25,,US78709Y1055,SAIA,,149174818.32435113,
HSIC,Henry Schein,Unknown,USA,EUR,25,,US8064071025,HSIC,,87229853.21225064,
SRRK,Scholar Rock Holding,Unknown,USA,EUR,25,,US80706P1030,SRRK,,37062663.80493319,
UCB,United Community Banks,Unknown,USA,EUR,25,,US90984P3038,UCB,,16999723.03413502,
PRSU,Viad,Unknown,USA,EUR,25,,US92552R4065,PRSU,,6309481.245000507,
ELME,Elme Communities,Unknown,USA,EUR,25,,US9396531017,ELME,,1573515.767423214,
WASH,Washington Trust Bancorp,Unknown,USA,EUR,25,,US9406101082,WASH,,3258668.2331202994,
WERN,Werner Enterprises,Unknown,USA,EUR,25,,US9507551086,WERN,,23154028.082417395,
WEST,Westrock Coffee,Unknown,USA,EUR,25,,US96145W1036,WEST,,1729199.2510923604,
KEQU,Kewaunee Scientific,Unknown,USA,EUR,25,,US4928541048,KEQU,,372402.75109775463,
MBIN,Merchants Bancorp,Unknown,USA,EUR,25,,US58844R1086,MBIN,,5145387.5508318,
MLR,Miller Industries,Unknown,USA,EUR,25,,US6005512040,MLR,,3271827.2294781464,
MNPR,Monopar Therapeutics,Unknown,USA,EUR,25,,US61023L2079,MNPR,,2310670.9673604905,
MYE,Myers Industries,Unknown,USA,EUR,25,,US6284641098,MYE,,3073351.2824996454,
NRDS,NerdWallet,Unknown,USA,EUR,25,,US64082B1026,NRDS,,5321084.957747198,
ACON,Aclarion,Unknown,USA,EUR,25,,US6551874091,ACON,,118882.3018214868,
XMAX,Nova LifeStyle,Unknown,USA,EUR,25,,US66979P3001,XMAX,,157785.11193595294,
OSBC,Old Second Bancorp,Unknown,USA,EUR,25,,US6802771005,OSBC,,4072338.018133484,
OSS,One Stop Systems ,Unknown,USA,EUR,25,,US68247W1099,OSS,,1457580.66702844,
OPRT,Oportun Financial,Unknown,USA,EUR,25,,US68376D1046,OPRT,,1665172.835392462,
PAR,PAR Technology,Unknown,USA,EUR,25,,US6988841036,PAR,,21032523.399907973,
PARR,Par Pacific Holdings,Unknown,USA,EUR,25,,US69888T2078,PARR,,28278311.812034246,
PZG,Paramount Gold Nevada,Unknown,USA,EUR,25,,US69924M1099,PZG,,171682.09769569815,
PKE,Park Aerospace,Unknown,USA,EUR,25,,US70014A1043,PKE,,1257674.445387287,
PLBC,Plumas Bancorp,Unknown,USA,EUR,25,,US7292731020,PLBC,,478203.2768850192,
PRCH,Porch Group,Unknown,USA,EUR,25,,US7332451043,PRCH,,10987764.113996685,
BCIC,Portman Ridge,Unknown,USA,EUR,25,,US73688F2011,BCIC,,501978.6098927534,
AGPU,Axe Compute,Unknown,USA,EUR,25,,US74039M4087,AGPU,,125513.87416815214,
FRST,Primis Financial,Unknown,USA,EUR,25,,US74167B1098,FRST,,710173.2185442927,
BPRN,Princeton Bancorp.,Unknown,USA,EUR,25,,US74179A1079,BPRN,,244334.18118916644,
QCRH,QCR Holdings,Unknown,USA,EUR,25,,US74727A1043,QCRH,,5875955.966644524,
REXR,Rexford Industrial Realty,Unknown,USA,EUR,25,,US76169C1009,REXR,,68192700.88224371,
REYN,Reynolds Consumer Product,Unknown,USA,EUR,25,,US76171L1061,REYN,,16161040.192381166,
RZLT,Rezolute,Unknown,USA,EUR,25,,US76200L3096,RZLT,,3096214.458921328,
REPX,Riley Exploration Permian,Unknown,USA,EUR,25,,US76665T1025,REPX,,2851121.920082425,
SEIC,SEI Investments,Unknown,USA,EUR,25,,US7841171033,SEIC,,46381120.015530765,
SMHI,SEACOR Marine Holdings,Unknown,USA,EUR,25,,US78413P1012,SMHI,,637706.6918108005,
SEZL,Sezzle,Unknown,USA,EUR,25,,US78435P1057,SEZL,,40172215.75575389,
BRW,Saba Cap. Income & Opp. Fund,Unknown,USA,EUR,25,,US78518H2022,BRW,,1022425.3836738442,
JOE,St. Joe,Unknown,USA,EUR,25,,US7901481009,JOE,,9656668.32433645,
SNDR,Schneider National Inc. Registered Shares Cl.B o.N.,Unknown,USA,EUR,25,,US80689H1023,SNDR,,17901520.396872774,
UNTY,Unity Bancorp,Unknown,USA,EUR,25,,US9132901029,UNTY,,1487339.7127207406,
UEIC,Universal Electronics,Unknown,USA,EUR,25,,US9134831034,UEIC,,303224.36225460924,
UHT,Universal Health Realty Income Trust,Unknown,USA,EUR,25,,US91359E1055,UHT,,2019454.6961211376,
UVE,Universal Insurance,Unknown,USA,EUR,25,,US91359V1070,UVE,,3939065.0746629946,
UTI,Universal Technical Institute,Unknown,USA,EUR,25,,US9139151040,UTI,,15208915.793255981,
VREX,Varex Imaging,Unknown,USA,EUR,25,,US92214X1063,VREX,,3677917.9445107016,
VSTM,Verastem,Unknown,USA,EUR,25,,US92337C2035,VSTM,,7583099.130902842,
VRRM,Verra Mobility,Unknown,USA,EUR,25,,US92511U1025,VRRM,,22345394.01417145,
VRCA,Verrica Pharma,Unknown,USA,EUR,25,,US92511W2070,VRCA,,374450.5053551444,
VERX,Vertex (A),Unknown,USA,EUR,25,,US92538J1060,VERX,,28104615.64168486,
COCO,Vita Coco,Unknown,USA,EUR,25,,US92846Q1076,COCO,,22951013.635071386,
VITL,Vital Farms,Unknown,USA,EUR,25,,US92847W1036,VITL,,30921876.181064904,
VANI,Vivani Medical,Unknown,USA,EUR,25,,US92854B1098,VANI,,113800.31269825199,
EMPD,Empery Digital,Unknown,USA,EUR,25,,US92864V6083,EMPD,,790178.5109160638,
CLMB,Climb Global Solutions,Unknown,USA,EUR,25,,US9467601053,CLMB,,3644940.392732941,
WAY,Waystar Holding,Unknown,USA,EUR,25,,US9467841055,WAY,,44776146.1588699,
WBS,Webster Finl,Unknown,USA,EUR,25,,US9478901096,WBS,,64098670.84457051,
WCC,Wesco International,Unknown,USA,EUR,25,,US95082P1057,WCC,,109289961.17234713,
WTBA,West Bancorporation,Unknown,USA,EUR,25,,US95123P1066,WTBA,,540563.2663726348,
WNEB,Western New England Bancorp,Unknown,USA,EUR,25,,US9588921018,WNEB,,440175.7497639867,
WLFC,Willis Lease Finance,Unknown,USA,EUR,25,,US9706461053,WLFC,,6592033.015115845,
ZDGE,Zedge,Unknown,USA,EUR,25,,US98923T1043,ZDGE,,132691.05979597167,
ZWS,Zurn Elkay Water,Unknown,USA,EUR,25,,US98983L1089,ZWS,,30833041.67089857,
BATS.L,British American Tobacco,Unknown,UK,EUR,25,,GB0002875804,BATS.L,,161218150.21941882,
ULVR.L,Unilever,Unknown,UK,EUR,25,,GB00BVZK7T90,ULVR.L,,194506688.54343337,
RR.L,Rolls Royce,Unknown,UK,EUR,25,,GB00B63H8491,RR.L,,252368558.37734038,
RIO.L,Rio Tinto,Unknown,UK,EUR,25,,GB0007188757,RIO.L,,152264154.65550005,
SMT.L,Scottish Mortgage Investment Trust,Unknown,UK,EUR,25,,GB00BLDYK618,SMT.L,,23814532.85730249,
ARM,ARM (ADR),Unknown,UK,EUR,25,,US0420682058,ARM,,653741734.4099627,
IMB.L,Imperial Brands,Unknown,UK,EUR,25,,GB0004544929,IMB.L,,55781572.61864501,
HSBA.L,HSBC,Unknown,UK,EUR,25,,GB0005405286,HSBA.L,,225954997.6685828,
DGE.L,Diageo,Unknown,UK,EUR,25,,GB0002374006,DGE.L,,92287268.961799,
BP.L,BP,Unknown,UK,EUR,25,,GB0007980591,BP.L,,180322299.0921356,
BA.L,BAE Systems,Unknown,UK,EUR,25,,GB0002634946,BA.L,,109318712.31833008,
LGEN.L,Legal & General,Unknown,UK,EUR,25,,GB0005603997,LGEN.L,,50723807.5862612,
GAW.L,Games Workshop,Unknown,UK,EUR,25,,GB0003718474,GAW.L,,10162014.871353414,
GSK.L,GlaxoSmithKline,Unknown,UK,EUR,25,,GB00BN7SWP63,GSK.L,,142800288.58363438,
GLEN.L,Glencore,Unknown,UK,EUR,25,,JE00B4T3BW64,GLEN.L,,154736940.4403036,
AZN.L,AstraZeneca,Unknown,UK,EUR,25,,GB0009895292,AZN.L,,291980424.32989717,
VOD.L,Vodafone Group,Unknown,UK,EUR,25,,GB00BH4HKS39,VOD.L,,65167460.706951946,
RKT.L,Reckitt Benckiser,Unknown,UK,EUR,25,,GB00BSZBP530,RKT.L,,82607110.72555023,
III.L,3I Group,Unknown,UK,EUR,25,,GB00B1YW4409,III.L,,64191712.62135628,
ITM.L,ITM Power,Unknown,UK,EUR,25,,GB00B0130H42,ITM.L,,1547323.0655069565,
TRMD-A.CO,TORM,Unknown,UK,EUR,25,,GB00BZ3CNK81,TRMD-A.CO,,4735070.926271558,
NG.L,National Grid,Unknown,UK,EUR,25,,GB00BDR05C01,NG.L,,114887646.40295231,
RYCEY,Rolls Royce (ADR),Unknown,UK,EUR,25,,US7757812067,RYCEY,,28942028.29886696,
BARC.L,Barclays,Unknown,UK,EUR,25,,GB0031348658,BARC.L,,152201384.5332676,
REL.L,RELX,Unknown,UK,EUR,25,,GB00B2B0DG97,REL.L,,150267758.12841186,
BIRK,Birkenstock,Unknown,UK,EUR,25,,JE00BS44BN30,BIRK,,71663399.57689686,
CWR.L,Ceres Power,Unknown,UK,EUR,25,,GB00BG5KQW09,CWR.L,,1795614.8064388325,
RZLV,Rezolve AI,Unknown,UK,EUR,25,,GB00BQH8G337,RZLV,,21281142.07552471,
UKW.L,Greencoat UK Wind,Unknown,UK,EUR,25,,GB00B8SC6K54,UKW.L,,5103848.747470662,
PHP.L,Primary Health Properties,Unknown,UK,EUR,25,,GB00BYRJ5J14,PHP.L,,7361112.813170424,
FRES.L,Fresnillo,Unknown,UK,EUR,25,,GB00B2QPKJ12,FRES.L,,19508415.43356114,
SDLF.L,Phoenix Group,Unknown,UK,EUR,25,,GB00BGXQNP29,SDLF.L,,15726015.18803734,
LSEG.L,London Stock Exchange,Unknown,UK,EUR,25,,GB00B0SWJX34,LSEG.L,,135212756.8554147,
ADM.L,Admiral Group,Unknown,UK,EUR,25,,GB00B02J6398,ADM.L,,19695484.537362892,
AU,AngloGold Ashanti (ADR),Unknown,UK,EUR,25,,GB00BRXH2664,AU,,119623854.06681356,
AV.L,Aviva,Unknown,UK,EUR,25,,GB00BPQY8M80,AV.L,,45515949.36963529,
LLOY.L,Lloyds Banking Group,Unknown,UK,EUR,25,,GB0008706128,LLOY.L,,125360912.55185428,
CTY.L,City of London Inv. Trust,Unknown,UK,EUR,25,,GB0001990497,CTY.L,,4416460.600839069,
HAFNI.OL,Hafnia,Unknown,UK,EUR,25,,SGXZ53070850,HAFNI.OL,,4127757.0750464844,
HLN.L,Haleon,Unknown,UK,EUR,25,,GB00BMX86B70,HLN.L,,79940756.84684396,
AAL.L,Anglo American,Unknown,UK,EUR,25,,GB00BTK05J60,AAL.L,,109869147.38993135,
HLMA.L,Halma,Unknown,UK,EUR,25,,GB0004052071,HLMA.L,,22964061.862506606,
SSE.L,SSE,Unknown,UK,EUR,25,,GB0007908733,SSE.L,,60778491.11184748,
BNZL.L,Bunzl,Unknown,UK,EUR,25,,GB00B0744B38,BNZL.L,,24623417.408330757,
TSCO.L,Tesco,Unknown,UK,EUR,25,,GB00BLGZ9862,TSCO.L,,72851570.05937168,
BRBY.L,Burberry Group,Unknown,UK,EUR,25,,GB0031743007,BRBY.L,,18661964.295925956,
ASHM.L,Ashmore Group,Unknown,UK,EUR,25,,GB00B132NW22,ASHM.L,,1921322.9903486234,
WISE.L,Wise Group,Unknown,UK,EUR,25,,JE00BQKY0816,WISE.L,,15883517.732906118,
IHG.L,InterContinental Hotels Group,Unknown,UK,EUR,25,,GB00BHJYC057,IHG.L,,518426.8448008066,
ITH.L,Ithaca Energy Plc,Unknown,UK,EUR,25,,GB00BPJHV584,ITH.L,,2232748.495835618,
ENOG.L,Energean,Unknown,UK,EUR,25,,GB00BG12Y042,ENOG.L,,2944350.7590984134,
AAF.L,Airtel Africa,Unknown,UK,EUR,25,,GB00BKDRYJ47,AAF.L,,7077927.604474727,
EZJ.L,EasyJet,Unknown,UK,EUR,25,,GB00B7KR2P84,EZJ.L,,22241090.507778786,
ABDN.L,abrdn,Unknown,UK,EUR,25,,GB00BF8Q6K64,ABDN.L,,7392187.7442108365,
IMI.L,IMI,Unknown,UK,EUR,25,,GB00BGLP8L22,IMI.L,,15619208.038956212,
BAB.L,Babcock,Unknown,UK,EUR,25,,GB0009697037,BAB.L,,16101285.369768381,
ARQQ,Arqit Quantum,Unknown,UK,EUR,25,,KYG0567U1278,ARQQ,,6546440.828491166,
ONT.L,Oxford Nanopore Technologies,Unknown,UK,EUR,25,,GB00BP6S8Z30,ONT.L,,2517432.0624002074,
BYG.L,Big Yellow Group,Unknown,UK,EUR,25,,GB0002869419,BYG.L,,4284091.651253635,
STAN.L,Standard Chartered,Unknown,UK,EUR,25,,GB0004082847,STAN.L,,77031761.33731276,
UU.L,United Utilities,Unknown,UK,EUR,25,,GB00B39J2M42,UU.L,,18640022.285732985,
PCT.L,Polar Capital Technology Trust,Unknown,UK,EUR,25,,GB00BR3YV268,PCT.L,,11257910.080056606,
PSN.L,Persimmon,Unknown,UK,EUR,25,,GB0006825383,PSN.L,,18395390.28487315,
MONY.L,Moneysupermarket,Unknown,UK,EUR,25,,GB00B1ZBKY84,MONY.L,,2075735.1448816506,
HIK.L,Hikma Pharmaceuticals,Unknown,UK,EUR,25,,GB00B0LCW083,HIK.L,,9995988.197453465,
RMV.L,Rightmove,Unknown,UK,EUR,25,,GB00BGDT3G23,RMV.L,,16617735.071762457,
CCC.L,Computacenter,Unknown,UK,EUR,25,,GB00BV9FP302,CCC.L,,5825777.714090848,
HOC.L,Hochschild Mining,Unknown,UK,EUR,25,,GB00B1FW5029,HOC.L,,6588882.939690189,
BT-A.L,BT Group,Unknown,UK,EUR,25,,GB0030913577,BT-A.L,,30618110.923611872,
LMP.L,LondonMetric Property,Unknown,UK,EUR,25,,GB00B4WFW713,LMP.L,,12678770.398179809,
EMG.L,MAN Group,Unknown,UK,EUR,25,,JE00BJ1DLW90,EMG.L,,6540910.907125498,
ANTO.L,Antofagasta,Unknown,UK,EUR,25,,GB0000456144,ANTO.L,,26574290.80816848,
YOU.L,YouGov,Unknown,UK,EUR,25,,GB00B1VQ6H25,YOU.L,,1972924.4469842827,
EXPN.L,Experian,Unknown,UK,EUR,25,,GB00B19NLV48,EXPN.L,,73127286.68111548,
KLR.L,Keller Group,Unknown,UK,EUR,25,,GB0004866223,KLR.L,,2375036.5035900744,
PETS.L,Pets At Home,Unknown,UK,EUR,25,,GB00BJ62K685,PETS.L,,2078745.7588360761,
SGRO.L,SEGRO,Unknown,UK,EUR,25,,GB00B5ZN1N88,SGRO.L,,21007520.98190578,
ABF.L,Associated British Foods,Unknown,UK,EUR,25,,GB0006731235,ABF.L,,20430903.838470675,
SGE.L,Sage Group,Unknown,UK,EUR,25,,GB00B8C3BL03,SGE.L,,31634655.605353646,
RPRX,Royalty Pharma ,Unknown,UK,EUR,25,,GB00BMVP7Y09,RPRX,,103560706.99531779,
ITRK.L,Intertek Group,Unknown,UK,EUR,25,,GB0031638363,ITRK.L,,22134017.00001696,
EWI.L,Edinburgh Worldwide,Unknown,UK,EUR,25,,GB00BHSRZC82,EWI.L,,1623224.5879110876,
JDW.L,Wetherspoon,Unknown,UK,EUR,25,,GB0001638955,JDW.L,,1730614.4224026343,
SBRE.L,Sabre Insurance Group,Unknown,UK,EUR,25,,GB00BYWVDP49,SBRE.L,,637336.4223914698,
SVT.L,Severn Trent,Unknown,UK,EUR,25,,GB00B1FH8J72,SVT.L,,17298592.433546994,
IGG.L,IG Group Holdings,Unknown,UK,EUR,25,,GB00B06QFB75,IGG.L,,10840937.334367638,
RCP.L,RIT Capital Partners,Unknown,UK,EUR,25,,GB0007366395,RCP.L,,4354200.666903874,
DRX.L,Drax Group,Unknown,UK,EUR,25,,GB00B1VNSX38,DRX.L,,7845183.32205978,
MGNS.L,Morgan Sindall Group,Unknown,UK,EUR,25,,GB0008085614,MGNS.L,,4082493.1380763277,
LAND.L,Land Securities Group,Unknown,UK,EUR,25,,GB00BYW0PQ60,LAND.L,,16699291.364555715,
DNLM.L,Dunelm Group,Unknown,UK,EUR,25,,GB00B1CKQ739,DNLM.L,,3575895.153188088,
CAML.L,Central Asia Metals,Unknown,UK,EUR,25,,GB00B67KBV28,CAML.L,,1036304.4077276725,
MRO.L,Melrose Industries,Unknown,UK,EUR,25,,GB00BNGDN821,MRO.L,,20671092.172843378,
BLND.L,British Land,Unknown,UK,EUR,25,,GB0001367019,BLND.L,,14232150.20367726,
JMAT.L,Johnson Matthey,Unknown,UK,EUR,25,,GB00BZ4BQC70,JMAT.L,,9351180.509039845,
OXIG.L,Oxford Instruments,Unknown,UK,EUR,25,,GB0006650450,OXIG.L,,2604663.5619721687,
JIGI.L,JPMorgan Indian Investment Trust,Unknown,UK,EUR,25,,GB0003450359,JIGI.L,,855617.7214595989,
WPP.L,Wpp,Unknown,UK,EUR,25,,JE00B8KF9B49,WPP.L,,18965559.27470015,
CRDA.L,Croda International,Unknown,UK,EUR,25,,GB00BJFFLV09,CRDA.L,,14391906.835228145,
FEVR.L,Fevertree Drinks,Unknown,UK,EUR,25,,GB00BRJ9BJ26,FEVR.L,,3142374.6208388796,
CNA.L,Centrica,Unknown,UK,EUR,25,,GB00B033F229,CNA.L,,31281470.015380133,
MNDI.L,Mondi,Unknown,UK,EUR,25,,GB00BMWC6P49,MNDI.L,,14809120.46354813,
FGP.L,FirstGroup,Unknown,UK,EUR,25,,GB0003452173,FGP.L,,1836291.051879507,
FUTR.L,Future,Unknown,UK,EUR,25,,GB00BYZN9041,FUTR.L,,3512159.8609016077,
SPX.L,Spirax Sarco,Unknown,UK,EUR,25,,GB00BWFGQN14,SPX.L,,13219755.014664479,
SDR.L,Schroders,Unknown,UK,EUR,25,,GB00BP9LHF23,SDR.L,,9658001.878495838,
TBCG.L,TBC Bank,Unknown,UK,EUR,25,,GB00BYT18307,TBCG.L,,3753005.6270027393,
HGT.L,HgCapital Trust,Unknown,UK,EUR,25,,GB00BJ0LT190,HGT.L,,3565004.7685391176,
ECOR.L,Ecora Resources,Unknown,UK,EUR,25,,GB0006449366,ECOR.L,,392843.589281521,
ICG.L,Intermediate Capital,Unknown,UK,EUR,25,,GB00BYT1DJ19,ICG.L,,19116814.433045354,
PSON.L,Pearson,Unknown,UK,EUR,25,,GB0006776081,PSON.L,,20322900.610743918,
BAESY,BAE Systems (ADR),Unknown,UK,EUR,25,,US05523R1077,BAESY,,20214604.555705227,
PRU.L,Prudential,Unknown,UK,EUR,25,,GB0007099541,PRU.L,,61525973.28797619,
VTY.L,Vistry Group,Unknown,UK,EUR,25,,GB0001859296,VTY.L,,8216800.423681514,
SBRY.L,Sainsbury's,Unknown,UK,EUR,25,,GB00B019KW72,SBRY.L,,21408834.57281823,
SEPL.L,Seplat Energy,Unknown,UK,EUR,25,,NGSEPLAT0008,SEPL.L,,379295.15515984426,
RTO.L,Rentokil Initial,Unknown,UK,EUR,25,,GB00B082RF11,RTO.L,,26845860.64244273,
KNOS.L,Kainos Group,Unknown,UK,EUR,25,,GB00BZ0D6727,KNOS.L,,2853608.2282350156,
BREE.L,Breedon Group,Unknown,UK,EUR,25,,GB00BM8NFJ84,BREE.L,,3630318.3150822595,
SMIN.L,Smiths Group,Unknown,UK,EUR,25,,GB00B1WY2338,SMIN.L,,20623087.60379027,
SN.L,Smith & Nephew,Unknown,UK,EUR,25,,GB0009223206,SN.L,,30350565.41979953,
JET2.L,Jet2,Unknown,UK,EUR,25,,GB00B1722W11,JET2.L,,9393275.769444592,
UL,UNILEVER (ADR),Unknown,UK,EUR,25,,US9047678035,UL,,136891498.9952802,
RSW.L,Renishaw,Unknown,UK,EUR,25,,GB0007323586,RSW.L,,2756671.4763470367,
PAY.L,PayPoint PLC,Unknown,UK,EUR,25,,GB00BVMTNR93,PAY.L,,1139470.456695507,
ZEG.L,Zegona Communications PLC,Unknown,UK,EUR,25,,GB00BVGBY890,ZEG.L,,3452457.624369855,
BTRW.L,Barratt Developments,Unknown,UK,EUR,25,,GB0000811801,BTRW.L,,21124133.12470676,
BYIT.L,Bytes Technology Group,Unknown,UK,EUR,25,,GB00BMH18Q19,BYIT.L,,2785869.779900581,
TNK,Teekay Tankers,Unknown,UK,EUR,25,,BMG8726X1065,TNK,,18519017.387222797,
HWDN.L,Howden Joinery Group,Unknown,UK,EUR,25,,GB0005576813,HWDN.L,,13188742.976861337,
MKS.L,Marks & Spencer (M&S),Unknown,UK,EUR,25,,GB0031274896,MKS.L,,30348500.14434007,
DLN.L,Derwent London,Unknown,UK,EUR,25,,GB0002652740,DLN.L,,4474296.004466025,
KGF.L,Kingfisher,Unknown,UK,EUR,25,,GB0033195214,KGF.L,,18345103.600259073,
OCI.L,Oakley Capital,Unknown,UK,EUR,25,,BMG670131058,OCI.L,,1074023.739995565,
ROR.L,Rotork,Unknown,UK,EUR,25,,GB00BVFNZH21,ROR.L,,6156561.307869935,
ASL.L,Aberforth Smaller Companies Trust,Unknown,UK,EUR,25,,GB0000066554,ASL.L,,2412258.2342535276,
PFD.L,Premier Foods,Unknown,UK,EUR,25,,GB00B7N0K053,PFD.L,,2291731.6571881194,
GRI.L,Grainger,Unknown,UK,EUR,25,,GB00B04V1276,GRI.L,,3856405.9845819194,
MGAM.L,Morgan Advanced Materials,Unknown,UK,EUR,25,,GB0006027295,MGAM.L,,1470939.8638184406,
OXB.L,Oxford BioMedica,Unknown,UK,EUR,25,,GB00BDFBVT43,OXB.L,,984531.7191178439,
ROIV,Roivant Sciences,Unknown,UK,EUR,25,,BMG762791017,ROIV,,70632577.58706476,
MEGP.L,Photo-Me,Unknown,UK,EUR,25,,GB0008481250,MEGP.L,,834479.1163941401,
TATE.L,Tate & Lyle,Unknown,UK,EUR,25,,GB00BP92CJ43,TATE.L,,6452659.056570752,
3IN.L,3I Infrastructure,Unknown,UK,EUR,25,,JE00BF5FX167,3IN.L,,3728618.412693734,
GDWN.L,Goodwin,Unknown,UK,EUR,25,,GB0003781050,GDWN.L,,464334.20674630656,
CER.L,Cerillion,Unknown,UK,EUR,25,,GB00BYYX6C66,CER.L,,872862.613726667,
FSG.L,Foresight Group Holdings,Unknown,UK,EUR,25,,GG00BMD8MJ76,FSG.L,,1021035.5008541124,
WTB.L,Whitbread,Unknown,UK,EUR,25,,GB00B1KJJ408,WTB.L,,20460451.311875194,
SCT.L,Softcat,Unknown,UK,EUR,25,,GB00BYZDVK82,SCT.L,,5328623.812365813,
SRE.L,Sirius Real Estate,Unknown,UK,EUR,25,,GG00B1W3VF54,SRE.L,,2962082.050250274,
TROX,Tronox Holdings,Unknown,UK,EUR,25,,GB00BJT16S69,TROX,,13438606.98883247,
AUTO.L,Auto Trader Group,Unknown,UK,EUR,25,,GB00BVYVFW23,AUTO.L,,21135820.637274034,
TRN.L,Trainline,Unknown,UK,EUR,25,,GB00BKDTK925,TRN.L,,3350279.906917673,
FCSS.L,Fidelity China,Unknown,UK,EUR,25,,GB00B62Z3C74,FCSS.L,,2433043.447161783,
VSVS.L,Vesuvius,Unknown,UK,EUR,25,,GB00B82YXW83,VSVS.L,,1385668.6749278754,
BATRK,Atlanta Braves Holdings,Unknown,UK,EUR,25,,US0477263026,BATRK,,10483670.000956103,
EWG.L,W.A.G Payment Solutions,Unknown,UK,EUR,25,,GB00BLGXWY71,EWG.L,,192931.933973265,
TMPL.L,Temple Bar Investment Trust,Unknown,UK,EUR,25,,GB00BMV92D64,TMPL.L,,2661822.770445592,
BCG.L,Baltic Classifieds Group,Unknown,UK,EUR,25,,GB00BN44P254,BCG.L,,3396694.7981465766,
NXT.L,Next,Unknown,UK,EUR,25,,GB0032089863,NXT.L,,42560451.082967035,
SHC.L,Capital & Counties Properties,Unknown,UK,EUR,25,,GB00B62G9D36,SHC.L,,4867354.576438231,
SNR.L,Senior,Unknown,UK,EUR,25,,GB0007958233,SNR.L,,1434382.8230070886,
NCC.L,NCC Group,Unknown,UK,EUR,25,,GB00B01QGK86,NCC.L,,1364772.988928985,
LIVN,LivaNova,Unknown,UK,EUR,25,,GB00BYMT0J19,LIVN,,26642624.067713115,
FRAS.L,Frasers Group,Unknown,UK,EUR,25,,GB00B1QH8P22,FRAS.L,,1512722.934010012,
JUP.L,Jupiter Fund Manag.,Unknown,UK,EUR,25,,GB00B53P2009,JUP.L,,1243284.456300816,
IEM.L,Impax Environmental Mkts,Unknown,UK,EUR,25,,GB0031232498,IEM.L,,2653431.196227082,
BRSL,International Game Technology,Unknown,UK,EUR,25,,GB00BVG7F061,BRSL,,16800338.84077685,
HFD.L,Halfords Group,Unknown,UK,EUR,25,,GB00B012TP20,HFD.L,,700526.2359807896,
BWY.L,Bellway,Unknown,UK,EUR,25,,GB0000904986,BWY.L,,10714860.272223286,
MAB.L,Mitchells & Butlers,Unknown,UK,EUR,25,,GB00B1FP6H53,MAB.L,,814933.0243578448,
HVPE.L,HarbourVest Global Private Equity,Unknown,UK,EUR,25,,GG00BR30MJ80,HVPE.L,,3296859.569153833,
INF.L,Informa,Unknown,UK,EUR,25,,GB00BMJ6DW54,INF.L,,27749000.701290928,
BME.L,B&M European Value Retail,Unknown,UK,EUR,25,,JE00BVSYJW51,BME.L,,13286194.324368685,
OCDO.L,Ocado Group,Unknown,UK,EUR,25,,GB00B3MBS747,OCDO.L,,7240522.492054965,
BVXP.L,Bioventix,Unknown,UK,EUR,25,,GB00B4QVDF07,BVXP.L,,147497.68292863024,
SRC.L,SigmaRoc,Unknown,UK,EUR,25,,GB00BYX5K988,SRC.L,,3220987.149565692,
GYM.L,The Gym Group,Unknown,UK,EUR,25,,GB00BZBX0P70,GYM.L,,268286.8995483746,
IBST.L,Ibstock,Unknown,UK,EUR,25,,GB00BYXJC278,IBST.L,,1506295.90048397,
AMS.L,Advanced Medical Solutions Group,Unknown,UK,EUR,25,,GB0004536594,AMS.L,,1307784.5266734962,
HTG.L,Hunting,Unknown,UK,EUR,25,,GB0004478896,HTG.L,,1452778.0664628881,
JSG.L,Johnson Service Group,Unknown,UK,EUR,25,,GB0004762810,JSG.L,,1405507.7110202159,
NICL.L,Nichols,Unknown,UK,EUR,25,,GB0006389398,NICL.L,,334996.12505614286,
UUGRY,United Utilities Group,Unknown,UK,EUR,25,,US91311E1029,UUGRY,,679030.1422524817,
ABDP.L,AB Dynamics,Unknown,UK,EUR,25,,GB00B9GQVG73,ABDP.L,,604788.5630568953,
CLVT,Clarivate,Unknown,UK,EUR,25,,JE00BJJN4441,CLVT,,16051865.412483536,
FAN.L,Volution,Unknown,UK,EUR,25,,GB00BN3ZZ526,FAN.L,,2528379.5134942336,
PUK,Prudential (ADR),Unknown,UK,EUR,25,,US74435K2042,PUK,,17464467.368925106,
BOY.L,Bodycote,Unknown,UK,EUR,25,,GB00B3FLWH99,BOY.L,,1770591.7583712647,
AO.L,AO World,Unknown,UK,EUR,25,,GB00BJTNFH41,AO.L,,333333.7497689377,
DSCV.L,discoverIE Group,Unknown,UK,EUR,25,,GB0000055888,DSCV.L,,1273181.1370302315,
WWH.L,Worldwide Healthcare Trust,Unknown,UK,EUR,25,,GB00BN455J50,WWH.L,,4759499.561893424,
ROSE.L,Rosebank Industries,Unknown,UK,EUR,25,,JE00BSBJ5M88,ROSE.L,,430691.6260564171,
OTL.OL,Odfjell Technology,Unknown,UK,EUR,25,,BMG6716L1081,OTL.OL,,171898.41567534715,
PSFE,Paysafe,Unknown,UK,EUR,25,,BMG6964L2062,PSFE,,3367255.8560840962,
SDRL,Seadrill,Unknown,UK,EUR,25,,BMG7997W1029,SDRL,,25605435.30587394,
TLSA,Tiziana Life Sciences,Unknown,UK,EUR,25,,BMG889121031,TLSA,,243577.00486251758,
KNOP,Knot Offshore Partners,Unknown,UK,EUR,25,,MHY481251012,KNOP,,477030.2827425628,
ZED.JO,Zeder Investments,Unknown,UK,EUR,25,,ZAE000088431,ZED.JO,,20375164.134309128,
BBY.L,Balfour Beatty,Unknown,UK,EUR,25,,GB0000961622,BBY.L,,6461560.977620641,
DPLM.L,Diploma,Unknown,UK,EUR,25,,GB0001826634,DPLM.L,,16805318.430239595,
CKN.L,Clarkson,Unknown,UK,EUR,25,,GB0002018363,CKN.L,,2439277.768661962,
ELM.L,Elementis Plc,Unknown,UK,EUR,25,,GB0002418548,ELM.L,,1405835.4335515492,
FSJ.L,Fisher and Sons,Unknown,UK,EUR,25,,GB0003395000,FSJ.L,,100536.42333144826,
IPX.L,Impax Asset Management Group,Unknown,UK,EUR,25,,GB0004905260,IPX.L,,836308.9641513033,
GBG.L,GB Group,Unknown,UK,EUR,25,,GB0006870611,GBG.L,,2414733.4051624862,
CSN.L,Chesnara,Unknown,UK,EUR,25,,GB00B00FPT80,CSN.L,,966390.3698632376,
VANQ.L,Vanquis Banking,Unknown,UK,EUR,25,,GB00B1Z4ST84,VANQ.L,,495656.7580116346,
PAG.L,Paragon Banking Grp,Unknown,UK,EUR,25,,GB00B2NGPM57,PAG.L,,3144641.9000979355,
VIVO,VivoPower International,Unknown,UK,EUR,25,,GB00BD3VDH82,VIVO,,1099288.3099317118,
IHP.L,IntegraFin,Unknown,UK,EUR,25,,GB00BD45SH49,IHP.L,,1659391.9227536365,
GTES,Gates Industrial Corporation,Unknown,UK,EUR,25,,GB00BD9G2S12,GTES,,41702430.72006597,
KGH.L,Knights Group Holdings,Unknown,UK,EUR,25,,GB00BFYF6298,KGH.L,,187807.992803902,
HSW.L,Hostelworld Group,Unknown,UK,EUR,25,,GB00BYYN4225,HSW.L,,114435.66935585662,
HWG.L,Harworth Group,Unknown,UK,EUR,25,,GB00BYZJ7G42,HWG.L,,311990.4026954813,
CORD.L,Cordiant Digital Infrastructure,Unknown,UK,EUR,25,,GG00BMC7TM77,CORD.L,,924604.1946127074,
BTAI,BioXcel Therapeutics,Unknown,UK,EUR,25,,US09075P2048,BTAI,,514601.6463772359,
NET.L,Netcall,Unknown,UK,EUR,25,,GB0000060532,NET.L,,170628.67898043632,
KIE.L,Kier Group,Unknown,UK,EUR,25,,GB0004915632,KIE.L,,2758866.96081007,
RNWH.L,Renew Holdings,Unknown,UK,EUR,25,,GB0005359004,RNWH.L,,1593871.6639463138,
SNX.L,Synectics,Unknown,UK,EUR,25,,GB0007156838,SNX.L,,108857.19413879946,
CBG.L,Close Brothers Group,Unknown,UK,EUR,25,,GB0007668071,CBG.L,,2360140.2927276827,
STJ.L,St. James's Place,Unknown,UK,EUR,25,,GB0007669376,STJ.L,,20351237.91112926,
VLX.L,Volex,Unknown,UK,EUR,25,,GB0009390070,VLX.L,,1551013.3377496626,
WEIR.L,Weir Group,Unknown,UK,EUR,25,,GB0009465807,WEIR.L,,17619694.112939544,
SAA.L,M & C Saatchi,Unknown,UK,EUR,25,,GB00B01F7T14,SAA.L,,166626.52081946412,
JHD.L,Halstead,Unknown,UK,EUR,25,,GB00B0LS8535,JHD.L,,552251.4331566454,
YNGA.L,Young and Co.'s Brewery,Unknown,UK,EUR,25,,GB00B2NDK765,YNGA.L,,447844.84646527446,
RST.L,Restore,Unknown,UK,EUR,25,,GB00B5NR1S72,RST.L,,633295.6382647915,
INCH.L,Inchcape,Unknown,UK,EUR,25,,GB00B61TVQ02,INCH.L,,6108174.440114224,
WKP.L,Workspace,Unknown,UK,EUR,25,,GB00B67G5X01,WKP.L,,1722066.0278187077,
FDEV.L,Frontier Development,Unknown,UK,EUR,25,,GB00BBT32N39,FDEV.L,,328261.9589017371,
BGEO.L,Bank of Georgia Group,Unknown,UK,EUR,25,,GB00BF4HYT85,BGEO.L,,4881630.653149089,
GPE.L,Great Port Estates,Unknown,UK,EUR,25,,GB00BF5H9P87,GPE.L,,2791892.702035131,
OIT.L,Odyssean Inv. Trust,Unknown,UK,EUR,25,,GB00BFFK7H57,OIT.L,,289513.34787091357,
SQZ.L,Serica Energy,Unknown,UK,EUR,25,,GB00B0CY5V57,SQZ.L,,2833730.136044196,
HLCL.L,Helical,Unknown,UK,EUR,25,,GB00B0FYMT95,HLCL.L,,172958.9374826309,
STEM.L,Sthree PLC,Unknown,UK,EUR,25,,GB00B0KM9T71,STEM.L,,701430.6969727557,
IGC.L,India Capital Growth,Unknown,UK,EUR,25,,GB00B0P8RJ60,IGC.L,,390149.77385888295,
QQ.L,QinetiQ Group,Unknown,UK,EUR,25,,GB00B0WMWD03,QQ.L,,6997518.488031318,
CLIG.L,City of London,Unknown,UK,EUR,25,,GB00B104RS51,CLIG.L,,184777.23965376802,
ALW.L,Alliance Witan,Unknown,UK,EUR,25,,GB00B11V7W98,ALW.L,,7140090.006258515,
SVS.L,Savills,Unknown,UK,EUR,25,,GB00B135BJ46,SVS.L,,2563087.896235822,
INVP.L,Investec,Unknown,UK,EUR,25,,GB00B17BBQ50,INVP.L,,6615294.414235141,
RNK.L,Rank Group,Unknown,UK,EUR,25,,GB00B1L5QH97,RNK.L,,384783.2166541075,
SAFE.L,Safestore,Unknown,UK,EUR,25,,GB00B1N7Z094,SAFE.L,,3215427.1485140068,
IPF.L,Intl. Personal,Unknown,UK,EUR,25,,GB00B1YKG049,IPF.L,,839105.4193763244,
FSTA.L,Fuller Smith & Turner,Unknown,UK,EUR,25,,GB00B1YPC344,FSTA.L,,241601.90882141638,
TRCS.L,TRACSiS,Unknown,UK,EUR,25,,GB00B28HSF71,TRCS.L,,245174.3393146221,
CURY.L,Currys,Unknown,UK,EUR,25,,GB00B4Y7R145,CURY.L,,3242036.9589273315,
GRG.L,Greggs,Unknown,UK,EUR,25,,GB00B63QSB39,GRG.L,,7296465.219482565,
BOWL.L,Hollywood Bowl,Unknown,UK,EUR,25,,GB00BD0NVK62,BOWL.L,,1519848.4808912238,
PAGE.L,PageGroup,Unknown,UK,EUR,25,,GB0030232317,PAGE.L,,1535002.3751828186,
AJB.L,AJ Bell,Unknown,UK,EUR,25,,GB00BFZNLB60,AJB.L,,3895432.230277007,
FCH.L,Funding Circle,Unknown,UK,EUR,25,,GB00BG0TPX62,FCH.L,,902504.4968639446,
WOSG.L,Watches of Switzerland,Unknown,UK,EUR,25,,GB00BJDQQ870,WOSG.L,,2976638.586137013,
CREI.L,Custodian Property Income REIT,Unknown,UK,EUR,25,,GB00BJFLFT45,CREI.L,,429342.9376695261,
N91.L,Ninety One,Unknown,UK,EUR,25,,GB00BJHPLV88,N91.L,,1139886.8527123735,
SNOX.AQ,SulNOx Group,Unknown,UK,EUR,25,,GB00BJVQQP66,SNOX.AQ,,1614525.2636225582,
TPK.L,Travis Perkins,Unknown,UK,EUR,25,,GB00BK9RKT01,TPK.L,,4227597.734281672,
TET.L,Treatt,Unknown,UK,EUR,25,,GB00BKS7YK08,TET.L,,437428.5891669716,
WIX.L,Wickes Group,Unknown,UK,EUR,25,,GB00BL6C2002,WIX.L,,1130254.0618019165,
EDV.TO,Endeavour Mining,Unknown,UK,EUR,25,,GB00BL6K5J42,EDV.TO,,15112188.765119463,
BBOX.L,Tritax Big Box,Unknown,UK,EUR,25,,GB00BG49KP99,BBOX.L,,8893298.461849596,
HTWS.L,Helios Tower,Unknown,UK,EUR,25,,GB00BJVQC708,HTWS.L,,2069296.4632831756,
MNG.L,"M+G               Ls -,05",Unknown,UK,EUR,25,,GB00BKFB1C65,MNG.L,,15681697.440664336,
SEA.L,Seascape Energy Asia,Unknown,UK,EUR,25,,GB00BKFW2482,SEA.L,,105970.1391980804,
GFRD.L,Galliford Try Holdings,Unknown,UK,EUR,25,,GB00BKY40Q38,GFRD.L,,837822.4222918653,
OSB.L,OSB Group,Unknown,UK,EUR,25,,GB00BLDRH360,OSB.L,,4335137.011435131,
AT.L,Ashtead Technology,Unknown,UK,EUR,25,,GB00BLH42507,AT.L,,1826203.9388279796,
PNL.L,Personal Assets Trust,Unknown,UK,EUR,25,,GB00BM8B5H06,PNL.L,,3078663.9738831567,
MTRO.L,Metro Bank Holdings,Unknown,UK,EUR,25,,GB00BMX3W479,MTRO.L,,1153052.0212786766,
SAGA.L,Saga,Unknown,UK,EUR,25,,GB00BMX64W89,SAGA.L,,537108.0585879261,
ALTN.L,AltynGold,Unknown,UK,EUR,25,,GB00BMH19X50,ALTN.L,,239095.39182906633,
MOON.L,Moonpig Group,Unknown,UK,EUR,25,,GB00BMT9K014,MOON.L,,2201716.203496739,
BPT.L,Bridgepoint Advisers Group,Unknown,UK,EUR,25,,GB00BND88V85,BPT.L,,1869031.2627378725,
PBEE.L,Pensionbee Group,Unknown,UK,EUR,25,,GB00BNDRLN84,PBEE.L,,150522.01825508114,
CNE.L,Capricorn Energy,Unknown,UK,EUR,25,,GB00BNKT5L33,CNE.L,,152649.73070533233,
SPI.L,Spire Healthcare,Unknown,UK,EUR,25,,GB00BNLPYF73,SPI.L,,1408726.4790892263,
PNN.L,Pennon,Unknown,UK,EUR,25,,GB00BNNTLN49,PNN.L,,6417638.998467185,
GMET.L,Guardian Metal Resources,Unknown,UK,EUR,25,,GB00BPQY8R36,GMET.L,,193581.28180251684,
APN.L,Applied Nutrition,Unknown,UK,EUR,25,,GB00BPVDXX64,APN.L,,391268.260255285,
HEMO.L,Hemogenyx Pharmaceuticals,Unknown,UK,EUR,25,,GB00BQVXM815,HEMO.L,,105680.54955699803,
HMSO.L,Hammerson,Unknown,UK,EUR,25,,GB00BRJQ8J25,HMSO.L,,2771017.1474966058,
OPT.L,Optima Health,Unknown,UK,EUR,25,,GB00BRSCY602,OPT.L,,194966.48724315752,
DFS.L,DFS Furniture,Unknown,UK,EUR,25,,GB00BTC0LB89,DFS.L,,183568.5857244063,
RWS.L,RWS,Unknown,UK,EUR,25,,GB00BVFCZV34,RWS.L,,1295753.334088876,
TAM.L,Tatton Asset Management,Unknown,UK,EUR,25,,GB00BYX1P358,TAM.L,,377052.1888158326,
LUCE.L,Luceco,Unknown,UK,EUR,25,,GB00BZC0LP49,LUCE.L,,278873.6872568259,
BUR,Burford Capital,Unknown,UK,EUR,25,,GG00BMGYLN96,BUR,,11441228.073783249,
KAP.JO,KAP,Unknown,UK,EUR,25,,ZAE000171963,KAP.JO,,563082609.9690363,
MST.JO,Mustek,Unknown,UK,EUR,25,,ZAE000012373,MST.JO,,9716597.332671959,
SSU.JO,Southern Sun,Unknown,UK,EUR,25,,ZAE000272522,SSU.JO,,470803833.6209062,
YCA.L,Yellow Cake,Unknown,UK,EUR,25,,JE00BF50RG45,YCA.L,,6322044.510725845,
PSO,Pearson (ADR),Unknown,UK,EUR,25,,US7050151056,PSO,,7525887.644048672,
TRU.L,TruFin,Unknown,UK,EUR,25,,JE00BYVWJZ03,TRU.L,,139731.19687371957,
BOOM.L,Audioboom Group,Unknown,UK,EUR,25,,JE00BJYJFG60,BOOM.L,,318356.2912791261,
TCAP.L,TP ICAP Group,Unknown,UK,EUR,25,,JE00BMDZN391,TCAP.L,,4704329.959787752,
EVTL,Vertical Aerospace,Unknown,UK,EUR,25,,KYG9471C2068,EVTL,,3199749.114692337,
ASML.AS,ASML,Unknown,Netherlands,EUR,25,,NL0010273215,ASML.AS,,521162448.08761597,
AIR.PA,Airbus,Unknown,Netherlands,EUR,25,,NL0000235190,AIR.PA,,176291242.75694275,
SHEL.L,Shell,Unknown,Netherlands,EUR,25,,GB00BP6MXD84,SHEL.L,,291815772.0346652,
NBIS,Nebius Group (A),Unknown,Netherlands,EUR,25,,NL0009805522,NBIS,,755097441.2664204,
ADYEN.AS,Adyen,Unknown,Netherlands,EUR,25,,NL0012969182,ADYEN.AS,,98495055.50048828,
INGA.AS,ING Group,Unknown,Netherlands,EUR,25,,NL0011821202,INGA.AS,,146855171.47175503,
RACE.MI,Ferrari,Unknown,Netherlands,EUR,25,,NL0011585146,RACE.MI,,129920943.82171631,
WKL.AS,Wolters Kluwer,Unknown,Netherlands,EUR,25,,NL0000395903,WKL.AS,,70901675.62555313,
ASM.AS,ASM International,Unknown,Netherlands,EUR,25,,NL0000334118,ASM.AS,,82231348.34095764,
STLAM.MI,Stellantis,Unknown,Netherlands,EUR,25,,NL00150001Q9,STLAM.MI,,179795266.1289959,
RDC.DE,Redcare Pharmacy,Unknown,Netherlands,EUR,25,,NL0012044747,RDC.DE,,7377379.87890625,
NN.AS,NN Group,Unknown,Netherlands,EUR,25,,NL0010773842,NN.AS,,32789876.13537979,
STMPA.PA,STMicroelectronics,Unknown,Netherlands,EUR,25,,NL0000226223,STMPA.PA,,61660683.14388275,
AD.AS,Ahold Delhaize,Unknown,Netherlands,EUR,25,,NL0011794037,AD.AS,,62136692.159259796,
PHIA.AS,Philips,Unknown,Netherlands,EUR,25,,NL0000009538,PHIA.AS,,33616946.617040634,
NXPI,NXP Semiconductors,Unknown,Netherlands,EUR,25,,NL0009538784,NXPI,,498881519.60476625,
LYB,Lyondellbasell Industries,Unknown,Netherlands,EUR,25,,NL0009434992,LYB,,193077410.10702533,
BESI.AS,BE Semiconductors,Unknown,Netherlands,EUR,25,,NL0012866412,BESI.AS,,55543357.30163193,
ABN.AS,ABN AMRO,Unknown,Netherlands,EUR,25,,NL0011540547,ABN.AS,,50934963.185528755,
ASRNL.AS,ASR Nederland,Unknown,Netherlands,EUR,25,,NL0011872643,ASRNL.AS,,20308864.848604202,
PRX.AS,Prosus,Unknown,Netherlands,EUR,25,,NL0013654783,PRX.AS,,115665633.81673813,
HEIA.AS,Heineken,Unknown,Netherlands,EUR,25,,NL0000009165,HEIA.AS,,51297365.931438446,
QGEN,Qiagen,Unknown,Netherlands,EUR,25,,NL0015002SN0,QGEN,,49144345.87343228,
EXO.AS,EXOR,Unknown,Netherlands,EUR,25,,NL0012059018,EXO.AS,,13312314.676231384,
SFQ.DE,SAF-HOLLAND,Unknown,Netherlands,EUR,25,,DE000SAFH001,SFQ.DE,,947431.8835601807,
UMG.AS,Universal Music Group,Unknown,Netherlands,EUR,25,,NL0015000IY2,UMG.AS,,38942286.63242245,
ALFEN.AS,Alfen,Unknown,Netherlands,EUR,25,,NL0012817175,ALFEN.AS,,3456100.187766075,
LIGHT.AS,Signify,Unknown,Netherlands,EUR,25,,NL0011821392,LIGHT.AS,,8707798.627366066,
SBMO.AS,SBM Offshore,Unknown,Netherlands,EUR,25,,NL0000360618,SBMO.AS,,6672763.184875488,
BAMNB.AS,Koninklijke BAM Groep,Unknown,Netherlands,EUR,25,,NL0000337319,BAMNB.AS,,5100444.428580284,
OCI.AS,OCI,Unknown,Netherlands,EUR,25,,NL0010558797,OCI.AS,,1910323.6890678406,
HEIO.AS,Heineken Holding,Unknown,Netherlands,EUR,25,,NL0000008977,HEIO.AS,,10704989.803510666,
CNH,CNH Industrial,Unknown,Netherlands,EUR,25,,NL0010545661,CNH,,119564595.15813687,
FER.MC,Ferrovial,Unknown,Netherlands,EUR,25,,NL0015001FS8,FER.MC,,34558887.144844055,
VLK.AS,Van Lansch Kemp,Unknown,Netherlands,EUR,25,,NL0000302636,VLK.AS,,2402601.8423347473,
FFARM.AS,ForFarmers,Unknown,Netherlands,EUR,25,,NL0011832811,FFARM.AS,,342339.4126868248,
FLOW.AS,Flow Traders ,Unknown,Netherlands,EUR,25,,BMG3602E1084,FLOW.AS,,3032270.9780254364,
RAND.AS,Randstad,Unknown,Netherlands,EUR,25,,NL0000379121,RAND.AS,,13146920.397044182,
IMCD.AS,IMCD Group,Unknown,Netherlands,EUR,25,,NL0010801007,IMCD.AS,,15784348.387451172,
KPN.AS,Royal KPN,Unknown,Netherlands,EUR,25,,NL0000009082,KPN.AS,,33795448.20210409,
VPK.AS,Vopak,Unknown,Netherlands,EUR,25,,NL0009432491,VPK.AS,,4735458.221122742,
BESIY,BE Semiconductor Industries,Unknown,Netherlands,EUR,25,,US0733201034,BESIY,,252586.53197473567,
CTPNV.AS,CTP,Unknown,Netherlands,EUR,25,,NL00150006R6,CTPNV.AS,,1889293.8218708038,
AKZA.AS,Akzo Nobel,Unknown,Netherlands,EUR,25,,NL0013267909,AKZA.AS,,23834582.128240585,
WHA.AS,Wereldhave,Unknown,Netherlands,EUR,25,,NL0000289213,WHA.AS,,1249666.8228635788,
AALB.AS,Aalberts,Unknown,Netherlands,EUR,25,,NL0000852564,AALB.AS,,5833633.965955734,
NRP.JO,NEPI Rockcastle,Unknown,Netherlands,EUR,25,,NL0015000RT3,NRP.JO,,17847517109.988686,
ASMIY,ASM International,Unknown,Netherlands,EUR,25,,USN070451026,ASMIY,,2960387.1324151168,
ADYEY,Adyen (ADR),Unknown,Netherlands,EUR,25,,US00783V1044,ADYEY,,8038622.340171939,
TOM2.AS,TomTom,Unknown,Netherlands,EUR,25,,NL0013332471,TOM2.AS,,990684.9506139755,
KENDR.AS,Kendrion,Unknown,Netherlands,EUR,25,,NL0000852531,KENDR.AS,,259538.9827194214,
PLX.PA,Pluxee,Unknown,Netherlands,EUR,25,,NL0015001W49,PLX.PA,,2149565.2624149323,
PHVS,Pharvaris N.V.,Unknown,Netherlands,EUR,25,,NL00150005Y4,PHVS,,1869223.4445721214,
AKZOY,Akzo Nobel (ADR),Unknown,Netherlands,EUR,25,,US0101995035,AKZOY,,1596127.3657099642,
AGN.AS,Aegon,Unknown,Netherlands,EUR,25,,BMG0112X1056,AGN.AS,,29770966.94900036,
DSFIR.AS,DSM-Firmenich,Unknown,Netherlands,EUR,25,,CH1216478797,DSFIR.AS,,42712566.93872452,
HAL.AS,HAL Trust,Unknown,Netherlands,EUR,25,,BMG455841020,HAL.AS,,1618143.443496704,
CMCOM.AS,CM.com,Unknown,Netherlands,EUR,25,,NL0012747059,CMCOM.AS,,171979.49687337875,
ENVI.AS,Envipco,Unknown,Netherlands,EUR,25,,NL0015000GX8,ENVI.AS,,132816.43075537682,
ONWD.BR,ONWARD Medical,Unknown,Netherlands,EUR,25,,NL0015000HT4,ONWD.BR,,342352.9947999716,
CNCK,Coincheck Group N.V.,Unknown,Netherlands,EUR,25,,NL0015002BV9,CNCK,,150828.47545193767,
AVTX.AS,Avantium,Unknown,Netherlands,EUR,25,,NL0015002IE0,AVTX.AS,,843603.8008441925,
PRQR,ProQR Therapeutics,Unknown,Netherlands,EUR,25,,NL0010872495,PRQR,,627112.984600849,
FAST.AS,Fastned,Unknown,Netherlands,EUR,25,,NL0013654809,FAST.AS,,333993.9675884247,
NSI.AS,NSI,Unknown,Netherlands,EUR,25,,NL0012365084,NSI.AS,,583309.6462554932,
ECMPA.AS,Eurocommercial Properties,Unknown,Netherlands,EUR,25,,NL0015000K93,ECMPA.AS,,1125893.0381383896,
PPH.L,PPHE Hotel Group,Unknown,Netherlands,EUR,25,,GG00B1Z5FH87,PPH.L,,400831.0820902218,
HEINY,Heineken (ADR),Unknown,Netherlands,EUR,25,,US4230123014,HEINY,,3518030.6088619023,
RANJY,Randstad (ADR),Unknown,Netherlands,EUR,25,,US75279Q1085,RANJY,,230700.22275751428,
IMCDY,IMCD Group (ADR),Unknown,Netherlands,EUR,25,,US44970W1036,IMCDY,,734759.9278556751,
ARGX,Argens (ADR),Unknown,Netherlands,EUR,25,,US04016X1019,ARGX,,191662078.9178903,
NNGRY,NN Group (ADR),Unknown,Netherlands,EUR,25,,US6293341037,NNGRY,,625709.8116631992,
EADSY,Airbus (ADR),Unknown,Netherlands,EUR,25,,US0092791005,EADSY,,16702650.638749506,
ACOMO.AS,Amsterdam Commodities,Unknown,Netherlands,EUR,25,,NL0000313286,ACOMO.AS,,456471.6643047333,
FUR.AS,Fugro,Unknown,Netherlands,EUR,25,,NL00150003E1,FUR.AS,,5257699.0680241585,
IBE.MC,Iberdrola,Unknown,Spain,EUR,25,,ES0144580Y14,IBE.MC,,131763403.4651103,
SAN.MC,Banco Santander,Unknown,Spain,EUR,25,,ES0113900J37,SAN.MC,,177506630.07220268,
TEF.MC,Telefonica,Unknown,Spain,EUR,25,,ES0178430E18,TEF.MC,,35038987.53057182,
REP.MC,Repsol,Unknown,Spain,EUR,25,,ES0173516115,REP.MC,,52565003.00056934,
ITX.MC,Inditex,Unknown,Spain,EUR,25,,ES0148396007,ITX.MC,,85513982.07630539,
BBVA.MC,Banco Bilbao Vizcaya Argentaria,Unknown,Spain,EUR,25,,ES0113211835,BBVA.MC,,114659051.64986706,
IDR.MC,Indra Sistemas,Unknown,Spain,EUR,25,,ES0118594417,IDR.MC,,28968885.701973915,
MRL.MC,MERLIN Properties SOCIMI,Unknown,Spain,EUR,25,,ES0105025003,MRL.MC,,9702817.137941837,
SAB.MC,Banco Sabadell,Unknown,Spain,EUR,25,,ES0113860A34,SAB.MC,,31557586.404126167,
AENA.MC,Aena,Unknown,Spain,EUR,25,,ES0105046017,AENA.MC,,28713153.720083237,
RED.MC,Red Electrica,Unknown,Spain,EUR,25,,ES0173093024,RED.MC,,16028230.182213783,
SLR.MC,Solaria Energia,Unknown,Spain,EUR,25,,ES0165386014,SLR.MC,,10400994.637685776,
ENG.MC,Enagas,Unknown,Spain,EUR,25,,ES0130960018,ENG.MC,,11563034.682994843,
ANA.MC,Acciona,Unknown,Spain,EUR,25,,ES0125220311,ANA.MC,,11031244.298873901,
CABK.MC,CaixaBank,Unknown,Spain,EUR,25,,ES0140609019,CABK.MC,,50374615.446335316,
ACS.MC,ACS Cons y Serv,Unknown,Spain,EUR,25,,ES0167050915,ACS.MC,,18829173.615989685,
VIS.MC,Viscofan,Unknown,Spain,EUR,25,,ES0184262212,VIS.MC,,2860816.225221634,
ACX.MC,Acerinox,Unknown,Spain,EUR,25,,ES0132105018,ACX.MC,,7753117.492917061,
NTGY.MC,Naturgy Energy Group,Unknown,Spain,EUR,25,,ES0116870314,NTGY.MC,,10565960.194420815,
LOG.MC,Compania de Distribucion Integral Logista Holdings,Unknown,Spain,EUR,25,,ES0105027009,LOG.MC,,5122320.249599457,
ENO.MC,Elecnor,Unknown,Spain,EUR,25,,ES0129743318,ENO.MC,,1829404.1458425522,
ELE.MC,Endesa,Unknown,Spain,EUR,25,,ES0130670112,ELE.MC,,21365831.05442238,
IAG.L,International Consolidated Airlines,Unknown,Spain,EUR,25,,ES0177542018,IAG.L,,71835667.10363993,
MAP.MC,Mapfre,Unknown,Spain,EUR,25,,ES0124244E34,MAP.MC,,7824847.960243225,
GRF.MC,Grifols (A),Unknown,Spain,EUR,25,,ES0171996087,GRF.MC,,15274630.353092194,
CLNX.MC,Cellnex Telecom,Unknown,Spain,EUR,25,,ES0105066007,CLNX.MC,,34141087.080739975,
MEL.MC,Melia Hotels Intl,Unknown,Spain,EUR,25,,ES0176252718,MEL.MC,,2019304.503935337,
UNI.MC,Unicaja Banco,Unknown,Spain,EUR,25,,ES0180907000,UNI.MC,,10114154.575090408,
BKT.MC,Bankinter,Unknown,Spain,EUR,25,,ES0113679I37,BKT.MC,,17932347.108210564,
AMS.MC,Amadeus,Unknown,Spain,EUR,25,,ES0109067019,AMS.MC,,39958872.66661072,
CIE.MC,CIE Automotive,Unknown,Spain,EUR,25,,ES0105630315,CIE.MC,,1227530.8702821732,
PHM.MC,PharmaMar,Unknown,Spain,EUR,25,,ES0169501022,PHM.MC,,3570475.593196869,
EBRO.MC,Ebro Foods,Unknown,Spain,EUR,25,,ES0112501012,EBRO.MC,,595978.4116077423,
ALM.MC,Almirall,Unknown,Spain,EUR,25,,ES0157097017,ALM.MC,,1156063.5296359062,
ACSAY,"ACS, Construction and Services Activities (ADR)",Unknown,Spain,EUR,25,,US00089H1068,ACSAY,,120126.4660489726,
VID.MC,Vidrala,Unknown,Spain,EUR,25,,ES0183746314,VID.MC,,2194587.636608124,
COL.MC,Inmobiliaria Colonial,Unknown,Spain,EUR,25,,ES0139140174,COL.MC,,5571059.473138809,
FDR.MC,Fluidra,Unknown,Spain,EUR,25,,ES0137650018,FDR.MC,,5769394.173938751,
AMADY,Amadeus IT Group (ADR),Unknown,Spain,EUR,25,,US02263T1043,AMADY,,3025016.9525429197,
WBX,"Wallbox N.V. Aand.op naam Cl.A EO-,12",Unknown,Spain,EUR,25,,NL0015002J03,WBX,,109163.43095504711,
EDR.MC,eDreams ODIGEO,Unknown,Spain,EUR,25,,LU1048328220,EDR.MC,,1198914.3166530132,
GEST.MC,Gestamp Automocion,Unknown,Spain,EUR,25,,ES0105223004,GEST.MC,,1091431.9969923496,
LDA.MC,Línea Directa Aseguradora,Unknown,Spain,EUR,25,,ES0105546008,LDA.MC,,426470.1370564103,
EDPR.LS,EDP Renovaveis,Unknown,Spain,EUR,25,,ES0127797019,EDPR.LS,,11254004.237895489,
ORY.MC,Oryzon Genomics,Unknown,Spain,EUR,25,,ES0167733015,ORY.MC,,874862.5673390627,
TRE.MC,Tecnicas Reunidas,Unknown,Spain,EUR,25,,ES0178165017,TRE.MC,,3070080.949930191,
GSJ.MC,Grupo Empres. San José,Unknown,Spain,EUR,25,,ES0180918015,GSJ.MC,,310552.86560225487,
SCYR.MC,Sacyr,Unknown,Spain,EUR,25,,ES0182870214,SCYR.MC,,6324236.224150062,
ANYYY,Aena (ADR),Unknown,Spain,EUR,25,,US00774W1036,ANYYY,,429830.24041263585,
ELEZY,Endesa (ADR),Unknown,Spain,EUR,25,,US29258N2062,ELEZY,,201216.85295334153,
ALNT.MC,Alantra Partners,Unknown,Spain,EUR,25,,ES0126501131,ALNT.MC,,106489.65627336502,
ENC.MC,ENCE,Unknown,Spain,EUR,25,,ES0130625512,ENC.MC,,1034545.1214609146,
GRE.MC,Grenergy Renovables,Unknown,Spain,EUR,25,,ES0105079000,GRE.MC,,2776567.4580745697,
MVC.MC,Metrovacesa,Unknown,Spain,EUR,25,,ES0105122024,MVC.MC,,203162.2157793045,
AEDAS.MC,Aedas Home,Unknown,Spain,EUR,25,,ES0105287009,AEDAS.MC,,642019.2935314178,
EAT.WA,Amrest,Unknown,Spain,EUR,25,,ES0105375002,EAT.WA,,233577.29425320256,
PUIG.MC,PUIG Brands,Unknown,Spain,EUR,25,,ES0105777017,PUIG.MC,,7730999.014137268,
FCC.MC,FCC,Unknown,Spain,EUR,25,,ES0122060314,FCC.MC,,195255.65475463867,
CAIXY,Caixabank (ADR),Unknown,Spain,EUR,25,,US12803K1097,CAIXY,,746382.9743451115,
IDEXY,Industria de Diseño Textil (ADR),Unknown,Spain,EUR,25,,US4557931098,IDEXY,,4591675.434251577,
NESN.SW,Nestle N,Unknown,Switzerland,EUR,25,,CH0038863350,NESN.SW,,292279951.11630344,
RO.SW,Roche,Unknown,Switzerland,EUR,25,,CH0012032113,RO.SW,,7432451.281175269,
ABBN.SW,ABB,Unknown,Switzerland,EUR,25,,CH0012221716,ABBN.SW,,137882632.72862428,
SREN.SW,Swiss Re,Unknown,Switzerland,EUR,25,,CH0126881561,SREN.SW,,93818954.48986706,
NOVN.SW,Novartis,Unknown,Switzerland,EUR,25,,CH0012005267,NOVN.SW,,305872459.36964774,
BSLN.SW,Basilea Pharmaceutica,Unknown,Switzerland,EUR,25,,CH0011432447,BSLN.SW,,1520378.7326425803,
LISN.SW,Lindt & Sprüngli N,Unknown,Switzerland,EUR,25,,CH0010570759,LISN.SW,,12256456.319753833,
LISP.SW,Lindt & Sprüngli PS,Unknown,Switzerland,EUR,25,,CH0010570767,LISP.SW,,26460512.256976496,
BION.SW,BB Biotech,Unknown,Switzerland,EUR,25,,CH0038389992,BION.SW,,2906945.4408770474,
RHHBY,Roche Holding (ADR),Unknown,Switzerland,EUR,25,,US7711951043,RHHBY,,55747916.64191437,
ZURN.SW,Zurich,Unknown,Switzerland,EUR,25,,CH0011075394,ZURN.SW,,133183096.9403487,
SLHN.SW,Swiss Life,Unknown,Switzerland,EUR,25,,CH0014852781,SLHN.SW,,46126886.84914333,
UBSG.SW,UBS,Unknown,Switzerland,EUR,25,,CH0244767585,UBSG.SW,,169756881.57019013,
ZEHN.SW,Zehnder Grp,Unknown,Switzerland,EUR,25,,CH0276534614,ZEHN.SW,,861745.5847198495,
BUCN.SW,Bucher Industries,Unknown,Switzerland,EUR,25,,CH0002432174,BUCN.SW,,5040811.789197841,
ONON,On Holding,Unknown,Switzerland,EUR,25,,CH1134540470,ONON,,181557347.0921597,
SIKA.SW,Sika,Unknown,Switzerland,EUR,25,,CH0418792922,SIKA.SW,,77786013.2176411,
JFN.SW,Jungfraubahn Holding,Unknown,Switzerland,EUR,25,,CH0017875789,JFN.SW,,1325686.7348360948,
PGHN.SW,Partners Group Holding,Unknown,Switzerland,EUR,25,,CH0024608827,PGHN.SW,,64644193.917000934,
CFR.SW,Richemont,Unknown,Switzerland,EUR,25,,CH0210483332,CFR.SW,,134833410.43827456,
FHZN.SW,Flughafen Zürich,Unknown,Switzerland,EUR,25,,CH0319416936,FHZN.SW,,9546154.387671068,
SDZNY,Sandoz (ADR),Unknown,Switzerland,EUR,25,,US7999261008,SDZNY,,1235971.2252462804,
BANB.SW,Bachem Holding,Unknown,Switzerland,EUR,25,,CH1176493729,BANB.SW,,6531888.21403058,
KNIN.SW,Kühne & Nagel,Unknown,Switzerland,EUR,25,,CH0025238863,KNIN.SW,,36552397.55721505,
GRMN,Garmin,Unknown,Switzerland,EUR,25,,CH0114405324,GRMN,,147466263.55012602,
VACN.SW,VAT Group,Unknown,Switzerland,EUR,25,,CH0311864901,VACN.SW,,34938798.76585165,
SOON.SW,Sonova,Unknown,Switzerland,EUR,25,,CH0012549785,SOON.SW,,33787313.252324596,
HUBN.SW,Huber & Suhner,Unknown,Switzerland,EUR,25,,CH0030380734,HUBN.SW,,2849617.3283613645,
IMPN.SW,Implenia,Unknown,Switzerland,EUR,25,,CH0023868554,IMPN.SW,,2278484.0625343747,
SCHP.SW,Schindler,Unknown,Switzerland,EUR,25,,CH0024638196,SCHP.SW,,25828833.180938594,
BKW.SW,Bkw,Unknown,Switzerland,EUR,25,,CH0130293662,BKW.SW,,7047844.648184821,
BEAN.SW,BELIMO Holding,Unknown,Switzerland,EUR,25,,CH1101098163,BEAN.SW,,15386924.6882629,
GALD.SW,Galderma Group AG Registered Shares o.N.,Unknown,Switzerland,EUR,25,,CH1335392721,GALD.SW,,42750589.84971726,
LONN.SW,Lonza Group,Unknown,Switzerland,EUR,25,,CH0013841017,LONN.SW,,77202837.56894335,
SRAIL.SW,Stadler Rail ,Unknown,Switzerland,EUR,25,,CH0002178181,SRAIL.SW,,3463819.9077087184,
STMN.SW,Straumann Holding,Unknown,Switzerland,EUR,25,,CH1175448666,STMN.SW,,36226231.9945133,
UHR.SW,Swatch,Unknown,Switzerland,EUR,25,,CH0012255151,UHR.SW,,24006067.72522352,
SCMN.SW,Swisscom,Unknown,Switzerland,EUR,25,,CH0008742519,SCMN.SW,,42122860.63657452,
SUNN.SW,Sunrise Communications,Unknown,Switzerland,EUR,25,,CH1386220409,SUNN.SW,,11102248.237026388,
SDZ.SW,Sandoz Group,Unknown,Switzerland,EUR,25,,CH1243598427,SDZ.SW,,39655399.27626826,
RIG,Transocean,Unknown,Switzerland,EUR,25,,CH0048265513,RIG,,103459001.71295407,
KARN.SW,Kardex,Unknown,Switzerland,EUR,25,,CH0100837282,KARN.SW,,2938992.933016888,
HBAN.SW,Helvetia Holding,Unknown,Switzerland,EUR,25,,CH0466642201,HBAN.SW,,13001234.92123552,
BAER.SW,Julius Baer,Unknown,Switzerland,EUR,25,,CH0102484968,BAER.SW,,27981681.360445507,
ZUGER.SW,Zuger Kantonalbank,Unknown,Switzerland,EUR,25,,CH0493891243,ZUGER.SW,,347454.19258884975,
GF.SW,Fischer,Unknown,Switzerland,EUR,25,,CH1169151003,GF.SW,,10665229.530552039,
EFGN.SW,Efg International,Unknown,Switzerland,EUR,25,,CH0022268228,EFGN.SW,,3620205.3239243994,
BCHN.SW,Burckhardt Compression,Unknown,Switzerland,EUR,25,,CH0025536027,BCHN.SW,,3560704.205268302,
LOGN.SW,Logitech,Unknown,Switzerland,EUR,25,,CH0025751329,LOGN.SW,,44862817.76788932,
SWGAY,Swatch (ADR),Unknown,Switzerland,EUR,25,,US8701231065,SWGAY,,798396.5060594813,
SGSN.SW,SGS,Unknown,Switzerland,EUR,25,,CH1256740924,SGSN.SW,,30535107.494709127,
SFZN.SW,Siegfried Holding,Unknown,Switzerland,EUR,25,,CH1429326825,SFZN.SW,,6801998.8682083115,
LUKN.SW,Luzerner Kantonalbank,Unknown,Switzerland,EUR,25,,CH1252930610,LUKN.SW,,1093329.129301426,
YPSN.SW,Ypsomed Holding,Unknown,Switzerland,EUR,25,,CH0019396990,YPSN.SW,,5016859.258515131,
SRAD,Sportradar Group A,Unknown,Switzerland,EUR,25,,CH1134239669,SRAD,,28638348.98972916,
CLN.SW,Clariant,Unknown,Switzerland,EUR,25,,CH0012142631,CLN.SW,,7856867.58075084,
OERL.SW,Oerlikon,Unknown,Switzerland,EUR,25,,CH0000816824,OERL.SW,,1361348.3133611726,
BARN.SW,Barry Callebaut,Unknown,Switzerland,EUR,25,,CH0009002962,BARN.SW,,16021573.936663087,
SIGN.SW,SIG Group,Unknown,Switzerland,EUR,25,,CH0435377954,SIGN.SW,,13877196.900142007,
SUN.SW,Sulzer N,Unknown,Switzerland,EUR,25,,CH0038388911,SUN.SW,,6065843.474130784,
ADEN.SW,Adecco,Unknown,Switzerland,EUR,25,,CH0012138605,ADEN.SW,,19105524.15070577,
SPSN.SW,Swiss Prime Site,Unknown,Switzerland,EUR,25,,CH0008038389,SPSN.SW,,14763860.514554184,
PPGN.SW,Polypeptide Group,Unknown,Switzerland,EUR,25,,CH1110760852,PPGN.SW,,887036.3705666073,
UHRN.SW,Swatch Grp,Unknown,Switzerland,EUR,25,,CH0012255144,UHRN.SW,,2342189.7152064727,
ACLN.SW,Accelleron Industries,Unknown,Switzerland,EUR,25,,CH1169360919,ACLN.SW,,10401784.932029657,
VONN.SW,Vontobel Holding,Unknown,Switzerland,EUR,25,,CH0012335540,VONN.SW,,2579703.501872006,
EMMN.SW,Emmi,Unknown,Switzerland,EUR,25,,CH0012829898,EMMN.SW,,3049950.656875254,
VZN.SW,VZ Holding,Unknown,Switzerland,EUR,25,,CH0528751586,VZN.SW,,3336952.6833896935,
DKSH.SW,Dksh Holding,Unknown,Switzerland,EUR,25,,CH0126673539,DKSH.SW,,4392356.352121655,
VATN.SW,Valiant Holding,Unknown,Switzerland,EUR,25,,CH0014786500,VATN.SW,,2095798.0773717212,
SQN.SW,Swissquote,Unknown,Switzerland,EUR,25,,CH1548235246,SQN.SW,,14561659.89604187,
DESN.SW,Dottikon,Unknown,Switzerland,EUR,25,,CH0582581713,DESN.SW,,979099.3901777461,
ALSN.SW,ALSO Holding,Unknown,Switzerland,EUR,25,,CH0024590272,ALSN.SW,,2548724.1281633233,
BEKN.SW,Berner Kantonalbank,Unknown,Switzerland,EUR,25,,CH0009691608,BEKN.SW,,738041.3641371997,
DSFIY,DSM Firmenich (ADR),Unknown,Switzerland,EUR,25,,US23346J1034,DSFIY,,1092581.834218112,
TEMN.SW,Temenos Group,Unknown,Switzerland,EUR,25,,CH0012453913,TEMN.SW,,12636117.886368722,
AVOL.SW,Avolta,Unknown,Switzerland,EUR,25,,CH0023405456,AVOL.SW,,9588932.19951677,
MOVE.SW,Medacta Group,Unknown,Switzerland,EUR,25,,CH0468525222,MOVE.SW,,1477256.622943868,
APGN.SW,Apg Sga,Unknown,Switzerland,EUR,25,,CH0019107025,APGN.SW,,244274.9955930474,
SKAN.SW,Skan Group,Unknown,Switzerland,EUR,25,,CH0013396012,SKAN.SW,,1042226.1799599249,
SWTQ.SW,Schweiter Technologies,Unknown,Switzerland,EUR,25,,CH1248667003,SWTQ.SW,,646682.0152776331,
AHEXY,Adecco Group (ADR),Unknown,Switzerland,EUR,25,,US0067542045,AHEXY,,228465.1262943307,
PSPN.SW,Psp Swiss,Unknown,Switzerland,EUR,25,,CH0018294154,PSPN.SW,,9951068.709746365,
MOBN.SW,Mobimo Holding Ag,Unknown,Switzerland,EUR,25,,CH0011108872,MOBN.SW,,3169182.122581631,
IFCN.SW,Inficon Holding,Unknown,Switzerland,EUR,25,,CH1431598916,IFCN.SW,,3966847.468431523,
INRN.SW,Interroll Holding,Unknown,Switzerland,EUR,25,,CH0006372897,INRN.SW,,2398873.206365321,
SFSN.SW,Sfs Group,Unknown,Switzerland,EUR,25,,CH0239229302,SFSN.SW,,2992430.9176289905,
DOKA.SW,dormakaba Holding,Unknown,Switzerland,EUR,25,,CH1486524122,DOKA.SW,,3511988.9827201623,
EMSN.SW,Ems-Chemie Hldg Nam.Sf-01,Unknown,Switzerland,EUR,25,,CH0016440353,EMSN.SW,,7498397.857420615,
ISN.SW,Intershop Holding,Unknown,Switzerland,EUR,25,,CH1338987303,ISN.SW,,592988.0271993985,
PLAN.SW,Plazza,Unknown,Switzerland,EUR,25,,CH0284142913,PLAN.SW,,144513.43241298475,
CCHGY,Coca-Cola HBC (ADR),Unknown,Switzerland,EUR,25,,US1912232055,CCHGY,,152479.77181358903,
BOSN.SW,Bossard Holding,Unknown,Switzerland,EUR,25,,CH0238627142,BOSN.SW,,1766438.2150616786,
BCVN.SW,Banque Cantonale Vaudoise,Unknown,Switzerland,EUR,25,,CH0531751755,BCVN.SW,,4849061.938182455,
CHAM.SW,Cham Swiss Properties,Unknown,Switzerland,EUR,25,,CH0524026959,CHAM.SW,,204830.84712150518,
CMBN.SW,Cembra Money Bank,Unknown,Switzerland,EUR,25,,CH0225173167,CMBN.SW,,5155781.414946988,
LEHN.SW,Lem Holding,Unknown,Switzerland,EUR,25,,CH0022427626,LEHN.SW,,1180533.9323571208,
BRKN.SW,Burkhalter,Unknown,Switzerland,EUR,25,,CH0212255803,BRKN.SW,,1257751.00644481,
DAE.SW,Daetwyler Holding,Unknown,Switzerland,EUR,25,,CH0030486770,DAE.SW,,1506662.5038134023,
TECN.SW,Tecan Group,Unknown,Switzerland,EUR,25,,CH0012100191,TECN.SW,,8400569.604038447,
ARYN.SW,Aryzta,Unknown,Switzerland,EUR,25,,CH1425684714,ARYN.SW,,3440343.9754795036,
ARBN.SW,AFG Arbonia-Forster Holding,Unknown,Switzerland,EUR,25,,CH0110240600,ARBN.SW,,496294.24533452495,
FREN.SW,Fundamenta Real Estate,Unknown,Switzerland,EUR,25,,CH0045825517,FREN.SW,,167325.6310871083,
SWON.SW,SoftwareONE,Unknown,Switzerland,EUR,25,,CH0496451508,SWON.SW,,2950815.4546180256,
OCS,Oculis Holding,Unknown,Switzerland,EUR,25,,CH1242303498,OCS,,772331.3004435553,
BCGE.SW,Banque Cantonale de Genève Namens,Unknown,Switzerland,EUR,25,,CH1485899350,BCGE.SW,,218319.45588375017,
ASCN.SW,Ascom,Unknown,Switzerland,EUR,25,,CH0011339204,ASCN.SW,,318620.0198048311,
FORN.SW,Forbo International,Unknown,Switzerland,EUR,25,,CH0003541510,FORN.SW,,1783468.8978930935,
KOMN.SW,Komax Holding,Unknown,Switzerland,EUR,25,,CH0010702154,KOMN.SW,,1225721.595398502,
WARN.SW,Warteck Invest,Unknown,Switzerland,EUR,25,,CH0002619481,WARN.SW,,144365.2392073615,
RIEN.SW,Rieter Holding,Unknown,Switzerland,EUR,25,,CH0003671440,RIEN.SW,,675265.4884211738,
PMN.SW,Phoenix Mecano,Unknown,Switzerland,EUR,25,,CH1261338102,PMN.SW,,104702.84290713244,
GIVN.SW,Givaudan,Unknown,Switzerland,EUR,25,,CH0010645932,GIVN.SW,,64053001.24005531,
METN.SW,Metall Zug,Unknown,Switzerland,EUR,25,,CH0039821084,METN.SW,,150971.32565768232,
CALN.SW,Calida Holding,Unknown,Switzerland,EUR,25,,CH0126639464,CALN.SW,,104726.8957922001,
SANN.SW,Santhera Pharmaceuticals Holdings,Unknown,Switzerland,EUR,25,,CH1276028821,SANN.SW,,547231.5738738591,
AUTN.SW,Autoneum,Unknown,Switzerland,EUR,25,,CH0127480363,AUTN.SW,,759001.6832998067,
SOPH,Sophia Genetics,Unknown,Switzerland,EUR,25,,CH1125843347,SOPH,,177695.99852350596,
HOLN.SW,LafargeHolcim,Unknown,Switzerland,EUR,25,,CH0012214059,HOLN.SW,,85754566.49732874,
GEBN.SW,Geberit,Unknown,Switzerland,EUR,25,,CH0030170408,GEBN.SW,,39541191.437379986,
ORON.SW,Orior,Unknown,Switzerland,EUR,25,,CH0111677362,ORON.SW,,393131.54215147893,
LEON.SW,Leonteq,Unknown,Switzerland,EUR,25,,CH0190891181,LEON.SW,,574116.8620701192,
CCH.L,Coca-Cola Hellenic Bottling,Unknown,Switzerland,EUR,25,,CH0198251305,CCH.L,,20557463.93872959,
GURN.SW,Gurit Holding,Unknown,Switzerland,EUR,25,,CH1173567111,GURN.SW,,149593.93891489896,
BBN.SW,Bellevue Grp,Unknown,Switzerland,EUR,25,,CH0028422100,BBN.SW,,135549.5313138207,
VETN.SW,Vetropack Holding,Unknown,Switzerland,EUR,25,,CH0530235594,VETN.SW,,403216.4386968081,
BRRLY,Barry Callebaut (ADR),Unknown,Switzerland,EUR,25,,US0687881088,BRRLY,,242881.3110979534,
HCMLY,Holcim (ADR),Unknown,Switzerland,EUR,25,,US43475E1055,HCMLY,,1113780.3609308407,
LRLCY,L'Oréal (ADR),Unknown,Switzerland,EUR,25,,US5021172037,LRLCY,,10802955.922424745,
SXYAY,Sika (ADR),Unknown,Switzerland,EUR,25,,US82674R1032,SXYAY,,2431253.2310586246,
SAUHY,Straumann Holding,Unknown,Switzerland,EUR,25,,US86317T1034,SAUHY,,764223.471102848,
SZLMY,Swiss Life (ADR),Unknown,Switzerland,EUR,25,,US87089E1001,SZLMY,,243134.54142727447,
GTX,Garrett Motion,Unknown,Switzerland,EUR,25,,US3665051054,GTX,,19973226.494189613,
GVDNY,Givaudan (ADR),Unknown,Switzerland,EUR,25,,US37636P1084,GVDNY,,1766747.88451218,
LAES,SEALSQ,Unknown,Switzerland,EUR,25,,VGG794831062,LAES,,24295257.377989255,
VNH.L,Vietnam Holding,Unknown,Switzerland,EUR,25,,GG00BJQZ9H10,VNH.L,,113969.50008232005,
VACNY,VAT GROUP (ADR),Unknown,Switzerland,EUR,25,,US92243F1003,VACNY,,536673.7234749423,
SPOT,Spotify Technology,Unknown,Sweden,EUR,25,,LU1778762911,SPOT,,847522112.3876057,
INVE-A.ST,Investor,Unknown,Sweden,EUR,25,,SE0015811955,INVE-A.ST,,7704040.493977699,
SAAB-B.ST,Saab (B),Unknown,Sweden,EUR,25,,SE0021921269,SAAB-B.ST,,82581634.23052892,
VOLV-B.ST,Volvo (B),Unknown,Sweden,EUR,25,,SE0000115446,VOLV-B.ST,,68868138.19065654,
INVE-B.ST,Investor Registered,Unknown,Sweden,EUR,25,,SE0015811963,INVE-B.ST,,73223491.29999338,
OTLY,Oatly Group AB,Unknown,Sweden,EUR,25,,US67421J2078,OTLY,,997625.1717770706,
SSAB-B.ST,SSAB (B),Unknown,Sweden,EUR,25,,SE0000120669,SSAB-B.ST,,16904340.06743157,
ATCO-A.ST,Atlas Copco (A),Unknown,Sweden,EUR,25,,SE0017486889,ATCO-A.ST,,61569957.370703794,
ASSA-B.ST,Assa Abloy,Unknown,Sweden,EUR,25,,SE0007100581,ASSA-B.ST,,42410407.289916575,
BICO.ST,Bico Group,Unknown,Sweden,EUR,25,,SE0013647385,BICO.ST,,368906.0144968317,
PSNY,Polestar Automotive,Unknown,Sweden,EUR,25,,US7311054099,PSNY,,3478276.9474339783,
LAGR-B.ST,Lagercrantz,Unknown,Sweden,EUR,25,,SE0014990966,LAGR-B.ST,,3581258.8813132085,
MIPS.ST,MIPS,Unknown,Sweden,EUR,25,,SE0009216278,MIPS.ST,,1552524.2801017007,
MILDEF.ST,MilDef Group,Unknown,Sweden,EUR,25,,SE0016074249,MILDEF.ST,,3967460.302179342,
SAND.ST,Sandvik,Unknown,Sweden,EUR,25,,SE0000667891,SAND.ST,,40101673.85363741,
BOL.ST,Boliden,Unknown,Sweden,EUR,25,,SE0020050417,BOL.ST,,34743367.27767043,
VIT-B.ST,Vitec Software Group,Unknown,Sweden,EUR,25,,SE0007871363,VIT-B.ST,,1977707.4709471534,
BETS-B.ST,Betsson,Unknown,Sweden,EUR,25,,SE0022726485,BETS-B.ST,,3724186.9594657044,
MTRS.ST,Munters Group,Unknown,Sweden,EUR,25,,SE0009806607,MTRS.ST,,5501088.221782404,
HPOL-B.ST,Hexpol,Unknown,Sweden,EUR,25,,SE0007074281,HPOL-B.ST,,2932557.1467230367,
SCA-B.ST,SCA,Unknown,Sweden,EUR,25,,SE0000112724,SCA-B.ST,,15332394.715932447,
EMBRAC-B.ST,Embracer Group,Unknown,Sweden,EUR,25,,SE0023615885,EMBRAC-B.ST,,6193105.422920717,
INDT.ST,Indutrade,Unknown,Sweden,EUR,25,,SE0001515552,INDT.ST,,6215198.97628958,
HUSQ-B.ST,Husqvarna (B),Unknown,Sweden,EUR,25,,SE0001662230,HUSQ-B.ST,,4662165.1114610145,
CIBUS.ST,Cibus Nordic Real Estate,Unknown,Sweden,EUR,25,,SE0010832204,CIBUS.ST,,2971477.4860304915,
VOLO.ST,Volati AB,Unknown,Sweden,EUR,25,,SE0009143662,VOLO.ST,,152208.3710031332,
BERG-B.ST,Bergman & Beving (B),Unknown,Sweden,EUR,25,,SE0000101362,BERG-B.ST,,383670.17077701463,
SUS.ST,Surgical Science Sweden,Unknown,Sweden,EUR,25,,SE0014428512,SUS.ST,,1056409.1680033943,
BHMG.L,BH Macro,Unknown,Canada,EUR,25,,GG00BQBFY362,BHMG.L,,3038707.281739509,
KINV-B.ST,Kinnevik,Unknown,Sweden,EUR,25,,SE0022060521,KINV-B.ST,,7486007.785157473,
PLEJD.ST,Plejd,Unknown,Sweden,EUR,25,,SE0008014476,PLEJD.ST,,1009307.9718505138,
TEQ.ST,Teqnion,Unknown,Sweden,EUR,25,,SE0012308088,TEQ.ST,,187672.0171494963,
HANZA.ST,HANZA AB,Unknown,Sweden,EUR,25,,SE0005878543,HANZA.ST,,725759.9807764725,
TREL-B.ST,Trelleborg,Unknown,Sweden,EUR,25,,SE0000114837,TREL-B.ST,,10383748.470076889,
MYCR.ST,Mycronic AB,Unknown,Sweden,EUR,25,,SE0025158629,MYCR.ST,,3561488.9743425306,
ANOD-B.ST,Addnode Group (B),Unknown,Sweden,EUR,25,,SE0017885767,ANOD-B.ST,,807310.1523414901,
YUBICO.ST,Yubico,Unknown,Sweden,EUR,25,,SE0015657788,YUBICO.ST,,2294778.1397148957,
SYNSAM.ST,Synsam,Unknown,Sweden,EUR,25,,SE0016829709,SYNSAM.ST,,809502.070457676,
HEM.ST,Hemnet Group,Unknown,Sweden,EUR,25,,SE0015671995,HEM.ST,,4526098.433608551,
SECARE.ST,Swedencare,Unknown,Sweden,EUR,25,,SE0015988167,SECARE.ST,,546450.0534344483,
MMGR-B.ST,Momentum Group,Unknown,Sweden,EUR,25,,SE0017562523,MMGR-B.ST,,227738.86521000584,
BUFAB.ST,Bufab,Unknown,Sweden,EUR,25,,SE0025010671,BUFAB.ST,,1001878.9935624178,
MCAP.ST,MedCap,Unknown,Sweden,EUR,25,,SE0009160872,MCAP.ST,,729588.3884183546,
TRUE-B.ST,Truecaller,Unknown,Sweden,EUR,25,,SE0016787071,TRUE-B.ST,,3163912.0657958984,
RVRC.ST,RVRC Holding,Unknown,Sweden,EUR,25,,SE0015962485,RVRC.ST,,890105.7722672408,
RUSTA.ST,Rusta,Unknown,Sweden,EUR,25,,SE0020848356,RUSTA.ST,,909170.0901061236,
BEIA-B.ST,Beijer Alma,Unknown,Sweden,EUR,25,,SE0011090547,BEIA-B.ST,,670465.0630572124,
KAR.ST,Karnov Group,Unknown,Sweden,EUR,25,,SE0012323715,KAR.ST,,520908.7662006671,
SLP-B.ST,Swedish Logistic Property,Unknown,Sweden,EUR,25,,SE0017565476,SLP-B.ST,,511954.919243347,
APOTEA.ST,Apotea,Unknown,Sweden,EUR,25,,SE0023313762,APOTEA.ST,,1255075.5763916569,
VBG-B.ST,VBG Group,Unknown,Sweden,EUR,25,,SE0000115107,VBG-B.ST,,627643.3616540991,
REJL-B.ST,Rejlers,Unknown,Sweden,EUR,25,,SE0000123671,REJL-B.ST,,201309.62978564217,
SEB-A.ST,Skandinaviska Enskilda Banken (A),Unknown,Sweden,EUR,25,,SE0000148884,SEB-A.ST,,35363532.671922095,
SECU-B.ST,Securitas,Unknown,Sweden,EUR,25,,SE0000163594,SECU-B.ST,,10473131.694447407,
EKTA-B.ST,Elekta,Unknown,Sweden,EUR,25,,SE0000163628,EKTA-B.ST,,4957427.549788408,
INDU-A.ST,Industrivarden (A),Unknown,Sweden,EUR,25,,SE0000190126,INDU-A.ST,,3170497.4390979013,
BTS-B.ST,BTS Group,Unknown,Sweden,EUR,25,,SE0000805426,BTS-B.ST,,151053.92823431292,
IVSO.ST,INVISIO Communic.,Unknown,Sweden,EUR,25,,SE0001200015,IVSO.ST,,1614396.6367955324,
MEKO.ST,Mekonomen,Unknown,Sweden,EUR,25,,SE0002110064,MEKO.ST,,622572.0804161597,
NEOBO.ST,Amasten Fastighets,Unknown,Sweden,EUR,25,,SE0005034550,NEOBO.ST,,639246.1406629636,
HOFI.ST,Hoist Finance,Unknown,Sweden,EUR,25,,SE0006887063,HOFI.ST,,1020814.2634983064,
SYNACT.ST,SynAct Pharma,Unknown,Sweden,EUR,25,,SE0008241491,SYNACT.ST,,219681.87211744007,
AMBEA.ST,Ambea,Unknown,Sweden,EUR,25,,SE0009663826,AMBEA.ST,,1615265.4909503886,
ARJO-B.ST,Arjo,Unknown,Sweden,EUR,25,,SE0010468116,ARJO-B.ST,,1183046.262316233,
VITR.ST,Vitrolife,Unknown,Sweden,EUR,25,,SE0011205202,VITR.ST,,1465531.6177853355,
ALLIGO-B.ST,Alligo,Unknown,Sweden,EUR,25,,SE0009922305,ALLIGO-B.ST,,110262.4445932757,
FAG.ST,Fagerhult,Unknown,Sweden,EUR,25,,SE0010048884,FAG.ST,,249124.45540901637,
JOMA.ST,John Mattson Fastighetsföretagen,Unknown,Sweden,EUR,25,,SE0012481364,JOMA.ST,,128205.91670709505,
LINC.ST,Linc,Unknown,Sweden,EUR,25,,SE0015949433,LINC.ST,,279954.7656515957,
BEIJ-B.ST,Beijer Ref,Unknown,Sweden,EUR,25,,SE0015949748,BEIJ-B.ST,,7805686.60891099,
ACAST.ST,Acast,Unknown,Sweden,EUR,25,,SE0015960935,ACAST.ST,,272863.59781972587,
PACT.ST,ProAct IT Group,Unknown,Sweden,EUR,25,,SE0015961222,PACT.ST,,370677.19679971406,
DVYSR.ST,Devyser Diagnostics,Unknown,Sweden,EUR,25,,SE0016588867,DVYSR.ST,,185259.75828500377,
ELUX-B.ST,Electrolux,Unknown,Sweden,EUR,25,,SE0016589188,ELUX-B.ST,,9900386.872134235,
SYSR.ST,Systemair,Unknown,Sweden,EUR,25,,SE0016609499,SYSR.ST,,426303.3155574864,
EMIL-B.ST,Emilshus,Unknown,Sweden,EUR,25,,SE0016785786,EMIL-B.ST,,111144.48353430015,
LOGI-B.ST,LOGISTEA,Unknown,Sweden,EUR,25,,SE0017131337,LOGI-B.ST,,749778.0558652328,
NCAB.ST,NCAB Group,Unknown,Sweden,EUR,25,,SE0017160773,NCAB.ST,,749480.2686345095,
BALD-B.ST,Fastighets Balder (B),Unknown,Sweden,EUR,25,,SE0017832488,BALD-B.ST,,9454395.99773809,
HEBA-B.ST,Heba Fastighets,Unknown,Sweden,EUR,25,,SE0017911480,HEBA-B.ST,,359876.80635174084,
WIHL.ST,Wihlborgs Fastigheter,Unknown,Sweden,EUR,25,,SE0018012635,WIHL.ST,,2649906.1212552693,
VISC.ST,Gruvaktiebolaget Viscaria,Unknown,Sweden,EUR,25,,SE0021148160,VISC.ST,,227710.0266916736,
VOLCAR-B.ST,Volvo Car (B),Unknown,Sweden,EUR,25,,SE0021628898,VOLCAR-B.ST,,9410466.772500368,
FING-B.ST,Fingerprint Cards,Unknown,Sweden,EUR,25,,SE0026141665,FING-B.ST,,112595.44808864265,
VLVLY,VOLVO  (ADR),Unknown,Sweden,EUR,25,,US9288541082,VLVLY,,1795313.9707739984,
SKA-B.ST,Skanska (B),Unknown,Sweden,EUR,25,,SE0000113250,SKA-B.ST,,12758032.191336824,
BURE.ST,Bure Equity,Unknown,Sweden,EUR,25,,SE0000195810,BURE.ST,,1731509.8635862712,
CLAS-B.ST,Clas Ohlson,Unknown,Sweden,EUR,25,,SE0000584948,CLAS-B.ST,,1764433.7719811266,
ALFA.ST,Alfa Laval,Unknown,Sweden,EUR,25,,SE0000695876,ALFA.ST,,21427562.56647473,
JM.ST,JM,Unknown,Sweden,EUR,25,,SE0000806994,JM.ST,,2288299.644979338,
BILL.ST,BillerudKorsnäs,Unknown,Sweden,EUR,25,,SE0000862997,BILL.ST,,3095914.7785929246,
SOBI.ST,Swedish Orphan Biovitrum,Unknown,Sweden,EUR,25,,SE0000872095,SOBI.ST,,9475546.975447781,
LIAB.ST,Lindab,Unknown,Sweden,EUR,25,,SE0001852419,LIAB.ST,,1302427.427063665,
ZZ-B.ST,Zinzino,Unknown,Sweden,EUR,25,,SE0002480442,ZZ-B.ST,,677035.6389049999,
BMAX.ST,Byggmax Group,Unknown,Sweden,EUR,25,,SE0003303627,BMAX.ST,,512099.00092187605,
TEL2-B.ST,Tele2,Unknown,Sweden,EUR,25,,SE0005190238,TEL2-B.ST,,19025989.663877983,
AFRY.ST,AF Poeyry,Unknown,Sweden,EUR,25,,SE0005999836,AFRY.ST,,2227121.447087858,
INWI.ST,Inwido (AB),Unknown,Sweden,EUR,25,,SE0006220018,INWI.ST,,1290396.6386499328,
STORY-B.ST,Storytel,Unknown,Sweden,EUR,25,,SE0007439443,STORY-B.ST,,1595029.2981414106,
CAMX.ST,Camurus,Unknown,Sweden,EUR,25,,SE0007692850,CAMX.ST,,4270826.247811906,
CORE-PREF.ST,Corem Property Group,Unknown,Sweden,EUR,25,,SE0010714311,CORE-PREF.ST,,204390.10402825786,
LIME.ST,Lime Technologies,Unknown,Sweden,EUR,25,,SE0011870195,LIME.ST,,350389.654122176,
SFAST.ST,Stenhus Fastigheter,Unknown,Sweden,EUR,25,,SE0014956819,SFAST.ST,,115553.26612398386,
SWEC-B.ST,Sweco (A),Unknown,Sweden,EUR,25,,SE0014960373,SWEC-B.ST,,3007419.538523184,
EPI-A.ST,Epiroc (A),Unknown,Sweden,EUR,25,,SE0015658109,EPI-A.ST,,19490967.060204916,
CRED-A.ST,CREADES,Unknown,Sweden,EUR,25,,SE0015661236,CRED-A.ST,,635670.4624768326,
W5.ST,W5 Solutions,Unknown,Sweden,EUR,25,,SE0016786040,W5.ST,,159868.85640605382,
INTEA-B.ST,Intea Fastigheter,Unknown,Sweden,EUR,25,,SE0017072259,INTEA-B.ST,,742459.7464881337,
SFAB.ST,Solid Försäkring,Unknown,Sweden,EUR,25,,SE0017082548,SFAB.ST,,110280.80858341858,
DYVOX.ST,tobii dynavox,Unknown,Sweden,EUR,25,,SE0017105620,DYVOX.ST,,1749630.0494720787,
LUND-B.ST,LE Lundbergföretagen,Unknown,Sweden,EUR,25,,SE0000108847,LUND-B.ST,,5152884.489398392,
RATO-B.ST,Ratos,Unknown,Sweden,EUR,25,,SE0000111940,RATO-B.ST,,1090544.3670885847,
HUFV-A.ST,Hufvudstaden,Unknown,Sweden,EUR,25,,SE0000170375,HUFV-A.ST,,1854321.2065069964,
SSAB-A.ST,SSAB (A),Unknown,Sweden,EUR,25,,SE0000171100,SSAB-A.ST,,5222211.98457448,
CAST.ST,Castellum,Unknown,Sweden,EUR,25,,SE0000379190,CAST.ST,,12592032.152824081,
KNOW.ST,Knowit,Unknown,Sweden,EUR,25,,SE0000421273,KNOW.ST,,314511.25175220147,
INTRUM.ST,Intrum Justitia,Unknown,Sweden,EUR,25,,SE0000936478,INTRUM.ST,,2350694.3268912444,
CATE.ST,Catena,Unknown,Sweden,EUR,25,,SE0001664707,CATE.ST,,2429226.3389070877,
SCST.ST,Scandi Standard,Unknown,Sweden,EUR,25,,SE0005999760,SCST.ST,,374973.3703262682,
PNDX-B.ST,Pandox B,Unknown,Sweden,EUR,25,,SE0007100359,PNDX-B.ST,,1808939.7356793457,
COOR.ST,Coor Service Management,Unknown,Sweden,EUR,25,,SE0007158829,COOR.ST,,781436.983280427,
BHG.ST,BHG Group,Unknown,Sweden,EUR,25,,SE0010948588,BHG.ST,,756196.0554507019,
ADDT-B.ST,Addtech,Unknown,Sweden,EUR,25,,SE0014781795,ADDT-B.ST,,9435043.573216222,
FG.ST,Fasadgruppen Group,Unknown,Sweden,EUR,25,,SE0015195771,FG.ST,,243185.06101876101,
KARNEL-B.ST,Karnell Group,Unknown,Sweden,EUR,25,,SE0017832173,KARNEL-B.ST,,205568.1554604101,
EAST.ST,Eastnine,Unknown,Sweden,EUR,25,,SE0022050183,EAST.ST,,231937.35161867976,
AQ.ST,AQ Group,Unknown,Sweden,EUR,25,,SE0022062196,AQ.ST,,1049879.6568422392,
SVED-B.ST,Svedbergs Group,Unknown,Sweden,EUR,25,,SE0000407991,SVED-B.ST,,140334.10416562992,
CEVI.ST,CellaVision,Unknown,Sweden,EUR,25,,SE0000683484,CEVI.ST,,250375.94382643048,
G5EN.ST,G5 Entertainment,Unknown,Sweden,EUR,25,,SE0001824004,G5EN.ST,,155549.04260644095,
SDIP-B.ST,Sdiptech,Unknown,Sweden,EUR,25,,SE0003756758,SDIP-B.ST,,1175700.1049428876,
NELLY.ST,Nelly Group,Unknown,Sweden,EUR,25,,SE0015245535,NELLY.ST,,357842.67600246205,
NOLA-B.ST,Nolato,Unknown,Sweden,EUR,25,,SE0015962477,NOLA-B.ST,,805588.821278993,
INSTAL.ST,Instalco,Unknown,Sweden,EUR,25,,SE0017483506,INSTAL.ST,,925192.4962785089,
ALLEI.ST,Alleima,Unknown,Sweden,EUR,25,,SE0017615644,ALLEI.ST,,2254181.9802935016,
EVVTY,Evolution ADR,Unknown,Sweden,EUR,25,,US30051E1047,EVVTY,,3359607.283492048,
ERIC-A.ST,Ericsson (A),Unknown,Sweden,EUR,25,,SE0000108649,ERIC-A.ST,,158811.92117640743,
ERIC-B.ST,Ericsson (B),Unknown,Sweden,EUR,25,,SE0000108656,ERIC-B.ST,,44619011.58262114,
EQL.ST,EQL Pharma,Unknown,Sweden,EUR,25,,SE0005497732,EQL.ST,,114581.22584093452,
GRNG.ST,Granges,Unknown,Sweden,EUR,25,,SE0006288015,GRNG.ST,,1492452.7701944737,
SHB-B.ST,Svenska Handelsbanken (B),Unknown,Sweden,EUR,25,,SE0007100607,SHB-B.ST,,1486411.7543780727,
ALIG.ST,Alimak Group,Unknown,Sweden,EUR,25,,SE0007158910,ALIG.ST,,654982.0018772001,
EG7.ST,Enad Global 7,Unknown,Sweden,EUR,25,,SE0010520106,EG7.ST,,204845.41749732656,
OVZON.ST,Ovzon,Unknown,Sweden,EUR,25,,SE0010948711,OVZON.ST,,1127784.4270526334,
GREEN.ST,Green Landscaping Group,Unknown,Sweden,EUR,25,,SE0010985028,GREEN.ST,,149881.19368586666,
NMAN.ST,Nederman Holding,Unknown,Sweden,EUR,25,,SE0011204510,NMAN.ST,,117252.36800698232,
TROAX.ST,Troax,Unknown,Sweden,EUR,25,,SE0012729366,TROAX.ST,,438264.88550568593,
CHEF.ST,Cheffelo,Unknown,Sweden,EUR,25,,SE0015556873,CHEF.ST,,189954.3015683315,
VIMIAN.ST,Vimian Group,Unknown,Sweden,EUR,25,,SE0015961982,VIMIAN.ST,,874165.7083663305,
ITAB.ST,ITAB shop concept,Unknown,Sweden,EUR,25,,SE0015962097,ITAB.ST,,256528.87158389657,
VESTUM.ST,Vestum,Unknown,Sweden,EUR,25,,SE0017134125,VESTUM.ST,,216883.20993521778,
BIOG-B.ST,BioGaia (B),Unknown,Sweden,EUR,25,,SE0017769995,BIOG-B.ST,,1244122.263762693,
ATRLJ-B.ST,Atrium Ljungberg,Unknown,Sweden,EUR,25,,SE0024320832,ATRLJ-B.ST,,768119.3852646067,
CAT-B.ST,Catella,Unknown,Sweden,EUR,25,,SE0000188518,CAT-B.ST,,131682.46516089115,
WALL-B.ST,Wallenstam (B),Unknown,Sweden,EUR,25,,SE0017780133,WALL-B.ST,,2127580.801342555,
NORION.ST,NORION BANK,Unknown,Sweden,EUR,25,,SE0017831795,NORION.ST,,546405.4713081529,
AVARDA.ST,TF Bank,Unknown,Sweden,EUR,25,,SE0025666969,AVARDA.ST,,546064.219080402,
SAABY,Saab,Unknown,Sweden,EUR,25,,US78516J1016,SAABY,,1990068.3153332917,
SIVE.ST,Sivers Semiconductors,Unknown,Sweden,EUR,25,,SE0003917798,SIVE.ST,,337856.4212848203,
NOKIA.HE,Nokia,Unknown,Finland,EUR,25,,FI0009000681,NOKIA.HE,,47670083.283368826,
UPM.HE,UPM-Kymmene,Unknown,Finland,EUR,25,,FI0009005987,UPM.HE,,25147057.567138672,
WRT1V.HE,Wartsila,Unknown,Finland,EUR,25,,FI0009003727,WRT1V.HE,,17341138.349715233,
KNEBV.HE,Kone,Unknown,Finland,EUR,25,,FI0009013403,KNEBV.HE,,24699568.679243088,
VALMT.HE,Valmet,Unknown,Finland,EUR,25,,FI4000074984,VALMT.HE,,7476911.1160850525,
KESKOA.HE,Kesko (A),Unknown,Finland,EUR,25,,FI0009007900,KESKOA.HE,,314580.580411911,
STERV.HE,Stora Enso,Unknown,Finland,EUR,25,,FI0009005961,STERV.HE,,15400633.138664246,
METSO.HE,Metso Outotec,Unknown,Finland,EUR,25,,FI0009014575,METSO.HE,,13256169.782732964,
AS,Amer Sports,Unknown,Finland,EUR,25,,KYG0260P1028,AS,,98914329.93688032,
FORTUM.HE,Fortum,Unknown,Finland,EUR,25,,FI0009007132,FORTUM.HE,,17627675.29126072,
MANTA.HE,Mandatum,Unknown,Finland,EUR,25,,FI4000552526,MANTA.HE,,3908050.226822853,
HIAB.HE,Cargotec,Unknown,Finland,EUR,25,,FI4000571013,HIAB.HE,,3319974.3729171753,
TNOM.HE,Talenom Oyj,Unknown,Finland,EUR,25,,FI4000598149,TNOM.HE,,128279.92544794083,
STE-R.ST,Stora Enso Oyj R,Unknown,Finland,EUR,25,,FI0009007611,STE-R.ST,,2877585.270875629,
CAPMAN.HE,CapMan,Unknown,Finland,EUR,25,,FI0009009377,CAPMAN.HE,,150276.746884346,
TAALA.HE,Taaleri,Unknown,Finland,EUR,25,,FI4000062195,TAALA.HE,,114417.74342918396,
TOKMAN.HE,Tokmanni Groyp,Unknown,Finland,EUR,25,,FI4000197934,TOKMAN.HE,,1114504.0857963562,
KAMUX.HE,Kamux,Unknown,Finland,EUR,25,,FI4000206750,KAMUX.HE,,110637.29967164993,
ADMCM.HE,Admicom,Unknown,Finland,EUR,25,,FI4000251830,ADMCM.HE,,238201.97450447083,
OMASP.HE,Oma Saastopankki,Unknown,Finland,EUR,25,,FI4000306733,OMASP.HE,,162859.3290553093,
HARVIA.HE,Harvia,Unknown,Finland,EUR,25,,FI4000306873,HARVIA.HE,,769772.3622322083,
CTY1S.HE,Citycon,Unknown,Finland,EUR,25,,FI4000369947,CTY1S.HE,,440999.3637408018,
OPTOMED.HE,Optomed,Unknown,Finland,EUR,25,,FI4000410881,OPTOMED.HE,,121555.47784590721,
PUUILO.HE,Puuilo,Unknown,Finland,EUR,25,,FI4000507124,PUUILO.HE,,804700.5962929726,
FIA1S.HE,Finnair,Unknown,Finland,EUR,25,,FI4000567029,FIA1S.HE,,719355.142403841,
LUOTEA.HE,Luotea,Unknown,Finland,EUR,25,,FI4000592464,LUOTEA.HE,,143413.4598941803,
HUH1V.HE,Huhtamaki,Unknown,Finland,EUR,25,,FI0009000459,HUH1V.HE,,4904966.324973106,
NESTE.HE,Neste,Unknown,Finland,EUR,25,,FI0009013296,NESTE.HE,,24392050.446722507,
ORNBV.HE,Orion (B),Unknown,Finland,EUR,25,,FI0009014377,ORNBV.HE,,9698369.084402084,
YIT.HE,YIT,Unknown,Finland,EUR,25,,FI0009800643,YIT.HE,,367817.32483899593,
VAIAS.HE,Vaisala,Unknown,Finland,EUR,25,,FI0009900682,VAIAS.HE,,543297.7029190063,
VERK.HE,Verkkokauppa.com,Unknown,Finland,EUR,25,,FI4000049812,VERK.HE,,103770.93538427353,
AKTIA.HE,Aktia Bank,Unknown,Finland,EUR,25,,FI4000058870,AKTIA.HE,,374746.61873722076,
QTCOM.HE,Qt Group,Unknown,Finland,EUR,25,,FI4000198031,QTCOM.HE,,3202718.2934970856,
TTALO.HE,Terveystalo,Unknown,Finland,EUR,25,,FI4000252127,TTALO.HE,,843290.399960041,
GOFORE.HE,Gofore,Unknown,Finland,EUR,25,,FI4000283130,GOFORE.HE,,105994.70325279236,
ANORA.HE,Altia,Unknown,Finland,EUR,25,,FI4000292438,ANORA.HE,,145143.27053248882,
KEMIRA.HE,Kemira,Unknown,Finland,EUR,25,,FI0009004824,KEMIRA.HE,,3154065.6570358276,
MEKKO.HE,Marimekko,Unknown,Finland,EUR,25,,FI0009007660,MEKKO.HE,,226916.4951686859,
PAMPALO.HE,Endomines Finland,Unknown,Finland,EUR,25,,FI4000508023,PAMPALO.HE,,275521.4310193062,
KEMPOWR.HE,Kempower,Unknown,Finland,EUR,25,,FI4000513593,KEMPOWR.HE,,941219.4260921478,
SAMPO.HE,Sampo,Unknown,Finland,EUR,25,,FI4000552500,SAMPO.HE,,25713040.341649055,
HAUTO.OL,Höegh Autoliners,Unknown,Norway,EUR,25,,NO0011082075,HAUTO.OL,,4268563.420786213,
EQNR.OL,Equinor,Unknown,Norway,EUR,25,,NO0010096985,EQNR.OL,,60213041.323257014,
VAR.OL,VAR Energi,Unknown,Norway,EUR,25,,NO0011202772,VAR.OL,,11903386.136497818,
WAWI.OL,Wallenius Wilhelmsen,Unknown,Norway,EUR,25,,NO0010571680,WAWI.OL,,3039512.9004789307,
TOM.OL,Tomra Systems,Unknown,Norway,EUR,25,,NO0012470089,TOM.OL,,3928029.5752140163,
KOG.OL,Kongsberg Gruppen,Unknown,Norway,EUR,25,,NO0013536151,KOG.OL,,26933313.526913747,
PROT.OL,Protector Forsikring,Unknown,Norway,EUR,25,,NO0010209331,PROT.OL,,2685934.985995966,
NHY.OL,Norsk Hydro,Unknown,Norway,EUR,25,,NO0005052605,NHY.OL,,21844825.204230662,
MOWI.OL,Mowi,Unknown,Norway,EUR,25,,NO0003054108,MOWI.OL,,14435185.387445757,
YAR.OL,Yara International,Unknown,Norway,EUR,25,,NO0010208051,YAR.OL,,15137287.062099082,
TEL.OL,Telenor,Unknown,Norway,EUR,25,,NO0010063308,TEL.OL,,14714072.56696981,
STB.OL,Storebrand,Unknown,Norway,EUR,25,,NO0003053605,STB.OL,,7500347.118596109,
AKSO.OL,Aker Solutions,Unknown,Norway,EUR,25,,NO0010716582,AKSO.OL,,1880632.7159676342,
ORK.OL,Orkla,Unknown,Norway,EUR,25,,NO0003733800,ORK.OL,,9229118.493231747,
WWIB.OL,Wilh Wilhelmsen (B),Unknown,Norway,EUR,25,,NO0010576010,WWIB.OL,,207293.39072374848,
NORBT.OL,Norbit,Unknown,Norway,EUR,25,,NO0010856511,NORBT.OL,,1437997.0098583004,
SB1NO.OL,SpareBank,Unknown,Norway,EUR,25,,NO0010631567,SB1NO.OL,,2458520.8010096224,
DNBBY,DNB Bank (ADR),Unknown,Norway,EUR,25,,US23341C1036,DNBBY,,850739.0800787571,
VEI.OL,Veidekke,Unknown,Norway,EUR,25,,NO0005806802,VEI.OL,,723522.1101886875,
SNI.OL,Stolt-Nielsen,Unknown,Norway,EUR,25,,BMG850801025,SNI.OL,,1294916.263901833,
KCC.OL,Klaveness,Unknown,Norway,EUR,25,,NO0010833262,KCC.OL,,375460.9217714177,
ELO.OL,Elopak,Unknown,Norway,EUR,25,,NO0011002586,ELO.OL,,447762.66153457086,
BOUV.OL,Bouvet Asa,Unknown,Norway,EUR,25,,NO0010360266,BOUV.OL,,328900.0217062656,
DOFG.OL,DOF Group,Unknown,Norway,EUR,25,,NO0012851874,DOFG.OL,,3178845.707161492,
SBNOR.OL,Sparebanken Vest,Unknown,Norway,EUR,25,,NO0006000900,SBNOR.OL,,1240005.2429627231,
CLOUD.OL,Cloudberry Clean Energy,Unknown,Norway,EUR,25,,NO0010876642,CLOUD.OL,,123256.08204201228,
KBGGY,Kongsberg Gruppen (ADR),Unknown,Norway,EUR,25,,US50048U2015,KBGGY,,161420.41819580348,
LINK.OL,LINK Mobility,Unknown,Norway,EUR,25,,NO0010894231,LINK.OL,,1591631.5907003249,
MING.OL,SpareBank 1,Unknown,Norway,EUR,25,,NO0006390301,MING.OL,,1610575.442354076,
YARIY,Yara International (ADR),Unknown,Norway,EUR,25,,US9848512045,YARIY,,310139.2661084173,
ARCH.OL,Archer,Unknown,Norway,EUR,25,,BMG0451H2087,ARCH.OL,,217972.17025839206,
AUTO.OL,AutoStore Holdings,Unknown,Norway,EUR,25,,BMG0670A1099,AUTO.OL,,2553743.2341650194,
BWO.OL,BW Offshore,Unknown,Norway,EUR,25,,BMG1738J1247,BWO.OL,,257135.4607811459,
ZAP.OL,ZAPTEC,Unknown,Norway,EUR,25,,NO0010713936,ZAP.OL,,602507.7830621285,
MPCC.OL,MPC Container Ships,Unknown,Norway,EUR,25,,NO0010791353,MPCC.OL,,3339758.8935643956,
AKBM.OL,Aker BioMarine,Unknown,Norway,EUR,25,,NO0010886625,AKBM.OL,,144258.32756715963,
MORLD.OL,Moreld,Unknown,Norway,EUR,25,,NO0013325506,MORLD.OL,,179790.18855808,
AFG.OL,AF Gruppen,Unknown,Norway,EUR,25,,NO0003078107,AFG.OL,,320404.7976077818,
NAS.OL,Norwegian Air Shuttle,Unknown,Norway,EUR,25,,NO0010196140,NAS.OL,,6533553.042794361,
ENTRA.OL,Entra,Unknown,Norway,EUR,25,,NO0010716418,ENTRA.OL,,792855.1156818331,
MULTI.OL,Multiconsult,Unknown,Norway,EUR,25,,NO0010734338,MULTI.OL,,150776.77767933393,
EPR.OL,Europris,Unknown,Norway,EUR,25,,NO0010735343,EPR.OL,,1111418.1285417108,
PEXIP.OL,Pexip Holding,Unknown,Norway,EUR,25,,NO0010840507,PEXIP.OL,,638651.0917534502,
NORCO.OL,Norconsult,Unknown,Norway,EUR,25,,NO0013052209,NORCO.OL,,949036.6411729457,
SEA1.OL,Sea1 Offshore,Unknown,Norway,EUR,25,,KYG812291253,SEA1.OL,,340995.3376533458,
GJF.OL,Gjensidige,Unknown,Norway,EUR,25,,NO0010582521,GJF.OL,,5371322.062864135,
B2I.OL,B2Holding,Unknown,Norway,EUR,25,,NO0010633951,B2I.OL,,265631.6176231408,
DVD.OL,Deep Value Driller AS,Unknown,Norway,EUR,25,,NO0010955917,DVD.OL,,226580.86064095853,
BNOR.OL,Norwegian Energy,Unknown,Norway,EUR,25,,NO0010379266,BNOR.OL,,1327743.3156343794,
PARB.OL,Pareto Bank,Unknown,Norway,EUR,25,,NO0010397581,PARB.OL,,175677.39896688453,
OKEA.OL,OKEA,Unknown,Norway,EUR,25,,NO0010816895,OKEA.OL,,433888.85494788474,
NSKOG.OL,Norske Skog AS,Unknown,Norway,EUR,25,,NO0010861115,NSKOG.OL,,411395.0565517278,
PHO.OL,PhotoCure,Unknown,Norway,EUR,25,,NO0010000045,PHO.OL,,222425.4175087501,
DNB.OL,DNB Bank,Unknown,Norway,EUR,25,,NO0010161896,DNB.OL,,30134927.89820902,
MGN.OL,Magnora,Unknown,Norway,EUR,25,,NO0010187032,MGN.OL,,270464.598586701,
NORAM.OL,Noram Drilling,Unknown,Norway,EUR,25,,NO0010360019,NORAM.OL,,139456.95466572695,
VEND.OL,Schibsted (B),Unknown,Norway,EUR,25,,NO0010736879,VEND.OL,,4685902.418232422,
ELMRA.OL,Elmera,Unknown,Norway,EUR,25,,NO0010815673,ELMRA.OL,,314213.99635400344,
SATS.OL,Sats,Unknown,Norway,EUR,25,,NO0010863285,SATS.OL,,1190083.5565238346,
XPLRA.OL,Xplora Technologies,Unknown,Norway,EUR,25,,NO0010895782,XPLRA.OL,,150153.1358628641,
MORG.OL,Sparebanken Møre,Unknown,Norway,EUR,25,,NO0012483207,MORG.OL,,120870.0938667462,
PNOR.OL,PetroNor E&P,Unknown,Norway,EUR,25,,NO0012942525,PNOR.OL,,120957.90452177533,
KIT.OL,Kitron,Unknown,Norway,EUR,25,,NO0003079709,KIT.OL,,2440763.5540083493,
SOFF.OL,Solstad Offshore,Unknown,Norway,EUR,25,,NO0003080608,SOFF.OL,,437296.63040106033,
AKAST.OL,Akastor,Unknown,Norway,EUR,25,,NO0010215684,AKAST.OL,,123101.86346835105,
ELK.OL,Elkem,Unknown,Norway,EUR,25,,NO0010816093,ELK.OL,,1705652.9291819292,
ENDUR.OL,Endur,Unknown,Norway,EUR,25,,NO0012555459,ENDUR.OL,,558975.5221274495,
ORKLY,Orkla (ADR),Unknown,Norway,EUR,25,,US6863311097,ORKLY,,319964.7864312844,
NOVO-B.CO,Novo-Nordisk (B),Unknown,Denmark,EUR,25,,DK0062498333,NOVO-B.CO,,248618954.28693378,
VWS.CO,Vestas Wind Systems,Unknown,Denmark,EUR,25,,DK0061539921,VWS.CO,,44481424.3792882,
MAERSK-B.CO,A.P. Moeller - Maersk (B),Unknown,Denmark,EUR,25,,DK0010244508,MAERSK-B.CO,,32322006.432169996,
COLO-B.CO,Coloplast,Unknown,Denmark,EUR,25,,DK0060448595,COLO-B.CO,,18690881.097021613,
CARL-B.CO,Carlsberg (B),Unknown,Denmark,EUR,25,,DK0010181759,CARL-B.CO,,21540916.147981398,
DANSKE.CO,Danske Bank,Unknown,Denmark,EUR,25,,DK0010274414,DANSKE.CO,,30009445.643312685,
NKT.CO,NKT,Unknown,Denmark,EUR,25,,DK0010287663,NKT.CO,,11398950.90571265,
DSV.CO,DSV,Unknown,Denmark,EUR,25,,DK0060079531,DSV.CO,,54566173.011087075,
NSIS-B.CO,Novozymes,Unknown,Denmark,EUR,25,,DK0060336014,NSIS-B.CO,,27535374.61904811,
PNDORA.CO,Pandora,Unknown,Denmark,EUR,25,,DK0060252690,PNDORA.CO,,23511534.98507417,
ROCK-B.CO,Rockwool A/S Navne-Aktier B DK 1,Unknown,Denmark,EUR,25,,DK0063855168,ROCK-B.CO,,9525594.949687883,
TRYG.CO,Tryg,Unknown,Denmark,EUR,25,,DK0060636678,TRYG.CO,,11790090.865327941,
GMAB.CO,Genmab,Unknown,Denmark,EUR,25,,DK0010272202,GMAB.CO,,26542648.94056443,
NVZMY,Novonesis (ADR),Unknown,Denmark,EUR,25,,US6701081092,NVZMY,,1244808.0252893632,
RBREW.CO,Royal Unibrew,Unknown,Denmark,EUR,25,,DK0060634707,RBREW.CO,,5352554.6605747435,
CHEMM.CO,ChemoMetec,Unknown,Denmark,EUR,25,,DK0060055861,CHEMM.CO,,2272867.283990369,
GN.CO,GN Store Nord,Unknown,Denmark,EUR,25,,DK0010272632,GN.CO,,9753934.761116173,
NETC.CO,Netcompany Group,Unknown,Denmark,EUR,25,,DK0060952919,NETC.CO,,3699925.028538907,
DFDS.CO,DFDS,Unknown,Denmark,EUR,25,,DK0060655629,DFDS.CO,,1588748.7607268062,
SCHO.CO,Schouw & Company,Unknown,Denmark,EUR,25,,DK0010253921,SCHO.CO,,1044336.8487534791,
NTG.CO,NTG Nordic Transport Grp,Unknown,Denmark,EUR,25,,DK0061141215,NTG.CO,,720401.5841852883,
BETCO.ST,Better Collective,Unknown,Denmark,EUR,25,,DK0060952240,BETCO.ST,,741941.2567096073,
HLUN-A.CO,H. Lundbeck (A),Unknown,Denmark,EUR,25,,DK0061804697,HLUN-A.CO,,310548.68711146776,
DNNGY,Orsted (ADR),Unknown,Denmark,EUR,25,,US68750L1026,DNNGY,,997071.7642284546,
MTHH.CO,MT HØJGAARD HOLDING,Unknown,Denmark,EUR,25,,DK0010255975,MTHH.CO,,253317.32197799525,
HH.CO,H+H INTERNATIONAL,Unknown,Denmark,EUR,25,,DK0015202451,HH.CO,,253929.07777211146,
SPG.CO,SP Group,Unknown,Denmark,EUR,25,,DK0061027356,SPG.CO,,435652.57957055187,
CADLR.OL,Cadeler,Unknown,Denmark,EUR,25,,DK0061412772,CADLR.OL,,1800768.3476051432,
CDLR,Cadeler (ADR),Unknown,Denmark,EUR,25,,US12738K1097,CDLR,,1015994.9486025163,
GMAB,Genmab (ADR),Unknown,Denmark,EUR,25,,US3723032062,GMAB,,27221926.796627305,
ALK-B.CO,ALK-Abelló,Unknown,Denmark,EUR,25,,DK0061802139,ALK-B.CO,,3559380.4206919214,
HLUN-B.CO,H. Lundbeck (B),Unknown,Denmark,EUR,25,,DK0061804770,HLUN-B.CO,,2675219.5170003735,
AMKBY,A.P. Møller - Mærsk (ADR),Unknown,Denmark,EUR,25,,US00202F1021,AMKBY,,901220.3714580273,
SANION.ST,Saniona,Unknown,Denmark,EUR,25,,SE0005794617,SANION.ST,,521213.6784491558,
FLS.CO,FLSmidth,Unknown,Denmark,EUR,25,,DK0010234467,FLS.CO,,5256824.800276399,
SKJE.CO,SKJERN BANK,Unknown,Denmark,EUR,25,,DK0010295922,SKJE.CO,,159240.50404106174,
JYSK.CO,Jyske Bank,Unknown,Denmark,EUR,25,,DK0010307958,JYSK.CO,,8577314.994261926,
ALMB.CO,Alm. Brand,Unknown,Denmark,EUR,25,,DK0015250344,ALMB.CO,,2561576.1473972714,
CBRAIN.CO,cBrain,Unknown,Denmark,EUR,25,,DK0060030286,CBRAIN.CO,,437125.4960642068,
NAPA.OL,"Napatech A/S Navne-Aktier DK 0,25",Unknown,Denmark,EUR,25,,DK0060520450,NAPA.OL,,158964.34946670313,
RILBA.CO,Ringkjøbing Landbobank,Unknown,Denmark,EUR,25,,DK0060854669,RILBA.CO,,4260276.067924399,
AOJ-B.CO,Brødrene A. & O. Johansen AS Navne Aktier B DK 1,Unknown,Denmark,EUR,25,,DK0061686714,AOJ-B.CO,,251106.18102070718,
GUBRA.CO,Gubra,Unknown,Denmark,EUR,25,,DK0062266474,GUBRA.CO,,1824382.7949965498,
TRST.L,Trustpilot,Unknown,Denmark,EUR,25,,GB00BNK9TP58,TRST.L,,4319310.901045475,
LOTB.BR,Lotus Bakeries,Unknown,Belgium,EUR,25,,BE0003604155,LOTB.BR,,5151445.170166016,
UMI.BR,Umicore,Unknown,Belgium,EUR,25,,BE0974320526,UMI.BR,,6873147.9691467285,
ABI.BR,Anheuser Busch InBev,Unknown,Belgium,EUR,25,,BE0974293251,ABI.BR,,89431940.56274796,
ELI.BR,Elia Group,Unknown,Belgium,EUR,25,,BE0003822393,ELI.BR,,8981255.308662415,
WDP.BR,Warehouses De Pauw,Unknown,Belgium,EUR,25,,BE0974349814,WDP.BR,,6633702.348003387,
GIMB.BR,GIMV,Unknown,Belgium,EUR,25,,BE0003699130,GIMB.BR,,937196.9165363312,
AGESY,Ageas (ADR),Unknown,Belgium,EUR,25,,US00844W2089,AGESY,,198343.07587806502,
TUB.BR,Financière de Tubize Actions au Port.,Unknown,Belgium,EUR,25,,BE0003823409,TUB.BR,,3350378.488182068,
KBCSY,KBC Groep (ADR),Unknown,Belgium,EUR,25,,US48241F1049,KBCSY,,903674.4239688806,
UMICY,Umicore (ADR),Unknown,Belgium,EUR,25,,US90420M1045,UMICY,,160155.54651179115,
SOLB.BR,Solvay,Unknown,Belgium,EUR,25,,BE0003470755,SOLB.BR,,6410564.3546562195,
KBC.BR,KBC Group,Unknown,Belgium,EUR,25,,BE0003565737,KBC.BR,,34721938.52458763,
COMB.BR,Compagnie,Unknown,Belgium,EUR,25,,BE0003592038,COMB.BR,,103291.91621398926,
COFB.BR,Cofinimmo,Unknown,Belgium,EUR,25,,BE0003593044,COFB.BR,,3349269.2942676544,
UCB.BR,UCB,Unknown,Belgium,EUR,25,,BE0003739530,UCB.BR,,41599385.12961578,
VASTB.BR,Vastned Belgium,Unknown,Belgium,EUR,25,,BE0003754687,VASTB.BR,,168330.7572374344,
ACKB.BR,Ackermans & van Haaren,Unknown,Belgium,EUR,25,,BE0003764785,ACKB.BR,,5493531.307434082,
DECB.BR,Deceuninck,Unknown,Belgium,EUR,25,,BE0003789063,DECB.BR,,153087.79285740852,
GBLB.BR,Groupe Bruxelles Lambert,Unknown,Belgium,EUR,25,,BE0003797140,GBLB.BR,,5872895.588430405,
PROX.BR,Proximus,Unknown,Belgium,EUR,25,,BE0003810273,PROX.BR,,2461292.5059058666,
ASCE.BR,Ascencio,Unknown,Belgium,EUR,25,,BE0003856730,ASCE.BR,,236387.78496932983,
JEN.BR,Jensen-Group,Unknown,Belgium,EUR,25,,BE0003858751,JEN.BR,,112773.92482566833,
SIP.BR,SIPEF,Unknown,Belgium,EUR,25,,BE0003898187,SIP.BR,,185523.1664466858,
COLR.BR,Colruyt,Unknown,Belgium,EUR,25,,BE0974256852,COLR.BR,,1849237.2338600159,
BEKB.BR,Bekaert,Unknown,Belgium,EUR,25,,BE0974258874,BEKB.BR,,1293670.4908943176,
AGS.BR,Ageas,Unknown,Belgium,EUR,25,,BE0974264930,AGS.BR,,14672922.876306534,
CPINV.BR,Care Property Invest,Unknown,Belgium,EUR,25,,BE0974273055,CPINV.BR,,570438.6798734665,
TITC.AT,Titan Cement International,Unknown,Belgium,EUR,25,,BE0974338700,TITC.AT,,2778427.924629972,
NYXH.BR,Nyxoah,Unknown,Belgium,EUR,25,,BE0974358906,NYXH.BR,,189769.74413967133,
AZE.BR,Azelis Group,Unknown,Belgium,EUR,25,,BE0974400328,AZE.BR,,3457646.374988079,
HOMI.BR,Home Invest Belgium,Unknown,Belgium,EUR,25,,BE0974409410,HOMI.BR,,154899.0752735138,
DEME.BR,DEME Group,Unknown,Belgium,EUR,25,,BE0974413453,DEME.BR,,1211167.642112732,
SYENS.BR,Syensqo,Unknown,Belgium,EUR,25,,BE0974464977,SYENS.BR,,8920022.83877945,
STR.VI,STRABAG,Unknown,Austria,EUR,25,,AT000000STR1,STR.VI,,2018515.4746780396,
OMV.VI,OMV,Unknown,Austria,EUR,25,,AT0000743059,OMV.VI,,13877269.671386719,
ATS.VI,AT&S,Unknown,Austria,EUR,25,,AT0000969985,ATS.VI,,2092726.629365921,
BG.VI,BAWAG Group,Unknown,Austria,EUR,25,,AT0000BAWAG2,BG.VI,,11697659.396202087,
KTN.DE,Kontron,Unknown,Austria,EUR,25,,AT0000A0E9W5,KTN.DE,,3322431.4276504517,
POS.VI,PORR,Unknown,Austria,EUR,25,,AT0000609607,POS.VI,,1162208.8546943665,
AMS.SW,ams-OSRAM,Unknown,Austria,EUR,25,,AT0000A3EPA4,AMS.SW,,4371236.977657327,
EBS.VI,Erste Group Bank,Unknown,Austria,EUR,25,,AT0000652011,EBS.VI,,27734973.029434204,
POST.VI,Oesterreichische Post,Unknown,Austria,EUR,25,,AT0000APOST4,POST.VI,,896014.6935195923,
WIE.VI,Wienerberger,Unknown,Austria,EUR,25,,AT0000831706,WIE.VI,,6160174.412707329,
ANDR.VI,Andritz,Unknown,Austria,EUR,25,,AT0000730007,ANDR.VI,,4786181.033073425,
VER.VI,VERBUND,Unknown,Austria,EUR,25,,AT0000746409,VER.VI,,6900103.992683411,
VIG.VI,Vienna Insurance,Unknown,Austria,EUR,25,,AT0000908504,VIG.VI,,1465619.8326702118,
RBI.VI,Raiffeisen Bank International,Unknown,Austria,EUR,25,,AT0000606306,RBI.VI,,8661767.356752396,
UQA.VI,UNIQA Insurance Group,Unknown,Austria,EUR,25,,AT0000821103,UQA.VI,,1464430.50065279,
FACC.VI,FACC,Unknown,Austria,EUR,25,,AT00000FACC2,FACC.VI,,264244.5989687443,
VOE.VI,Voestalpine,Unknown,Austria,EUR,25,,AT0000937503,VOE.VI,,7502295.650155067,
PAL.VI,Palfinger,Unknown,Austria,EUR,25,,AT0000758305,PAL.VI,,643266.9076938629,
TKA.VI,Telekom Austria,Unknown,Austria,EUR,25,,AT0000720008,TKA.VI,,412244.096121788,
BMAG.VI,Pierer Mobility,Unknown,Austria,EUR,25,,AT0000KTMI02,BMAG.VI,,179482.96487426758,
DOC.VI,Do & Co,Unknown,Austria,EUR,25,,AT0000818802,DOC.VI,,2056319.2709884644,
MMK.VI,Mayr Melnhof Karton,Unknown,Austria,EUR,25,,AT0000938204,MMK.VI,,780401.7407875061,
EVN.VI,EVN,Unknown,Austria,EUR,25,,AT0000741053,EVN.VI,,1159678.4627923965,
SBO.VI,SBO,Unknown,Austria,EUR,25,,AT0000946652,SBO.VI,,996158.2976074219,
LNZ.VI,Lenzing,Unknown,Austria,EUR,25,,AT0000644505,LNZ.VI,,1038530.2575502396,
CAI.VI,CA Immo,Unknown,Austria,EUR,25,,AT0000641352,CAI.VI,,1664704.7225017548,
CPI.VI,Immofinanz,Unknown,Austria,EUR,25,,AT0000A21KS2,CPI.VI,,728486.2858791351,
OBS.VI,Oberbank,Unknown,Austria,EUR,25,,AT0000625108,OBS.VI,,213766.80965423584,
ACAG.AT,Austriacard Holdings,Unknown,Austria,EUR,25,,AT0000A325L0,ACAG.AT,,153744.99632827434,
4X0.DE,Steyr Motors,Unknown,Austria,EUR,25,,AT0000A3FW25,4X0.DE,,456333.3232040405,
SON.LS,Sonae,Unknown,Portugal,EUR,25,,PTSON0AM0001,SON.LS,,1958887.150089562,
GALP.LS,Galp Energia,Unknown,Portugal,EUR,25,,PTGAL0AM0009,GALP.LS,,22885924.469244957,
NOS.LS,NOS SGPS,Unknown,Portugal,EUR,25,,PTZON0AM0006,NOS.LS,,1754485.8530573845,
EDPFY,EDP (ADR),Unknown,Portugal,EUR,25,,US2683531097,EDPFY,,640024.1515479358,
JRONY,Jerónimo Martins (ADR),Unknown,Portugal,EUR,25,,US4764931014,JRONY,,373386.1997825552,
IBS.LS,Ibersol,Unknown,Portugal,EUR,25,,PTIBS0AM0008,IBS.LS,,119918.92133831978,
RENE.LS,Redes Energeticas,Unknown,Portugal,EUR,25,,PTREL0AM0008,RENE.LS,,1643271.4439544678,
EDP.LS,Energias Portugues,Unknown,Portugal,EUR,25,,PTEDP0AM0009,EDP.LS,,29026026.928367257,
JMT.LS,Jeronimo Martins,Unknown,Portugal,EUR,25,,PTJMT0AE0001,JMT.LS,,12920279.287658691,
EGL.LS,Mota Engil,Unknown,Portugal,EUR,25,,PTMEN0AE0005,EGL.LS,,7065592.971843481,
NVG.LS,Navigator,Unknown,Portugal,EUR,25,,PTPTI0AM0006,NVG.LS,,2197960.7645726204,
CTT.LS,CTT Correios de Portugal,Unknown,Portugal,EUR,25,,PTCTT0AM0001,CTT.LS,,1697060.2920079231,
ACN,Accenture,Unknown,Ireland,EUR,25,,IE00B4BNMY34,ACN,,828691964.0718701,
MDT,Medtronic,Unknown,Ireland,EUR,25,,IE00BTN1Y115,MDT,,538052597.0325222,
RYA.IR,Ryanair Holdings,Unknown,Ireland,EUR,25,,IE00BYTBXV33,RYA.IR,,40217753.085502625,
TT,Trane Technologies,Unknown,Ireland,EUR,25,,IE00BK9ZQ967,TT,,444068193.33590114,
KRZ.IR,Kerry Group,Unknown,Ireland,EUR,25,,IE0004906560,KRZ.IR,,25304947.8847847,
SW,Smurfit WestRock,Unknown,Ireland,EUR,25,,IE00028FXN24,SW,,157329633.44323102,
GHRS,GH Research,Unknown,Ireland,EUR,25,,IE000GID8VI0,GHRS,,1847338.0493241958,
RYAAY,Ryanair (ADR),Unknown,Ireland,EUR,25,,US7835132033,RYAAY,,60472401.563718125,
ADSE,ADS TEC ENERGY,Unknown,Ireland,EUR,25,,IE000DU292E6,ADSE,,589542.3078444947,
IRES.IR,Irish Residential Properties,Unknown,Ireland,EUR,25,,IE00BJ34P519,IRES.IR,,704039.2309991121,
APTV,APTIVE,Unknown,Ireland,EUR,25,,JE00BTDN8H13,APTV,,159645433.41599655,
STE,Steris,Unknown,Ireland,EUR,25,,IE00BFY8C754,STE,,113539927.70666434,
JHX,James Hardie,Unknown,Ireland,EUR,25,,IE000R94NGM2,JHX,,76473887.60700667,
CCR.L,C&C Group,Unknown,Ireland,EUR,25,,IE00B010DT83,CCR.L,,883335.2201735326,
AMRN,Amarin,Unknown,Ireland,EUR,25,,US0231114044,AMRN,,761013.997770125,
BKRIY,Bank of Ireland Group (ADR),Unknown,Ireland,EUR,25,,US06279J1097,BKRIY,,336056.1256774417,
FCL.AX,FINEOS,Unknown,Ireland,EUR,25,,AU0000054322,FCL.AX,,140670.61429528793,
EXPGY,Experian (ADR),Unknown,Ireland,EUR,25,,US30215C1018,EXPGY,,3312008.3705127053,
IR,Ingersoll Rand,Unknown,Ireland,EUR,25,,US45687V1061,IR,,201870730.91625875,
KRYAY,Kerry Group (ADR),Unknown,Ireland,EUR,25,,US4924601002,KRYAY,,811645.0860133956,
KMR.L,Kenmare Resources,Unknown,Ireland,EUR,25,,IE00BDC5DG00,KMR.L,,254214.2555525388,
A5G.IR,AIB Group,Unknown,Ireland,EUR,25,,IE00BF0L3536,A5G.IR,,27352180.77852416,
PRGO,Perrigo,Unknown,Ireland,EUR,25,,IE00BGH1M568,PRGO,,28592235.38413346,
PNR,Pentair,Unknown,Ireland,EUR,25,,IE00BLS09M33,PNR,,110779270.94695556,
CRN.L,Cairn Homes,Unknown,Ireland,EUR,25,,IE00BWY4ZF18,CRN.L,,858794.9649016531,
PRTA,Prothena,Unknown,Ireland,EUR,25,,IE00B91XRN20,PRTA,,5173017.687607901,
GL9.IR,Glanbia,Unknown,Ireland,EUR,25,,IE0000669501,GL9.IR,,5925272.967066765,
CRH,CRH,Unknown,Ireland,EUR,25,,IE0001827041,CRH,,371970665.61893845,
KRX.IR,Kingspan,Unknown,Ireland,EUR,25,,IE0004927939,KRX.IR,,24551584.552230835,
ALLE,Allegion,Unknown,Ireland,EUR,25,,IE00BFRT3W74,ALLE,,109176729.58117205,
OIZ.IR,Origin Enterprises,Unknown,Ireland,EUR,25,,IE00B1WV4493,OIZ.IR,,216464.9135683775,
DCC.L,DCC,Unknown,Ireland,EUR,25,,IE0002424939,DCC.L,,14394504.10086241,
ICLR,ICON,Unknown,Ireland,EUR,25,,IE0005711209,ICLR,,147145348.53974438,
ADNT,Adient,Unknown,Ireland,EUR,25,,IE00BD845X29,ADNT,,18890327.140575178,
UPR.IR,Uniphar,Unknown,Ireland,EUR,25,,IE00BJ5FQX74,UPR.IR,,845414.370724678,
FLUT,Flutter Entertainment,Unknown,Ireland,EUR,25,,IE00BWT6H894,FLUT,,361205348.46488464,
QBTS,D-Wave Quantum,Unknown,Canada,EUR,25,,US26740W1099,QBTS,,432873500.42568886,
DFN.TO,Dividend 15 Split,Unknown,Canada,EUR,25,,CA25537R1091,DFN.TO,,1390310.3077284496,
SHOP,Shopify (A),Unknown,Canada,EUR,25,,CA82509L1076,SHOP,,783337019.2785785,
CCO.TO,Cameco,Unknown,Canada,EUR,25,,CA13321L1085,CCO.TO,,67290641.30765669,
CSU.TO,Constellation Software,Unknown,Canada,EUR,25,,CA21037X1006,CSU.TO,,104239955.25704992,
ENB.TO,Enbridge,Unknown,Canada,EUR,25,,CA29250N1050,ENB.TO,,276957210.0852804,
ABX.TO,Barrick Mining,Unknown,Canada,EUR,25,,CA06849F1080,ABX.TO,,82199351.9573923,
AEM,Agnico Eagle Mines,Unknown,Canada,EUR,25,,CA0084741085,AEM,,286158159.0453685,
AG.TO,First Majestic Silver,Unknown,Canada,EUR,25,,CA32076V1031,AG.TO,,10284587.507490452,
BN.TO,Brookfield Corporation,Unknown,Canada,EUR,25,,CA11271J1075,BN.TO,,82968298.88858807,
AII.TO,Almonty Industries,Unknown,Canada,EUR,25,,CA0203987072,AII.TO,,1291844.1869176142,
PAAS.TO,Pan American Silver,Unknown,Canada,EUR,25,,CA6979001089,PAAS.TO,,24818250.25302226,
TEAM,Atlassian (A),Unknown,Canada,EUR,25,,US0494681010,TEAM,,373415119.06073743,
WPM.TO,Wheaton Precious Metals,Unknown,Canada,EUR,25,,CA9628791027,WPM.TO,,56146094.95744455,
CNR.TO,Canadian National Railway,Unknown,Canada,EUR,25,,CA1363751027,CNR.TO,,113981196.18349086,
BNS.TO,Bank of Nova Scotia,Unknown,Canada,EUR,25,,CA0641491075,BNS.TO,,205551397.61021662,
SLI.V,Standard Lithium,Unknown,Canada,EUR,25,,CA8536061010,SLI.V,,330768.7206954309,
QNC.V,Quantum eMotion,Unknown,Canada,EUR,25,,CA74767K1030,QNC.V,,935048.8951193354,
BLDP.TO,Ballard Power,Unknown,Canada,EUR,25,,CA0585861085,BLDP.TO,,1257769.2333259932,
RY.TO,Royal Bank of Canada,Unknown,Canada,EUR,25,,CA7800871021,RY.TO,,415376200.6702757,
DIV.TO,Diversified Royalty,Unknown,Canada,EUR,25,,CA2553311002,DIV.TO,,493634.62355566537,
K.TO,Kinross Gold,Unknown,Canada,EUR,25,,CA4969024047,K.TO,,51659211.202077776,
CNQ.TO,Canadian Natural Resources,Unknown,Canada,EUR,25,,CA1363851017,CNQ.TO,,356583221.062056,
NTR.TO,Nutrien,Unknown,Canada,EUR,25,,CA67077M1086,NTR.TO,,76046395.71049803,
PPL.TO,Pembina Pipeline,Unknown,Canada,EUR,25,,CA7063271034,PPL.TO,,88341432.30014536,
ATD.TO,Alimentation Couche-Tard,Unknown,Canada,EUR,25,,CA01626P1484,ATD.TO,,60083672.75661969,
LAC.TO,Lithium Americas,Unknown,Canada,EUR,25,,CA53681J1030,LAC.TO,,2610785.412699774,
ABCL,Abcellera Biologics,Unknown,Canada,EUR,25,,CA00288U1066,ABCL,,10271001.01670377,
FNV.TO,Franco Nevada,Unknown,Canada,EUR,25,,CA3518581051,FNV.TO,,45831997.24811984,
EQX.TO,Equinox Gold,Unknown,Canada,EUR,25,,CA29446Y5020,EQX.TO,,12122786.038061015,
BTO.TO,B2Gold,Unknown,Canada,EUR,25,,CA11777Q2099,BTO.TO,,11954460.346784774,
BTQ.NE,BTQ Technologies,Unknown,Canada,EUR,25,,CA0558691014,BTQ.NE,,661463.8557666917,
QSR,Restaurant Brands,Unknown,Canada,EUR,25,,CA76131D1033,QSR,,130464916.36312215,
FIH-U.TO,Fairfax India,Unknown,Canada,EUR,25,,CA3038971022,FIH-U.TO,,380997.6241114988,
IVN.TO,Ivanhoe Mines,Unknown,Canada,EUR,25,,CA46579R1047,IVN.TO,,24948344.571641706,
WCP.TO,Whitecap Resources,Unknown,Canada,EUR,25,,CA96467A2002,WCP.TO,,29296861.403019883,
SSRM.TO,SSR Mining,Unknown,Canada,EUR,25,,CA7847301032,SSRM.TO,,4873645.336984562,
BAM.TO,Brookfield Asset Management,Unknown,Canada,EUR,25,,CA1130041058,BAM.TO,,47565527.82257208,
TLRY,Tilray Brands,Unknown,Canada,EUR,25,,US88688T2096,TLRY,,28271530.30504376,
NPI.TO,Northland Power,Unknown,Canada,EUR,25,,CA6665111002,NPI.TO,,11561606.65352669,
ACB.TO,Aurora Cannabis,Unknown,Canada,EUR,25,,CA05156X8504,ACB.TO,,1691351.8406074527,
ELD.TO,Eldorado Gold,Unknown,Canada,EUR,25,,CA2849025093,ELD.TO,,7585326.349883573,
TD,Toronto-Dominion Bank,Unknown,Canada,EUR,25,,CA8911605092,TD,,116057704.64480045,
WCN,Waste Connections,Unknown,Canada,EUR,25,,CA94106B1013,WCN,,168340420.54394007,
IMG.TO,IAMGOLD,Unknown,Canada,EUR,25,,CA4509131088,IMG.TO,,14443761.057170292,
CSIQ,Canadian Solar,Unknown,Canada,EUR,25,,CA1366351098,CSIQ,,21922491.8789133,
PPTA.TO,Perpetua Resources,Unknown,Canada,EUR,25,,CA7142661031,PPTA.TO,,2191663.1420185557,
HBM.TO,Hudbay Minerals,Unknown,Canada,EUR,25,,CA4436281022,HBM.TO,,16017054.930654932,
DFTX,Definium Therapeutics,Unknown,Canada,EUR,25,,CA24477V1058,DFTX,,10849370.813522927,
BBD-B.TO,Bombardier,Unknown,Canada,EUR,25,,CA0977518616,BBD-B.TO,,37141030.157502465,
CNC.V,Canada Nickel Company,Unknown,Canada,EUR,25,,CA13515Q1037,CNC.V,,224213.4003028476,
LUN.TO,Lundin Mining,Unknown,Canada,EUR,25,,CA5503721063,LUN.TO,,24918074.63554842,
TA.TO,TransAlta,Unknown,Canada,EUR,25,,CA89346D1078,TA.TO,,13247842.229765177,
NB,Niocorp Developments,Unknown,Canada,EUR,25,,CA6544846091,NB,,4010461.4721973944,
BCE.TO,BCE,Unknown,Canada,EUR,25,,CA05534B7604,BCE.TO,,72567534.47416782,
AP-UN.TO,Allied Properties Real Estate Investment Trust,Unknown,Canada,EUR,25,,CA0194561027,AP-UN.TO,,5133282.81539625,
TECK-B.TO,Teck Resources (B),Unknown,Canada,EUR,25,,CA8787422044,TECK-B.TO,,44742883.94941295,
CVE.TO,Cenovus Energy,Unknown,Canada,EUR,25,,CA15135U1093,CVE.TO,,104155168.36365074,
H.TO,Hydro One,Unknown,Canada,EUR,25,,CA4488112083,H.TO,,26454344.4780415,
BMO.TO,Bank of Montreal,Unknown,Canada,EUR,25,,CA0636711016,BMO.TO,,230957150.33113974,
TRP.TO,TC Energy,Unknown,Canada,EUR,25,,CA87807B1076,TRP.TO,,196844938.63743418,
SOIL.TO,Saturn Oil & Gas,Unknown,Canada,EUR,25,,CA80412L8832,SOIL.TO,,304668.68717259297,
CP.TO,Canadian Pacific Kansas City,Unknown,Canada,EUR,25,,CA13646K1084,CP.TO,,92965533.26258618,
TFPM.TO,Triple Flag Prec. Metals,Unknown,Canada,EUR,25,,CA89679M1041,TFPM.TO,,2886710.113533787,
SIA.TO,Sienna Senior Living,Unknown,Canada,EUR,25,,CA82621K1021,SIA.TO,,2631691.493098473,
SCZ.V,Santacruz Silver Mining,Unknown,Canada,EUR,25,,CA80280U2056,SCZ.V,,523390.8441588288,
WFG.TO,West Fraser Timber,Unknown,Canada,EUR,25,,CA9528451052,WFG.TO,,10219515.210773041,
OTEX,Open Text,Unknown,Canada,EUR,25,,CA6837151068,OTEX,,24863051.343593508,
REI-UN.TO,RioCan Real Estate Investment Trust ,Unknown,Canada,EUR,25,,CA7669101031,REI-UN.TO,,7025316.80585775,
OGC.TO,OceanaGold,Unknown,Canada,EUR,25,,CA6752224007,OGC.TO,,9486622.652887974,
PIF.TO,Polaris Renewable Energy,Unknown,Canada,EUR,25,,CA73108L1013,PIF.TO,,223589.4179674316,
OR.TO,OR Royalties,Unknown,Canada,EUR,25,,CA68390D1069,OR.TO,,8497576.703279495,
CG.TO,Centerra Gold,Unknown,Canada,EUR,25,,CA1520061021,CG.TO,,6312847.547697327,
MEQ.TO,Mainstreet Equity,Unknown,Canada,EUR,25,,CA5609151009,MEQ.TO,,443740.07607197517,
VET.TO,Vermilion Energy,Unknown,Canada,EUR,25,,CA9237251058,VET.TO,,6011803.839551056,
ELE.TO,Elemental Royalty,Unknown,Canada,EUR,25,,CA28620K1066,ELE.TO,,136088.23293843883,
AQN.TO,Algonquin Power & Utilities,Unknown,Canada,EUR,25,,CA0158571053,AQN.TO,,9761268.944051951,
SGD.TO,Snowline Gold,Unknown,Canada,EUR,25,,CA83342V1040,SGD.TO,,902525.490974945,
IMO.TO,Imperial Oil,Unknown,Canada,EUR,25,,CA4530384086,IMO.TO,,59647800.88372933,
MAU.TO,Montage Gold,Unknown,Canada,EUR,25,,CA61178L1013,MAU.TO,,1022362.3730510513,
DPM.TO,DPM Metals,Unknown,Canada,EUR,25,,CA26139R1091,DPM.TO,,8863307.0643873,
DIR-UN.TO,Dream Industrial Real Estate Investment Trust,Unknown,Canada,EUR,25,,CA26153W1095,DIR-UN.TO,,3738860.3960629604,
TRI.TO,Thomson Reuters,Unknown,Canada,EUR,25,,CA8849038812,TRI.TO,,49405316.108462065,
MER.TO,Meren Energy,Unknown,Canada,EUR,25,,CA5889141019,MER.TO,,524572.3758987392,
CRT-UN.TO,CT REIT,Unknown,Canada,EUR,25,,CA1264621006,CRT-UN.TO,,1274297.495967881,
ALA.TO,AltaGas,Unknown,Canada,EUR,25,,CA0213611001,ALA.TO,,18671328.297034793,
AC.TO,Air Canada,Unknown,Canada,EUR,25,,CA0089118776,AC.TO,,31601259.322772488,
PXT.TO,Parex Resources,Unknown,Canada,EUR,25,,CA69946Q1046,PXT.TO,,6386452.808003433,
PMZ-UN.TO,Primaris REIT,Unknown,Canada,EUR,25,,CA74167K1093,PMZ-UN.TO,,1612868.298726142,
NXR-UN.TO,Nexus Industrial REIT,Unknown,Canada,EUR,25,,CA65344U1012,NXR-UN.TO,,598437.5052235487,
CTC-A.TO,Canadian Tire,Unknown,Canada,EUR,25,,CA1366812024,CTC-A.TO,,23283678.374757566,
TXG.TO,Torex Gold Resources,Unknown,Canada,EUR,25,,CA8910546032,TXG.TO,,9894613.307680272,
EFX.TO,Enerflex,Unknown,Canada,EUR,25,,CA29269R1055,EFX.TO,,4044664.644344073,
TAU.V,Thesis Gold & Silver,Unknown,Canada,EUR,25,,CA8839221063,TAU.V,,223447.7288049371,
BHC,Bausch Health,Unknown,Canada,EUR,25,,CA0717341071,BHC,,9494285.98144411,
ENGH.TO,Enghouse Systems,Unknown,Canada,EUR,25,,CA2929491041,ENGH.TO,,1733098.8284551841,
NGEX.TO,NGEx Minerals,Unknown,Canada,EUR,25,,CA62930A1021,NGEX.TO,,2732133.173423324,
GIL.TO,Gildan Activewear,Unknown,Canada,EUR,25,,CA3759161035,GIL.TO,,18774728.864705782,
SJ.TO,Stella Jones,Unknown,Canada,EUR,25,,CA85853F1053,SJ.TO,,5532999.792208004,
CHP-UN.TO,Choice Properties Reit,Unknown,Canada,EUR,25,,CA17039A1066,CHP-UN.TO,,3210129.522439968,
MFI.TO,Maple Leaf Foods,Unknown,Canada,EUR,25,,CA5649051078,MFI.TO,,3341959.952581943,
DCBO.TO,Docebo,Unknown,Canada,EUR,25,,CA25609L1058,DCBO.TO,,1301003.933635682,
ATS.TO,ATS,Unknown,Canada,EUR,25,,CA00217Y1043,ATS.TO,,5029278.487527743,
TIH.TO,Toromont Industries,Unknown,Canada,EUR,25,,CA8911021050,TIH.TO,,12923138.077341748,
NG.TO,Novagold Resources,Unknown,Canada,EUR,25,,CA66987E2069,NG.TO,,2006671.2608306971,
AW.TO,A&W Food Services of Canada,Unknown,Canada,EUR,25,,CA0002251027,AW.TO,,195595.08653278067,
SEA.TO,Seabridge Gold,Unknown,Canada,EUR,25,,CA8119271028,SEA.TO,,1690720.6220021648,
ZENA,ZenaTech,Unknown,Canada,EUR,25,,CA98936T2083,ZENA,,2753547.7849720074,
CSC.AX,Capstone Copper,Unknown,Canada,EUR,25,,AU0000318552,CSC.AX,,5300179.812819083,
RUS.TO,Russel Metals,Unknown,Canada,EUR,25,,CA7819036046,RUS.TO,,4341169.804122537,
IFP.TO,Interfor,Unknown,Canada,EUR,25,,CA45868C1095,IFP.TO,,1705236.8096827273,
MARI.TO,Marimaca Copper,Unknown,Canada,EUR,25,,CA56783M1068,MARI.TO,,123638.03369675067,
TCW.TO,Trican Well Service,Unknown,Canada,EUR,25,,CA8959451037,TCW.TO,,1658651.8410055456,
OBE.TO,Obsidian Energy,Unknown,Canada,EUR,25,,CA6744822033,OBE.TO,,1412777.0817333795,
SIS.TO,Savaria Corporation,Unknown,Canada,EUR,25,,CA8051121090,SIS.TO,,1195313.5861662123,
BLCO,Bausch + Lomb,Unknown,Canada,EUR,25,,CA0717051076,BLCO,,6282920.805539746,
LAS-A.TO,Lassonde Industries,Unknown,Canada,EUR,25,,CA5179071017,LAS-A.TO,,174335.2819591706,
SES.TO,Secure Waste Infrastructure,Unknown,Canada,EUR,25,,CA8139211038,SES.TO,,5730119.647280743,
ARTG.V,Artemis Gold,Unknown,Canada,EUR,25,,CA04302L1004,ARTG.V,,3761703.4650674392,
CS.TO,Capstone Copper,Unknown,Canada,EUR,25,,CA14071L1085,CS.TO,,17200764.328511246,
CJ.TO,Cardinal Energy,Unknown,Canada,EUR,25,,CA14150G4007,CJ.TO,,3144094.9279653598,
CEU.TO,CES Energy Solutions,Unknown,Canada,EUR,25,,CA15713J1049,CEU.TO,,3512170.259789033,
CAD.V,Colonial Coal International,Unknown,Canada,EUR,25,,CA1956151098,CAD.V,,104789.04929711287,
CYB.TO,Cymbria,Unknown,Canada,EUR,25,,CA23257X1096,CYB.TO,,202037.87171778182,
SGY.TO,Surge Energy,Unknown,Canada,EUR,25,,CA86880Y8779,SGY.TO,,2149142.4597826675,
WSP.TO,WSP Global,Unknown,Canada,EUR,25,,CA92938W2022,WSP.TO,,40280186.213510655,
WJX.TO,Wajax,Unknown,Canada,EUR,25,,CA9307831052,WJX.TO,,583404.6501998289,
DRX.TO,ADF Group,Unknown,Canada,EUR,25,,CA00089N1033,DRX.TO,,339647.92444129835,
ASTL,Algoma Steel Group,Unknown,Canada,EUR,25,,CA0156581070,ASTL,,4404318.348015597,
ATRL.TO,AtkinsRéalis Group,Unknown,Canada,EUR,25,,CA04764T1049,ATRL.TO,,25798033.569243096,
AUPH,Aurinia Pharmaceuticals,Unknown,Canada,EUR,25,,CA05156V1022,AUPH,,11291875.687297545,
AUST,Austin Gold,Unknown,Canada,EUR,25,,CA05223F1062,AUST,,120337.71831425498,
ACQ.TO,AutoCanada,Unknown,Canada,EUR,25,,CA05277B2093,ACQ.TO,,402291.1812284618,
CGY.TO,Calian Group,Unknown,Canada,EUR,25,,CA12989J1084,CGY.TO,,786981.1728970096,
CERT.V,Cerrado Gold,Unknown,Canada,EUR,25,,CA1567881018,CERT.V,,146804.5658588147,
DSG.TO,Descartes Systems,Unknown,Canada,EUR,25,,CA2499061083,DSG.TO,,14185983.99483081,
DGS.TO,Dividend Growth Split,Unknown,Canada,EUR,25,,CA25537Y1043,DGS.TO,,525826.8292041549,
DOL.TO,Dollarama,Unknown,Canada,EUR,25,,CA25675T1075,DOL.TO,,62732947.67007682,
EQB.TO,EQB,Unknown,Canada,EUR,25,,CA26886R1047,EQB.TO,,5210185.158248499,
EPRX.TO,Eupraxia Pharmaceuticals,Unknown,Canada,EUR,25,,CA29842P1053,EPRX.TO,,128447.52618611715,
FTT.TO,Finning,Unknown,Canada,EUR,25,,CA3180714048,FTT.TO,,14860120.679201465,
OLY.TO,Olympia Financial Group,Unknown,Canada,EUR,25,,CA6814721065,OLY.TO,,112748.91986041848,
PMET.TO,PMET Resources,Unknown,Canada,EUR,25,,CA73015G1046,PMET.TO,,531908.0509459551,
POET,POET Technologies,Unknown,Canada,EUR,25,,CA73044W3021,POET,,11446214.623550259,
REAL.TO,Real Matters,Unknown,Canada,EUR,25,,CA75601Y1007,REAL.TO,,148727.43765899847,
RCH.TO,Richelieu Hardware,Unknown,Canada,EUR,25,,CA76329W1032,RCH.TO,,1572839.5544656105,
SNDL,SNDL,Unknown,Canada,EUR,25,,CA83307B1013,SNDL,,2772431.921202112,
SDE.TO,Spartan Delta,Unknown,Canada,EUR,25,,CA84678A5089,SDE.TO,,961509.9278283821,
RAY.TO,Stingray Group,Unknown,Canada,EUR,25,,CA86084H4070,RAY.TO,,174609.1245627015,
SPB.TO,Superior Plus,Unknown,Canada,EUR,25,,CA86828P1036,SPB.TO,,3328598.2473347876,
TFII.TO,TFI International,Unknown,Canada,EUR,25,,CA87241L1094,TFII.TO,,19814648.816529207,
X.TO,TMX Group,Unknown,Canada,EUR,25,,CA87262K1057,X.TO,,15345142.675047878,
TOT.TO,Total Energy Services,Unknown,Canada,EUR,25,,CA89154B1022,TOT.TO,,388605.39477802103,
VLE.TO,Valeura Energy,Unknown,Canada,EUR,25,,CA9191444020,VLE.TO,,1364789.9668325793,
WEF.TO,Western Forest Products,Unknown,Canada,EUR,25,,CA9582117086,WEF.TO,,154355.02427144605,
WTE.TO,Westshore Terminals Investment,Unknown,Canada,EUR,25,,CA96145A2002,WTE.TO,,1225353.2785700634,
JOY.TO,Journey Energy,Unknown,Canada,EUR,25,,CA48113W1023,JOY.TO,,153573.06945682917,
KBL.TO,K-Bro Linen,Unknown,Canada,EUR,25,,CA48243M1077,KBL.TO,,270361.28668799327,
LBS.TO,Life & Banc Split,Unknown,Canada,EUR,25,,CA53184C1005,LBS.TO,,423866.3830631328,
MAXX.CN,Max Power Mining,Unknown,Canada,EUR,25,,CA57778R1001,MAXX.CN,,104176.30793440604,
MLP.V,Millennial Potash,Unknown,Canada,EUR,25,,CA60041F1018,MLP.V,,235357.31090021768,
MTL.TO,Mullen Group,Unknown,Canada,EUR,25,,CA6252841045,MTL.TO,,1630457.1030420153,
OMG.V,Omai Gold Mines,Unknown,Canada,EUR,25,,CA6820431048,OMG.V,,316194.3770261322,
ODV.V,Osisko Development,Unknown,Canada,EUR,25,,CA68828E8099,ODV.V,,145125.2325505924,
TVE.TO,Tamarack Valley Energy,Unknown,Canada,EUR,25,,CA87505Y4094,TVE.TO,,6634159.400697812,
URC.TO,Uranium Royalty,Unknown,Canada,EUR,25,,CA91702V1013,URC.TO,,578218.1222497748,
AGF-B.TO,AGF Management,Unknown,Canada,EUR,25,,CA0010921058,AGF-B.TO,,663713.3937198138,
AFN.TO,Ag Growth International,Unknown,Canada,EUR,25,,CA0011811068,AFN.TO,,1518530.0572930425,
AIF.TO,Altus Group,Unknown,Canada,EUR,25,,CA02215R1073,AIF.TO,,3758280.882489751,
APGO.V,Apollo Silver,Unknown,Canada,EUR,25,,CA03770A3073,APGO.V,,167401.27432049817,
BDT.TO,Bird Construction,Unknown,Canada,EUR,25,,CA09076P1045,BDT.TO,,2932383.3618514966,
BDI.TO,Black Diamond,Unknown,Canada,EUR,25,,CA09202D2077,BDI.TO,,453845.11885634647,
BB.TO,BlackBerry,Unknown,Canada,EUR,25,,CA09228F1036,BB.TO,,6563970.794655494,
BLX.TO,Boralex,Unknown,Canada,EUR,25,,CA09950M3003,BLX.TO,,6087298.114146997,
ACO-X.TO,ATCO,Unknown,Canada,EUR,25,,CA0467894006,ACO-X.TO,,6299819.3880979745,
DOO.TO,BRP,Unknown,Canada,EUR,25,,CA05577W2004,DOO.TO,,8802051.284543727,
BDGI.TO,Badger Infrastructure Solutions,Unknown,Canada,EUR,25,,CA0565331026,BDGI.TO,,2921054.6140820244,
CF.TO,Canaccord Genuity,Unknown,Canada,EUR,25,,CA1348011091,CF.TO,,703433.8160859395,
CJT.TO,Cargojet,Unknown,Canada,EUR,25,,CA14179V5036,CJT.TO,,4445663.450895527,
CHR.TO,Chorus Aviation,Unknown,Canada,EUR,25,,CA17040T8885,CHR.TO,,520725.7699362281,
CGO.TO,Cogeco,Unknown,Canada,EUR,25,,CA19238T1003,CGO.TO,,625742.5084739747,
CNL.TO,Collective Mining,Unknown,Canada,EUR,25,,CA19425C1005,CNL.TO,,1309963.9964781054,
DHT-UN.TO,DRI Healthcare Trust,Unknown,Canada,EUR,25,,CA23344H1091,DHT-UN.TO,,270346.9503734199,
DNG.TO,Dynacor Group,Unknown,Canada,EUR,25,,CA26780B1067,DNG.TO,,196110.99607373227,
ELF.TO,E-L Financial,Unknown,Canada,EUR,25,,CA2685751075,ELF.TO,,286819.79493850167,
ELVA.TO,Electrovaya,Unknown,Canada,EUR,25,,CA28617B6061,ELVA.TO,,121697.16760546545,
ET.TO,Evertz Technologies,Unknown,Canada,EUR,25,,CA30041N1078,ET.TO,,154051.60457326093,
FEC.TO,Frontera Energy,Unknown,Canada,EUR,25,,CA35905B1076,FEC.TO,,112578.10986275206,
GSKR.V,Goldsky Resources,Unknown,Canada,EUR,25,,CA3814951008,GSKR.V,,127669.43174368568,
GTII.CN,Green Thumb Industries,Unknown,Canada,EUR,25,,CA39342L1085,GTII.CN,,1223068.987251144,
HITI.V,High Tide ,Unknown,Canada,EUR,25,,CA42981E4013,HITI.V,,128387.40729423649,
AI.TO,Atrium Mortgage Investment,Unknown,Canada,EUR,25,,CA04964G1000,AI.TO,,596276.7760336819,
CAS.TO,Cascades,Unknown,Canada,EUR,25,,CA1469001053,CAS.TO,,1108018.6495119238,
CGX.TO,Cineplex,Unknown,Canada,EUR,25,,CA1724541000,CGX.TO,,1558748.0854433388,
DBM.TO,Doman Building Materials,Unknown,Canada,EUR,25,,CA25703L1004,DBM.TO,,690667.723247526,
FVI.TO,Fortuna Mining,Unknown,Canada,EUR,25,,CA3499421020,FVI.TO,,5416896.545440108,
HG.CN,HydroGraph Clean Power,Unknown,Canada,EUR,25,,CA44888L1085,HG.CN,,361700.4514415264,
MATR.TO,Mattr,Unknown,Canada,EUR,25,,CA57722Y1025,MATR.TO,,1344707.8478798056,
DTOL.TO,D2L,Unknown,Canada,EUR,25,,CA23344V1085,DTOL.TO,,167367.42215315235,
IPO.TO,InPlay Oil,Unknown,Canada,EUR,25,,CA45780T4046,IPO.TO,,272542.3497542807,
LUG.TO,Lundin Gold,Unknown,Canada,EUR,25,,CA5503711080,LUG.TO,,25337643.294529594,
NDM.TO,Northern Dynasty Minerals,Unknown,Canada,EUR,25,,CA66510M2040,NDM.TO,,843245.7531779214,
PSI.TO,Pason Systems,Unknown,Canada,EUR,25,,CA7029251088,PSI.TO,,1246431.2555494362,
AKAN,AKANDA,Unknown,Canada,EUR,25,,CA00971M7008,AKAN,,112821.71585180804,
DFY.TO,Definity Financial,Unknown,Canada,EUR,25,,CA24477T1003,DFY.TO,,5555950.938441363,
FSV.TO,FirstService,Unknown,Canada,EUR,25,,CA33767E2024,FSV.TO,,13666243.205160461,
GROY,Gold Royalty,Unknown,Canada,EUR,25,,CA38071H1064,GROY,,3505818.3496848615,
GRGD.TO,Groupe Dynamite,Unknown,Canada,EUR,25,,CA39944C1005,GRGD.TO,,4415036.261031546,
LSPD.TO,Lightspeed Commerce,Unknown,Canada,EUR,25,,CA53229C1077,LSPD.TO,,5496057.287936639,
LNR.TO,Linamar,Unknown,Canada,EUR,25,,CA53278L1076,LNR.TO,,4549616.9086470455,
MTY.TO,MTY Food Group,Unknown,Canada,EUR,25,,CA55378N1078,MTY.TO,,1211680.3905721947,
NUAG.TO,New Pacific Metals,Unknown,Canada,EUR,25,,CA64782A1075,NUAG.TO,,113539.92985994194,
NOA.TO,North American Construction,Unknown,Canada,EUR,25,,CA6568111067,NOA.TO,,1090573.1940802173,
PRL.TO,Propel Holdings,Unknown,Canada,EUR,25,,CA74349D1069,PRL.TO,,2878450.30347513,
RS.TO,Real Estate Split,Unknown,Canada,EUR,25,,CA75602C1077,RS.TO,,131975.0308458418,
SRU-UN.TO,SmartCentres REIT,Unknown,Canada,EUR,25,,CA83179X1087,SRU-UN.TO,,4506526.426654461,
ANY,Sphere 3d,Unknown,Canada,EUR,25,,CA84841L5062,ANY,,268520.49147216533,
TOY.TO,Spin Master,Unknown,Canada,EUR,25,,CA8485101031,TOY.TO,,1433482.6260454815,
SII.TO,Sprott,Unknown,Canada,EUR,25,,CA8520662088,SII.TO,,3198014.0506356694,
PBH.TO,Premium Brands Holdings,Unknown,Canada,EUR,25,,CA74061A1084,PBH.TO,,4713339.6136983065,
STN.TO,Stantec,Unknown,Canada,EUR,25,,CA85472N1096,STN.TO,,22614112.122986853,
AAV.TO,Advantage Energy,Unknown,Canada,EUR,25,,CA00791P1071,AAV.TO,,3329022.2877523843,
ARIS.TO,Aris Mining Corporation,Unknown,Canada,EUR,25,,CA04040Y1097,ARIS.TO,,4197593.978904533,
BIR.TO,Birchcliff Energy,Unknown,Canada,EUR,25,,CA0906971035,BIR.TO,,4184527.6378099597,
BBD-A.TO,Bombardier,Unknown,Canada,EUR,25,,CA0977518798,BBD-A.TO,,809815.0841084186,
CAR-UN.TO,Canadian Apartment Properties REIT,Unknown,Canada,EUR,25,,CA1349211054,CAR-UN.TO,,11007006.536133628,
TLG.TO,Troilus Mining,Unknown,Canada,EUR,25,,CA89688V1031,TLG.TO,,245074.95545705064,
WPK.TO,Winpak,Unknown,Canada,EUR,25,,CA97535P1045,WPK.TO,,1223371.8775625406,
AAUC.TO,Allied Gold,Unknown,Canada,EUR,25,,CA01921D2041,AAUC.TO,,4348363.233059589,
USA.TO,Americas Gold,Unknown,Canada,EUR,25,,CA03062D8035,USA.TO,,952185.309645395,
CCA.TO,Cogeco Communications,Unknown,Canada,EUR,25,,CA19239C1068,CCA.TO,,2750695.533539361,
GWO.TO,Great-West Lifeco,Unknown,Canada,EUR,25,,CA39138C1068,GWO.TO,,62795632.42063351,
GUD.TO,Knight Therapeutics,Unknown,Canada,EUR,25,,CA4990531069,GUD.TO,,195957.47069495986,
TSU.TO,Trisura Group,Unknown,Canada,EUR,25,,CA89679A2092,TSU.TO,,1919838.3881590893,
FDY.TO,Faraday Copper ,Unknown,Canada,EUR,25,,CA3073571034,FDY.TO,,157216.53889103193,
FTN.TO,Financial 15 Split,Unknown,Canada,EUR,25,,CA3175043064,FTN.TO,,1094739.0871676286,
GMIN.TO,G Mining Ventures,Unknown,Canada,EUR,25,,CA36270K1021,GMIN.TO,,7435360.291076173,
JWEL.TO,Jamieson Wellness,Unknown,Canada,EUR,25,,CA4707481046,JWEL.TO,,1165198.075421992,
NICU.V,Magna Mining,Unknown,Canada,EUR,25,,CA55925F1027,NICU.V,,362597.9581544176,
MAI.V,Minera Alamos,Unknown,Canada,EUR,25,,CA60283L8087,MAI.V,,180474.2751739407,
NEO.TO,Neo Performance Materials,Unknown,Canada,EUR,25,,CA64046G1063,NEO.TO,,1462002.8892289824,
VBNK.TO,VersaBank,Unknown,Canada,EUR,25,,CA92512J1066,VBNK.TO,,236286.87025347084,
VZLA.TO,Vizsla Silver,Unknown,Canada,EUR,25,,CA92859G6085,VZLA.TO,,1827014.3618811402,
PSK.TO,Prairiesky Royalty,Unknown,Canada,EUR,25,,CA7397211086,PSK.TO,,5944973.7868061485,
REAX,The Real Brokerage,Unknown,Canada,EUR,25,,CA75585H2063,REAX,,4068979.965013192,
WELL.TO,WELL Health Technologies,Unknown,Canada,EUR,25,,CA94947L1022,WELL.TO,,2743585.644987787,
GYRE,Gyre Therapeutics,Unknown,Canada,EUR,25,,US4037831033,GYRE,,573884.1343412714,
ASC,Ardmore Shipping,Unknown,Canada,EUR,25,,MHY0207T1001,ASC,,6608874.868220615,
KREF,KKR Real Est.Finance Trust,Unknown,Canada,EUR,25,,US48251K1007,KREF,,4494386.881720122,
ZYME,Zymeworks,Unknown,Canada,EUR,25,,US98985Y1082,ZYME,,8087425.675826311,
DC,Dakota Gold,Unknown,Canada,EUR,25,,US46655E1001,DC,,2007945.9027759326,
MUX,McEwen Mining,Unknown,Canada,EUR,25,,US58039P3055,MUX,,8492435.001581613,
HIVE.TO,HIVE Digital Technologies,Unknown,Canada,EUR,25,,CA4339211035,HIVE.TO,,2823801.6299380427,
AGI.TO,Alamos Gold,Unknown,Canada,EUR,25,,CA0115321089,AGI.TO,,24460255.7501563,
7974.T,Nintendo,Unknown,Japan,EUR,25,,JP3756600007,7974.T,,309663568.0181836,
3350.T,Metaplanet,Unknown,Japan,EUR,25,,JP3481200008,3350.T,,60924730.3815165,
8001.T,Itochu,Unknown,Japan,EUR,25,,JP3143600009,8001.T,,131490828.19934048,
6758.T,Sony,Unknown,Japan,EUR,25,,JP3435000009,6758.T,,303605762.5283956,
7203.T,Toyota Motor,Unknown,Japan,EUR,25,,JP3633400001,7203.T,,394006092.7045808,
6501.T,Hitachi,Unknown,Japan,EUR,25,,JP3788600009,6501.T,,316294770.9675791,
9984.T,SoftBank Group,Unknown,Japan,EUR,25,,JP3436100006,9984.T,,744875199.8890169,
7309.T,Shimano,Unknown,Japan,EUR,25,,JP3358000002,7309.T,,32156729.7599935,
5803.T,Fujikura,Unknown,Japan,EUR,25,,JP3811000003,5803.T,,788366993.8536249,
6857.T,Advantest,Unknown,Japan,EUR,25,,JP3122400009,6857.T,,878492361.4321065,
8058.T,Mitsubishi,Unknown,Japan,EUR,25,,JP3898400001,8058.T,,178106444.61786383,
6367.T,Daikin Industries,Unknown,Japan,EUR,25,,JP3481800005,6367.T,,108505782.84483735,
6954.T,Fanuc,Unknown,Japan,EUR,25,,JP3802400006,6954.T,,96792389.49998018,
8002.T,Marubeni,Unknown,Japan,EUR,25,,JP3877600001,8002.T,,83089933.99357858,
6301.T,Komatsu,Unknown,Japan,EUR,25,,JP3304200003,6301.T,,85147670.87525302,
7012.T,Kawasaki Heavy Industries,Unknown,Japan,EUR,25,,JP3224200000,7012.T,,308658268.2875127,
6326.T,Kubota,Unknown,Japan,EUR,25,,JP3266400005,6326.T,,41771129.803942785,
8766.T,Tokio Marine Holdings,Unknown,Japan,EUR,25,,JP3910660004,8766.T,,164204063.51606908,
2914.T,Japan Tobacco,Unknown,Japan,EUR,25,,JP3726800000,2914.T,,103227831.55700761,
4063.T,Shin-Etsu Chemical,Unknown,Japan,EUR,25,,JP3371200001,4063.T,,187093610.81153715,
2802.T,Ajinomoto,Unknown,Japan,EUR,25,,JP3119600009,2802.T,,53948757.1346394,
8035.T,Tokyo Electron,Unknown,Japan,EUR,25,,JP3571400005,8035.T,,614523377.7462997,
9983.T,Fast Retailing,Unknown,Japan,EUR,25,,JP3802300008,9983.T,,340127023.81837183,
6752.T,Panasonic,Unknown,Japan,EUR,25,,JP3866800000,6752.T,,82547905.00391069,
4091.T,Nippon Sanso,Unknown,Japan,EUR,25,,JP3711600001,4091.T,,16958981.74105325,
7751.T,Canon,Unknown,Japan,EUR,25,,JP3242800005,7751.T,,80476839.90158698,
6506.T,Yaskawa Electric,Unknown,Japan,EUR,25,,JP3932000007,6506.T,,55133771.42550093,
6503.T,Mitsubishi Electric,Unknown,Japan,EUR,25,,JP3902400005,6503.T,,115598899.60039933,
6762.T,TDK,Unknown,Japan,EUR,25,,JP3538800008,6762.T,,105136832.81068729,
2502.T,Asahi Group Holdings,Unknown,Japan,EUR,25,,JP3116000005,2502.T,,54631848.49166433,
5401.T,Nippon Steel,Unknown,Japan,EUR,25,,JP3381000003,5401.T,,70390562.09081087,
1911.T,Sumitomo Forestry,Unknown,Japan,EUR,25,,JP3409800004,1911.T,,32843958.33149875,
9433.T,KDDI,Unknown,Japan,EUR,25,,JP3496400007,9433.T,,110473521.31213757,
186A.T,Astroscale Holdings Inc,Unknown,Japan,EUR,25,,JP3119820003,186A.T,,13828479.908762362,
3436.T,SUMCO,Unknown,Japan,EUR,25,,JP3322930003,3436.T,,50081419.09141339,
8015.T,Toyota Tsusho,Unknown,Japan,EUR,25,,JP3635000007,8015.T,,40200163.95071194,
ATEYY,Advantest (ADR),Unknown,Japan,EUR,25,,US00762U2006,ATEYY,,6991186.459023066,
7013.T,IHI,Unknown,Japan,EUR,25,,JP3134800006,7013.T,,360291356.1161206,
7269.T,Suzuki Motor,Unknown,Japan,EUR,25,,JP3397200001,7269.T,,68127659.97506678,
9766.T,Konami,Unknown,Japan,EUR,25,,JP3300200007,9766.T,,49894512.01552656,
9020.T,East Japan Railway,Unknown,Japan,EUR,25,,JP3783600004,9020.T,,48560840.88114318,
6146.T,Disco,Unknown,Japan,EUR,25,,JP3548600000,6146.T,,941289934.0112729,
9023.T,Tokyo Metro,Unknown,Japan,EUR,25,,JP3583900000,9023.T,,27781225.84976101,
9101.T,Nippon Yusen,Unknown,Japan,EUR,25,,JP3753000003,9101.T,,105253760.65115182,
6361.T,Ebara,Unknown,Japan,EUR,25,,JP3166000004,6361.T,,46329850.517158166,
5406.T,Kobe Steel,Unknown,Japan,EUR,25,,JP3289800009,5406.T,,22995254.888183545,
9104.T,Mitsui OSK Lines,Unknown,Japan,EUR,25,,JP3362700001,9104.T,,112084728.42803684,
3231.T,Nomura Real Estate Holdings,Unknown,Japan,EUR,25,,JP3762900003,3231.T,,15819189.476230916,
9434.T,SoftBank Corp,Unknown,Japan,EUR,25,,JP3732000009,9434.T,,75892569.99643236,
7731.T,Nikon,Unknown,Japan,EUR,25,,JP3657400002,7731.T,,15446777.603747442,
9107.T,Kawasaki Kisen,Unknown,Japan,EUR,25,,JP3223800008,9107.T,,73066445.03288299,
5471.T,Daido Steel,Unknown,Japan,EUR,25,,JP3491000000,5471.T,,4682692.825113622,
6387.T,SAMCO,Unknown,Japan,EUR,25,,JP3322950001,6387.T,,990425.6210811767,
9532.T,Osaka Gas,Unknown,Japan,EUR,25,,JP3180400008,9532.T,,23471800.280190974,
6134.T,Fuji,Unknown,Japan,EUR,25,,JP3809200003,6134.T,,4498243.000943502,
8050.T,Seiko Group,Unknown,Japan,EUR,25,,JP3414700009,8050.T,,3753922.5088513317,
6645.T,Omron,Unknown,Japan,EUR,25,,JP3197800000,6645.T,,32301290.541640595,
6376.T,Nikkiso,Unknown,Japan,EUR,25,,JP3668000007,6376.T,,1659972.3652374225,
7004.T,Kanadevia,Unknown,Japan,EUR,25,,JP3789000001,7004.T,,4012160.931597075,
FANUY,Fanuc Corporation ADR,Unknown,Japan,EUR,25,,US3073051027,FANUY,,4631791.851129064,
5076.T,Infroneer Holdings,Unknown,Japan,EUR,25,,JP3153850007,5076.T,,8125762.75082129,
7906.T,Yonex,Unknown,Japan,EUR,25,,JP3960000002,7906.T,,3867355.3945770217,
4593.T,Healios,Unknown,Japan,EUR,25,,JP3835100003,4593.T,,4326609.5066817645,
9503.T,Kansai Electric,Unknown,Japan,EUR,25,,JP3228600007,9503.T,,47492072.40992694,
PCRHY,Panasonic Holdings,Unknown,Japan,EUR,25,,US69832A3041,PCRHY,,1802284.4703434638,
5301.T,Tokai Carbon,Unknown,Japan,EUR,25,,JP3560800009,5301.T,,6594857.724271143,
6328.T,Ebara Jitsugyo,Unknown,Japan,EUR,25,,JP3165950001,6328.T,,499129.89257989754,
9404.T,Nippon Television Holdings,Unknown,Japan,EUR,25,,JP3732200005,9404.T,,7851183.418744938,
6104.T,Shibaura Machine,Unknown,Japan,EUR,25,,JP3592600005,6104.T,,2069804.133090877,
EJPRY,East Japan Railway (ADR),Unknown,Japan,EUR,25,,US2732021017,EJPRY,,559303.5710348389,
4498.T,Cybertrust Japan,Unknown,Japan,EUR,25,,JP3311490001,4498.T,,341012.8731327595,
6788.T,Nihon Trim,Unknown,Japan,EUR,25,,JP3739700007,6788.T,,341161.8391826028,
6526.T,SOCIONEXT,Unknown,Japan,EUR,25,,JP3433500000,6526.T,,113297764.30248144,
9507.T,Shikoku Electric Power,Unknown,Japan,EUR,25,,JP3350800003,9507.T,,4420151.762467843,
FJTSY,Fujitsu (ADR),Unknown,Japan,EUR,25,,US3595903044,FJTSY,,2903081.456944138,
2809.T,Kewpie,Unknown,Japan,EUR,25,,JP3244800003,2809.T,,8645214.538525041,
4725.T,CAC Holdings,Unknown,Japan,EUR,25,,JP3346300001,4725.T,,359667.7429502094,
KNBWY,Kirin Holdings (ADR),Unknown,Japan,EUR,25,,US4973503067,KNBWY,,455563.1527338709,
2531.T,Takara Holdings,Unknown,Japan,EUR,25,,JP3459600007,2531.T,,4007862.8794371705,
3036.T,ALCONIX,Unknown,Japan,EUR,25,,JP3126210008,3036.T,,1017906.5503047163,
8219.T,Aoyama Trading,Unknown,Japan,EUR,25,,JP3106200003,8219.T,,3207557.172072879,
1944.T,Kinden,Unknown,Japan,EUR,25,,JP3263000006,1944.T,,11118505.336833928,
7296.T,F.C.C,Unknown,Japan,EUR,25,,JP3166900005,7296.T,,1983830.8510414632,
8012.T,Nagase & Co.,Unknown,Japan,EUR,25,,JP3647800006,8012.T,,4039870.821239683,
5218.T,Ohara,Unknown,Japan,EUR,25,,JP3197630001,5218.T,,310797.4427878428,
MSADY,MS&AD Insurance Group Holdings (ADR),Unknown,Japan,EUR,25,,US5534911012,MSADY,,1259327.3420167738,
2353.T,Nippon Parking Development,Unknown,Japan,EUR,25,,JP3728000005,2353.T,,1808992.5432593552,
2269.T,Meiji Holdings,Unknown,Japan,EUR,25,,JP3918000005,2269.T,,21929985.85234832,
6996.T,Nichicon,Unknown,Japan,EUR,25,,JP3661800007,6996.T,,2210254.1197592574,
7979.T,Shofu,Unknown,Japan,EUR,25,,JP3363600002,7979.T,,1000834.5121071504,
6590.T,Shibaura Mechatronics,Unknown,Japan,EUR,25,,JP3355000005,6590.T,,31896071.58269761,
7994.T,Okamura,Unknown,Japan,EUR,25,,JP3192400004,7994.T,,2139173.4883561814,
RCRUY,Recruit Holdings (ADR),Unknown,Japan,EUR,25,,US75629J1016,RCRUY,,4053990.8899612455,
8622.T,Mito Securities,Unknown,Japan,EUR,25,,JP3905400002,8622.T,,486419.5736702175,
CCOEY,Capcom (ADR),Unknown,Japan,EUR,25,,US13916V1070,CCOEY,,312077.9730830012,
BRDCY,Bridgestone (ADR),Unknown,Japan,EUR,25,,US1084412055,BRDCY,,1467076.2414729535,
FUJIY,Fujifilm Holdings (ADR),Unknown,Japan,EUR,25,,US35958N1072,FUJIY,,1583516.3842826253,
HTHIY,Hitachi (ADR),Unknown,Japan,EUR,25,,US4335785071,HTHIY,,7363037.447319674,
MKTAY,Makita (ADR),Unknown,Japan,EUR,25,,US5608773009,MKTAY,,329037.84132805816,
MITEY,Mitsubishi Estate (ADR),Unknown,Japan,EUR,25,,US6067832070,MITEY,,768362.6584770104,
SKHSY,Sekisui House (ADR),Unknown,Japan,EUR,25,,US8160783077,SKHSY,,708190.9068999365,
SOBKY,SoftBank (ADR),Unknown,Japan,EUR,25,,US83405K1025,SOBKY,,941574.0702985022,
8953.T,Japan Metropolitan Fund Investment REIT,Unknown,Japan,EUR,25,,JP3039710003,8953.T,,9760511.611456912,
8955.T,Japan Prime Realty Investment REIT,Unknown,Japan,EUR,25,,JP3040890000,8955.T,,3676102.5613047397,
8963.T,Invincible Investment REIT,Unknown,Japan,EUR,25,,JP3046190009,8963.T,,9204234.868008394,
8967.T,Japan Logistics Fund REIT,Unknown,Japan,EUR,25,,JP3046230003,8967.T,,2706118.7988974173,
8972.T,KDX Realty Investment REIT,Unknown,Japan,EUR,25,,JP3046270009,8972.T,,8287351.263806429,
2989.T,Tokaido REIT,Unknown,Japan,EUR,25,,JP3049110004,2989.T,,641936.5619683535,
6071.T,IBJ,Unknown,Japan,EUR,25,,JP3104960004,6071.T,,622217.4929626598,
6030.T,Adventure,Unknown,Japan,EUR,25,,JP3122380003,6030.T,,329405.26949188113,
6113.T,Amada Co. ,Unknown,Japan,EUR,25,,JP3122800000,6113.T,,14056872.528438408,
6770.T,Alps Alpine,Unknown,Japan,EUR,25,,JP3126400005,6770.T,,10532247.383723833,
247A.T,Ai ROBOTICS,Unknown,Japan,EUR,25,,JP3160060004,247A.T,,10194189.391673094,
4768.T,Otsuka,Unknown,Japan,EUR,25,,JP3188200004,4768.T,,17510208.652671814,
9007.T,Odakyu Electric Railway,Unknown,Japan,EUR,25,,JP3196000008,9007.T,,9517221.349111458,
4528.T,Ono Pharmaceutical,Unknown,Japan,EUR,25,,JP3197600004,4528.T,,22317639.172653947,
7733.T,Olympus,Unknown,Japan,EUR,25,,JP3201200007,7733.T,,45835656.1237362,
2811.T,Kagome,Unknown,Japan,EUR,25,,JP3208200000,2811.T,,4793229.675862104,
3939.T,Kanamic,Unknown,Japan,EUR,25,,JP3215100003,3939.T,,316265.70690531365,
2229.T,Calbee,Unknown,Japan,EUR,25,,JP3220580009,2229.T,,5450131.361991323,
4613.T,KANSAI PAINT,Unknown,Japan,EUR,25,,JP3229400001,4613.T,,10815802.654800745,
1301.T,Kyokuyo,Unknown,Japan,EUR,25,,JP3257200000,1301.T,,917554.1330131469,
7459.T,MediPal Holdings,Unknown,Japan,EUR,25,,JP3268950007,7459.T,,5469415.885193082,
9009.T,Keisei Electric Railway,Unknown,Japan,EUR,25,,JP3278600006,9009.T,,15435086.17301073,
6473.T,JTEKT,Unknown,Japan,EUR,25,,JP3292200007,6473.T,,8707106.991403647,
6524.T,Kohoku Kogyo,Unknown,Japan,EUR,25,,JP3302100007,6524.T,,3002121.238541764,
1721.T,COMSYS,Unknown,Japan,EUR,25,,JP3305530002,1721.T,,9323080.444371417,
1893.T,Penta-Ocean Construction,Unknown,Japan,EUR,25,,JP3309000002,1893.T,,9368026.77476579,
6417.T,Sankyo,Unknown,Japan,EUR,25,,JP3326410002,6417.T,,11099275.930677623,
6777.T,Santec,Unknown,Japan,EUR,25,,JP3335410001,6777.T,,3346028.2295146724,
9110.T,NS United Kaiun Kaisha,Unknown,Japan,EUR,25,,JP3385000009,9110.T,,1783691.9757723706,
4686.T,Justsystems,Unknown,Japan,EUR,25,,JP3388450003,4686.T,,2271923.142384787,
3569.T,Seiren,Unknown,Japan,EUR,25,,JP3413800008,3569.T,,1962709.929398127,
9735.T,SECOM,Unknown,Japan,EUR,25,,JP3421800008,9735.T,,31045227.275755864,
7164.T,Zenkoku Hosho,Unknown,Japan,EUR,25,,JP3429250008,7164.T,,4892978.224276377,
8750.T,Dai-ichi Life Holdings,Unknown,Japan,EUR,25,,JP3476480003,8750.T,,61762029.48353568,
4202.T,Daicel,Unknown,Japan,EUR,25,,JP3485800001,4202.T,,5999287.4741695495,
7912.T,Dai Nippon Printing,Unknown,Japan,EUR,25,,JP3493800001,7912.T,,18100356.785863113,
1925.T,Daiwa House Industry,Unknown,Japan,EUR,25,,JP3505000004,1925.T,,42898184.94105807,
8331.T,Chiba Bank,Unknown,Japan,EUR,25,,JP3511800009,8331.T,,20677808.273495555,
4061.T,Denka,Unknown,Japan,EUR,25,,JP3549600009,4061.T,,6333283.394673409,
9022.T,Central Japan Railway,Unknown,Japan,EUR,25,,JP3566800003,9022.T,,46929195.19927323,
9531.T,Tokyo Gas,Unknown,Japan,EUR,25,,JP3573000001,9531.T,,36770211.01433413,
9005.T,Tokyu,Unknown,Japan,EUR,25,,JP3574200006,9005.T,,15564788.542400338,
8616.T,Tokai Tokyo Financial Holdings,Unknown,Japan,EUR,25,,JP3577600004,8616.T,,2537398.694675127,
6588.T,Toshiba Tec,Unknown,Japan,EUR,25,,JP3594000006,6588.T,,1768141.8332449722,
9602.T,Toho,Unknown,Japan,EUR,25,,JP3598600009,9602.T,,23561568.638295434,
5707.T,Toho Zinc,Unknown,Japan,EUR,25,,JP3599000001,5707.T,,923500.515178089,
6330.T,Toyo Engineering,Unknown,Japan,EUR,25,,JP3607800004,6330.T,,2305225.925165115,
5901.T,Toyo Seikan Group Holdings,Unknown,Japan,EUR,25,,JP3613400005,5901.T,,5744280.39980134,
5310.T,Toyo Tanso,Unknown,Japan,EUR,25,,JP3616000000,5310.T,,3914123.9050222347,
3402.T,Toray Industries,Unknown,Japan,EUR,25,,JP3621000003,3402.T,,28145833.90553889,
4021.T,Nissan Chemical,Unknown,Japan,EUR,25,,JP3670800006,4021.T,,16857129.875369288,
3676.T,Digital Hearts,Unknown,Japan,EUR,25,,JP3765110006,3676.T,,335105.0118318499,
8359.T,Hachijuni Bank,Unknown,Japan,EUR,25,,JP3769000005,8359.T,,9226967.752946083,
8078.T,Hanwa,Unknown,Japan,EUR,25,,JP3777800008,8078.T,,2938307.2801789166,
3151.T,VITAL KSK HLDGS,Unknown,Japan,EUR,25,,JP3778280002,3151.T,,578190.057757207,
6504.T,Fuji Electric,Unknown,Japan,EUR,25,,JP3820000002,6504.T,,38459178.35657315,
6183.T,BELLSYSTEM24 Holdings,Unknown,Japan,EUR,25,,JP3835760004,6183.T,,1358053.8607801092,
9509.T,Hokkaido Electricity Power,Unknown,Japan,EUR,25,,JP3850200001,9509.T,,21392357.49697898,
8252.T,Marui Group,Unknown,Japan,EUR,25,,JP3870400003,8252.T,,12130871.05173196,
5344.T,Maruwa,Unknown,Japan,EUR,25,,JP3879250003,5344.T,,29888366.544455543,
9962.T,Misumi,Unknown,Japan,EUR,25,,JP3885400006,9962.T,,16033698.550001312,
8411.T,Mizuho Financial Grp,Unknown,Japan,EUR,25,,JP3885780001,8411.T,,246931448.08776087,
7003.T,Mitsui E&S Holdings,Unknown,Japan,EUR,25,,JP3891600003,7003.T,,98272063.80166972,
8801.T,Mitsui Fudosan,Unknown,Japan,EUR,25,,JP3893200000,8801.T,,71301822.94902334,
7220.T,Musashi Seimitsu Industry,Unknown,Japan,EUR,25,,JP3912700006,7220.T,,11277834.849887043,
7780.T,Menicon,Unknown,Japan,EUR,25,,JP3921270009,7780.T,,2335861.8915257044,
3103.T,Unitika,Unknown,Japan,EUR,25,,JP3951200009,3103.T,,2476356.117476433,
5101.T,Yokohama Rubber,Unknown,Japan,EUR,25,,JP3955800002,5101.T,,15094233.424729884,
4912.T,Lion Corp,Unknown,Japan,EUR,25,,JP3965400009,4912.T,,9633498.036662223,
4755.T,Rakuten,Unknown,Japan,EUR,25,,JP3967200001,4755.T,,85776242.83434772,
8029.T,Look Holdings,Unknown,Japan,EUR,25,,JP3981000007,8029.T,,190609.80343919827,
8954.T,Orix Jreit,Unknown,Japan,EUR,25,,JP3040880001,8954.T,,6395819.224889591,
8960.T,United Urban Investment REIT,Unknown,Japan,EUR,25,,JP3045540006,8960.T,,6260295.10133547,
8987.T,Japan Excellent REIT,Unknown,Japan,EUR,25,,JP3046420000,8987.T,,1904673.1716404704,
3249.T,Industrial & Infrastructure Fund Investment REIT,Unknown,Japan,EUR,25,,JP3046500009,3249.T,,5303234.705485416,
3932.T,Akatsuki,Unknown,Japan,EUR,25,,JP3107000006,3932.T,,834767.4100690393,
5857.T,ARE Holdings,Unknown,Japan,EUR,25,,JP3116700000,5857.T,,3497214.998188248,
7167.T,Mebuki Financial,Unknown,Japan,EUR,25,,JP3117700009,7167.T,,13104959.426448341,
8088.T,Iwatani,Unknown,Japan,EUR,25,,JP3151600008,8088.T,,7601858.65591988,
2670.T,ABC-Mart,Unknown,Japan,EUR,25,,JP3152740001,2670.T,,8911639.715800542,
3774.T,Internet Initiative Japan,Unknown,Japan,EUR,25,,JP3152820001,3774.T,,7871408.788365081,
4523.T,Eisai,Unknown,Japan,EUR,25,,JP3160400002,4523.T,,34906668.61530748,
6750.T,Elecom,Unknown,Japan,EUR,25,,JP3168200008,6750.T,,1330353.189488086,
6136.T,OSG,Unknown,Japan,EUR,25,,JP3170800001,6136.T,,3800453.368626562,
9832.T,Autobacs Seven,Unknown,Japan,EUR,25,,JP3172500005,9832.T,,1545684.5954211743,
3288.T,Open House,Unknown,Japan,EUR,25,,JP3173540000,3288.T,,10768099.672427777,
5802.T,Sumitomo Electric Industries,Unknown,Japan,EUR,25,,JP3407400005,5802.T,,78284568.16513327,
8830.T,Sumitomo Realty,Unknown,Japan,EUR,25,,JP3409000001,8830.T,,45576534.749518596,
4565.T,Sosei Group,Unknown,Japan,EUR,25,,JP3431300007,4565.T,,3987967.144814766,
4819.T,Digital Garage,Unknown,Japan,EUR,25,,JP3549070005,4819.T,,3123787.4346606103,
6902.T,Denso,Unknown,Japan,EUR,25,,JP3551500006,6902.T,,73729713.95712548,
4043.T,Tokuyama,Unknown,Japan,EUR,25,,JP3625000009,4043.T,,7933110.625461452,
7716.T,Nakanishi,Unknown,Japan,EUR,25,,JP3642500007,7716.T,,2339952.0045244517,
8086.T,Nipro,Unknown,Japan,EUR,25,,JP3673600007,8086.T,,4023611.4177814163,
2002.T,Nisshin Seifun Grp,Unknown,Japan,EUR,25,,JP3676800000,2002.T,,7876534.036918391,
5703.T,Nippon Light Metal,Unknown,Japan,EUR,25,,JP3700200003,5703.T,,2385255.4713172107,
6997.T,Nippon Chemi-Con,Unknown,Japan,EUR,25,,JP3701200002,6997.T,,1921166.1244947389,
9072.T,Nikkon Holdings,Unknown,Japan,EUR,25,,JP3709600005,9072.T,,5319253.523865549,
6871.T,Micronics Japan,Unknown,Japan,EUR,25,,JP3750400008,6871.T,,39568905.46201594,
8876.T,Relo Group,Unknown,Japan,EUR,25,,JP3755200007,8876.T,,4613805.0729564,
5331.T,Noritake,Unknown,Japan,EUR,25,,JP3763000001,5331.T,,1442763.8205657608,
6523.T,PHC Holdings,Unknown,Japan,EUR,25,,JP3801300009,6523.T,,1098925.0454979758,
9075.T,Fukuyama Transporting,Unknown,Japan,EUR,25,,JP3806800003,9075.T,,1651917.5645080493,
6856.T,Horiba,Unknown,Japan,EUR,25,,JP3853000002,6856.T,,13759618.826663211,
2685.T,Adastria,Unknown,Japan,EUR,25,,JP3856000009,2685.T,,3744684.5566778597,
8628.T,Matsui Securities,Unknown,Japan,EUR,25,,JP3863800003,8628.T,,2931375.3229580196,
8306.T,Mitsubishi UFJ,Unknown,Japan,EUR,25,,JP3902900004,8306.T,,546567202.6801449,
6875.T,Megachips,Unknown,Japan,EUR,25,,JP3920860008,6875.T,,3209524.7875301666,
2264.T,Morinaga Milk Industry,Unknown,Japan,EUR,25,,JP3926800008,2264.T,,6043721.502939841,
5838.T,Rakuten Bank,Unknown,Japan,EUR,25,,JP3967220009,5838.T,,46199503.82080428,
7747.T,Asahi Intecc,Unknown,Japan,EUR,25,,JP3110650003,7747.T,,15013139.984183334,
8630.T,Sompo Holdings,Unknown,Japan,EUR,25,,JP3165000005,8630.T,,67698987.5231737,
3861.T,Oji Holdings,Unknown,Japan,EUR,25,,JP3174410005,3861.T,,15756404.813477378,
1861.T,Kumagai Gumi,Unknown,Japan,EUR,25,,JP3266800006,1861.T,,4083120.6063018637,
3038.T,Kobe Bussan,Unknown,Japan,EUR,25,,JP3291200008,3038.T,,28670853.189291563,
9202.T,ANA Holdings,Unknown,Japan,EUR,25,,JP3429800000,9202.T,,30200955.731322695,
2413.T,M3,Unknown,Japan,EUR,25,,JP3435750009,2413.T,,38026485.10691264,
5541.T,Pacific Metals,Unknown,Japan,EUR,25,,JP3448000004,5541.T,,2876570.6134047015,
6976.T,Taiyo Yuden,Unknown,Japan,EUR,25,,JP3452000007,6976.T,,40516477.523408204,
8233.T,Takashimaya,Unknown,Japan,EUR,25,,JP3456000003,8233.T,,14829371.380976845,
8593.T,Mitsubishi HC Capital,Unknown,Japan,EUR,25,,JP3499800005,8593.T,,20397334.13797795,
4543.T,Terumo,Unknown,Japan,EUR,25,,JP3546800008,4543.T,,56515707.2004322,
2181.T,Persol Holdings,Unknown,Japan,EUR,25,,JP3547670004,2181.T,,9879213.937146407,
6369.T,Toyo Kanetsu,Unknown,Japan,EUR,25,,JP3554400006,6369.T,,782519.5092384325,
1720.T,Tokyu Construction,Unknown,Japan,EUR,25,,JP3567410000,1720.T,,1727965.5273266747,
7282.T,Toyoda Gosei,Unknown,Japan,EUR,25,,JP3634200004,7282.T,,6694532.717029068,
6616.T,Torex,Unknown,Japan,EUR,25,,JP3637280003,6616.T,,229781.4697618483,
9048.T,Nagoya Railroad,Unknown,Japan,EUR,25,,JP3649800004,9048.T,,6090961.953699091,
2790.T,NAFCO,Unknown,Japan,EUR,25,,JP3651160008,2790.T,,154621.87065169011,
2768.T,Sojitz,Unknown,Japan,EUR,25,,JP3663900003,2768.T,,25156998.24458143,
2871.T,Nichirei,Unknown,Japan,EUR,25,,JP3665200006,2871.T,,12476453.05255651,
6807.T,Japan Aviation Electronics Industry,Unknown,Japan,EUR,25,,JP3705600009,6807.T,,2899749.0051616477,
6471.T,NSK,Unknown,Japan,EUR,25,,JP3720800006,6471.T,,9226999.57253329,
7988.T,Nifco,Unknown,Japan,EUR,25,,JP3756200006,7988.T,,5976136.989467845,
7270.T,Subaru,Unknown,Japan,EUR,25,,JP3814800003,7270.T,,52689085.13540359,
8424.T,Fuyo General Lease,Unknown,Japan,EUR,25,,JP3826270005,8424.T,,3511571.068097584,
5715.T,Furukawa,Unknown,Japan,EUR,25,,JP3826800009,5715.T,,2577214.4119672813,
3865.T,Hokuetsu,Unknown,Japan,EUR,25,,JP3841800000,3865.T,,1622397.2316248305,
6005.T,Miura,Unknown,Japan,EUR,25,,JP3880800002,6005.T,,6670637.611795187,
7011.T,Mitsubishi Heavy Inds,Unknown,Japan,EUR,25,,JP3900000005,7011.T,,669063783.2658048,
3864.T,Mitsubishi Paper Mills,Unknown,Japan,EUR,25,,JP3901200000,3864.T,,972221.5615972211,
5711.T,Mitsubishi Materials,Unknown,Japan,EUR,25,,JP3903000002,5711.T,,16105874.732969025,
4385.T,Mercari,Unknown,Japan,EUR,25,,JP3921290007,4385.T,,49821504.17797063,
6841.T,Yokogawa El.,Unknown,Japan,EUR,25,,JP3955000009,6841.T,,19085744.710862573,
7752.T,Ricoh JP,Unknown,Japan,EUR,25,,JP3973400009,7752.T,,17609234.734765965,
7366.T,LITALICO,Unknown,Japan,EUR,25,,JP3974470001,7366.T,,1096991.811817129,
3462.T,Nomura Real Estate Master Fund REIT,Unknown,Japan,EUR,25,,JP3048110005,3462.T,,7428389.327285432,
3471.T,Mitsui Fudosan Logistics Park REIT,Unknown,Japan,EUR,25,,JP3048300002,3471.T,,5193837.365958428,
8410.T,Seven Bank,Unknown,Japan,EUR,25,,JP3105220002,8410.T,,8083354.988128596,
9119.T,Iino Kaiun Kaisha,Unknown,Japan,EUR,25,,JP3131200002,9119.T,,1774252.15722249,
8570.T,AEON Financial Service,Unknown,Japan,EUR,25,,JP3131400008,8570.T,,4742566.540799178,
8133.T,Itochu Enex,Unknown,Japan,EUR,25,,JP3144000001,8133.T,,1028178.2621108412,
2206.T,Ezaki Glico,Unknown,Japan,EUR,25,,JP3161200005,2206.T,,4429271.39372919,
6932.T,ENDO Lighting,Unknown,Japan,EUR,25,,JP3169600008,6932.T,,496209.6468101972,
8705.T,Nissan Securities Group,Unknown,Japan,EUR,25,,JP3191550007,8705.T,,132284.43066630303,
8060.T,Canon Marketing Japan,Unknown,Japan,EUR,25,,JP3243600008,8060.T,,4626681.952388037,
4151.T,Kyowa Hakko Kirin,Unknown,Japan,EUR,25,,JP3256000005,4151.T,,15622626.492186867,
9025.T,Konoike Transport,Unknown,Japan,EUR,25,,JP3288970001,9025.T,,1366633.9729259778,
5021.T,Cosmo Energy,Unknown,Japan,EUR,25,,JP3298000005,5021.T,,12888627.384837564,
3003.T,Hulic,Unknown,Japan,EUR,25,,JP3360800001,3003.T,,17953778.214654326,
4004.T,Resonac Holdings,Unknown,Japan,EUR,25,,JP3368000000,4004.T,,36842285.09298876,
8418.T,Yamaguchi Financial Group,Unknown,Japan,EUR,25,,JP3935300008,8418.T,,6210579.658243821,
6727.T,Wacom,Unknown,Japan,EUR,25,,JP3993400005,6727.T,,1673041.6999594052,
3626.T,TIS,Unknown,Japan,EUR,25,,JP3104890003,3626.T,,16854137.46679072,
7202.T,Isuzu Motors,Unknown,Japan,EUR,25,,JP3137200006,7202.T,,27979251.571291808,
8624.T,Ichiyoshi,Unknown,Japan,EUR,25,,JP3142300007,8624.T,,575600.6940683138,
8154.T,Kaga Electronics,Unknown,Japan,EUR,25,,JP3206200002,8154.T,,2111824.827623104,
6952.T,Casio Computer,Unknown,Japan,EUR,25,,JP3209000003,6952.T,,6070356.974051841,
1812.T,Kajima,Unknown,Japan,EUR,25,,JP3210200006,1812.T,,34898329.91315872,
4118.T,Kaneka,Unknown,Japan,EUR,25,,JP3215800008,4118.T,,4320127.677476624,
6613.T,QD Laser,Unknown,Japan,EUR,25,,JP3244720003,6613.T,,773341.4325920306,
6742.T,Kyosan Electric,Unknown,Japan,EUR,25,,JP3248800009,6742.T,,449646.80292903795,
8253.T,Credit Saison,Unknown,Japan,EUR,25,,JP3271400008,8253.T,,13014378.158553764,
8334.T,Gunma Bank,Unknown,Japan,EUR,25,,JP3276400003,8334.T,,9319900.089047791,
8282.T,K S Holdings Corporation,Unknown,Japan,EUR,25,,JP3277150003,8282.T,,5507268.354925794,
7276.T,KOITO MFG,Unknown,Japan,EUR,25,,JP3284600008,7276.T,,11609109.780905724,
8425.T,Mizuho Leasing,Unknown,Japan,EUR,25,,JP3286500008,8425.T,,2624906.9538064436,
6525.T,Kokusai Electric,Unknown,Japan,EUR,25,,JP3293330001,6525.T,,85263769.59517035,
4471.T,Sanyo Chemical Industries,Unknown,Japan,EUR,25,,JP3337600005,4471.T,,926681.6691743918,
9543.T,Shizuoka Gas,Unknown,Japan,EUR,25,,JP3351150002,9543.T,,809771.328011929,
7701.T,Shimadzu,Unknown,Japan,EUR,25,,JP3357200009,7701.T,,17709313.218256526,
9474.T,ZENRIN CO.,Unknown,Japan,EUR,25,,JP3430400006,9474.T,,570194.5986996908,
1801.T,Taisei,Unknown,Japan,EUR,25,,JP3443600006,1801.T,,36860461.18597565,
5702.T,Daiki Aluminium Industry,Unknown,Japan,EUR,25,,JP3480600000,5702.T,,586048.9452271555,
6962.T,Daishinku,Unknown,Japan,EUR,25,,JP3484400001,6962.T,,603613.3781415552,
1878.T,Daito Trust Construction,Unknown,Japan,EUR,25,,JP3486800000,1878.T,,21748282.611977264,
7245.T,Daido Metal,Unknown,Japan,EUR,25,,JP3491800003,7245.T,,704574.6369368597,
6366.T,Chiyoda Corporation,Unknown,Japan,EUR,25,,JP3528600004,6366.T,,3293774.26716596,
9533.T,Toho Gas,Unknown,Japan,EUR,25,,JP3600200004,9533.T,,5230550.63933375,
8129.T,Toho Holdings,Unknown,Japan,EUR,25,,JP3602600003,8129.T,,4609264.600272418,
2282.T,NH Foods,Unknown,Japan,EUR,25,,JP3743000006,2282.T,,13439587.520140331,
4666.T,Park24,Unknown,Japan,EUR,25,,JP3780100008,4666.T,,8485448.22112272,
5801.T,Furukawa Electric,Unknown,Japan,EUR,25,,JP3827200001,5801.T,,180893920.0916533,
7267.T,Honda Motor,Unknown,Japan,EUR,25,,JP3854600008,7267.T,,139641137.45519227,
8613.T,Marusan Securities,Unknown,Japan,EUR,25,,JP3874800000,8613.T,,1145553.2219046268,
1333.T,Maruha Nichiro,Unknown,Japan,EUR,25,,JP3876600002,1333.T,,3423362.528889372,
4183.T,Mitsui Chemicals,Unknown,Japan,EUR,25,,JP3888300005,4183.T,,21240569.047451,
8725.T,MS+AD Insurance,Unknown,Japan,EUR,25,,JP3890310000,8725.T,,82366823.18475151,
6331.T,Mitsubishi Kakoki Kaisha,Unknown,Japan,EUR,25,,JP3896000001,6331.T,,2574628.8705774313,
4681.T,Resorttrust,Unknown,Japan,EUR,25,,JP3974450003,4681.T,,5835758.302499987,
7966.T,LINTEC,Unknown,Japan,EUR,25,,JP3977200009,7966.T,,3659628.4670100356,
9517.T,Erex,Unknown,Japan,EUR,25,,JP3130830007,9517.T,,1235854.6621237625,
6472.T,NTN,Unknown,Japan,EUR,25,,JP3165600002,6472.T,,5713688.01195159,
8848.T,Leopalace21,Unknown,Japan,EUR,25,,JP3167500002,8848.T,,4507055.327183586,
2371.T,Kakaku.Com,Unknown,Japan,EUR,25,,JP3206000006,2371.T,,12576355.046808522,
9616.T,Kyoritsu Maintenance,Unknown,Japan,EUR,25,,JP3253900009,9616.T,,10343578.038265474,
4922.T,KOSE Corp.,Unknown,Japan,EUR,25,,JP3283650004,4922.T,,9838071.840902423,
1605.T,Inpex,Unknown,Japan,EUR,25,,JP3294460005,1605.T,,78428130.11016768,
7984.T,Kokuyo,Unknown,Japan,EUR,25,,JP3297000006,7984.T,,4033193.6702695265,
4967.T,Kobayashi Pharmaceutical ,Unknown,Japan,EUR,25,,JP3301100008,4967.T,,7733709.213820811,
2168.T,Pasona,Unknown,Japan,EUR,25,,JP3781490002,2168.T,,1582032.8130000033,
7956.T,Pigeon,Unknown,Japan,EUR,25,,JP3801600002,7956.T,,7888463.325856594,
6890.T,Ferrotec Holdings,Unknown,Japan,EUR,25,,JP3802720007,6890.T,,11055968.084101848,
9010.T,Fuji Kyuko,Unknown,Japan,EUR,25,,JP3810400006,9010.T,,2068456.2889225865,
4901.T,Fujifilm,Unknown,Japan,EUR,25,,JP3814000000,4901.T,,66731370.03400337,
4554.T,Fuji Pharma,Unknown,Japan,EUR,25,,JP3816200004,4554.T,,749348.9693022846,
6702.T,Fujitsu,Unknown,Japan,EUR,25,,JP3818000006,6702.T,,103211151.36012278,
7917.T,Zacros,Unknown,Japan,EUR,25,,JP3821000001,7917.T,,688775.9870509414,
5741.T,UACJ,Unknown,Japan,EUR,25,,JP3826900007,5741.T,,5214930.0079963375,
5108.T,Bridgestone,Unknown,Japan,EUR,25,,JP3830800003,5108.T,,66937519.4829182,
7246.T,Press Kogyo,Unknown,Japan,EUR,25,,JP3833600004,7246.T,,1004311.6929220859,
6412.T,Heiwa,Unknown,Japan,EUR,25,,JP3834200002,6412.T,,2662783.125457242,
8524.T,North Pacific Bank,Unknown,Japan,EUR,25,,JP3843400007,8524.T,,7962643.221167886,
9505.T,Hokuriku Electric Power,Unknown,Japan,EUR,25,,JP3845400005,9505.T,,4508412.6361804735,
4927.T,Pola Orbis Holdings,Unknown,Japan,EUR,25,,JP3855900001,4927.T,,4212344.685087235,
6135.T,Makino Milling Machine,Unknown,Japan,EUR,25,,JP3862800004,6135.T,,6032913.640543374,
7261.T,Mazda Motor,Unknown,Japan,EUR,25,,JP3868400007,7261.T,,40768677.56187883,
3994.T,Money Forward,Unknown,Japan,EUR,25,,JP3869960009,3994.T,,14558632.959784266,
9090.T,AZ-COM MARUWA,Unknown,Japan,EUR,25,,JP3879170003,9090.T,,1346581.6119710526,
9301.T,Mitsubishi Logistics,Unknown,Japan,EUR,25,,JP3902000003,9301.T,,8261158.373953618,
1417.T,MIRAIT ONE,Unknown,Japan,EUR,25,,JP3910620008,1417.T,,3843675.247836001,
4534.T,Mochida Pharmaceutical,Unknown,Japan,EUR,25,,JP3922800002,4534.T,,509424.93854960357,
4732.T,USS,Unknown,Japan,EUR,25,,JP3944130008,4732.T,,10660833.045298029,
3031.T,Raccoon Holdings,Unknown,Japan,EUR,25,,JP3967050000,3031.T,,655717.1908904098,
9999.HK,NetEase,Unknown,Japan,EUR,25,,KYG6427A1022,9999.HK,,118336515.96599543,
5706.T,Mitsui Kinzoku,Unknown,Japan,EUR,25,,JP3888400003,5706.T,,21159872.847090505,
8316.T,Sumitomo Mitsui Financial,Unknown,Japan,EUR,25,,JP3890350006,8316.T,,323750371.19022536,
3099.T,Isetan Mitsukoshi,Unknown,Japan,EUR,25,,JP3894900004,3099.T,,39465013.069406286,
8802.T,Mitsubishi Estate,Unknown,Japan,EUR,25,,JP3899600005,8802.T,,63892693.14500883,
6787.T,Meiko Electronics,Unknown,Japan,EUR,25,,JP3915350007,6787.T,,8574599.663650643,
6508.T,Meidensha,Unknown,Japan,EUR,25,,JP3919800007,6508.T,,6395169.134400194,
4480.T,Medley,Unknown,Japan,EUR,25,,JP3921310003,4480.T,,5475777.46121888,
4689.T,Yahoo Japan,Unknown,Japan,EUR,25,,JP3933800009,4689.T,,35308903.662362225,
8051.T,Yamazen,Unknown,Japan,EUR,25,,JP3936800006,8051.T,,1257554.1993597252,
9831.T,Yamada Holdings,Unknown,Japan,EUR,25,,JP3939000000,9831.T,,8077512.752597963,
3156.T,Restar,Unknown,Japan,EUR,25,,JP3944360001,3156.T,,676459.4384283614,
2931.T,Euglena,Unknown,Japan,EUR,25,,JP3944370000,2931.T,,1987801.2327926261,
3591.T,Wacoal Holdings,Unknown,Japan,EUR,25,,JP3992400006,3591.T,,3622984.125941459,
0992.HK,Lenovo Group,Unknown,Hong Kong,EUR,25,,HK0992009065,0992.HK,,80567569.4241024,
0700.HK,Tencent Holdings,Unknown,Hong Kong,EUR,25,,KYG875721634,0700.HK,,1141149191.8556557,
0001.HK,CK Hutchison Holdings,Unknown,Hong Kong,EUR,25,,KYG217651051,0001.HK,,35590632.493493006,
1299.HK,AIA Group,Unknown,Hong Kong,EUR,25,,HK0000069689,1299.HK,,216928314.20285395,
9626.HK,Bilibili ,Unknown,Hong Kong,EUR,25,,KYG1098A1013,9626.HK,,84776355.5815967,
0388.HK,HKEX,Unknown,Hong Kong,EUR,25,,HK0388045442,0388.HK,,205981179.0654484,
LNVGY,Lenovo,Unknown,Hong Kong,EUR,25,,US5262501050,LNVGY,,1121230.839741617,
0019.HK,Swire Pacific,Unknown,Hong Kong,EUR,25,,HK0019000162,0019.HK,,8272509.929955794,
0023.HK,Bank of East Asia,Unknown,Hong Kong,EUR,25,,HK0023000190,0023.HK,,1282605.2646391373,
0144.HK,China Merchants Holdings,Unknown,Hong Kong,EUR,25,,HK0144000764,0144.HK,,5127046.495568111,
0669.HK,Techtronic Industries,Unknown,Hong Kong,EUR,25,,HK0669013440,0669.HK,,50486918.910839826,
0836.HK,China Resources Power Holdings,Unknown,Hong Kong,EUR,25,,HK0836012952,0836.HK,,28944136.338685617,
3808.HK,Sinotruk Hong Kong,Unknown,Hong Kong,EUR,25,,HK3808041546,3808.HK,,9797518.947396923,
0863.HK,OSL Group,Unknown,Hong Kong,EUR,25,,KYG1106B1095,0863.HK,,2832450.6753154574,
1928.HK,Sands China,Unknown,Hong Kong,EUR,25,,KYG7800X1079,1928.HK,,29913725.667534903,
0006.HK,Power Assets Hldgs,Unknown,Hong Kong,EUR,25,,HK0006000050,0006.HK,,18697958.381146632,
0012.HK,Henderson Land,Unknown,Hong Kong,EUR,25,,HK0012000102,0012.HK,,15295193.451473802,
0014.HK,Hysan Development,Unknown,Hong Kong,EUR,25,,HK0014000126,0014.HK,,2732937.6289346563,
0016.HK,Sun Hung Kai Properties,Unknown,Hong Kong,EUR,25,,HK0016000132,0016.HK,,38984922.303396314,
0027.HK,Galaxy Entertainment,Unknown,Hong Kong,EUR,25,,HK0027032686,0027.HK,,41668803.12665121,
0293.HK,Cathay Pacific Airways,Unknown,Hong Kong,EUR,25,,HK0293001514,0293.HK,,8088357.987308044,
0883.HK,CNOOC,Unknown,Hong Kong,EUR,25,,HK0883013259,0883.HK,,184552314.66782415,
0010.HK,Hang Lung Group,Unknown,Hong Kong,EUR,25,,HK0010000088,0010.HK,,1151883.7705274834,
0291.HK,China Resources Beer,Unknown,Hong Kong,EUR,25,,HK0291001490,0291.HK,,32663543.443118528,
0392.HK,Beijing Enterprises,Unknown,Hong Kong,EUR,25,,HK0392044647,0392.HK,,4557584.860021221,
0440.HK,Dah Sing Financial Holdings,Unknown,Hong Kong,EUR,25,,HK0440001847,0440.HK,,907699.6299673186,
0688.HK,China Overseas Land & Investment,Unknown,Hong Kong,EUR,25,,HK0688002218,0688.HK,,30797100.68439076,
0941.HK,China Mobile,Unknown,Hong Kong,EUR,25,,HK0941009539,0941.HK,,169455501.88461578,
2356.HK,Dah Sing Banking Group,Unknown,Hong Kong,EUR,25,,HK2356013600,2356.HK,,995334.5076885441,
2388.HK,Bank of China (Hongkong),Unknown,Hong Kong,EUR,25,,HK2388011192,2388.HK,,43011939.85138931,
2273.HK,GUSHENGTANG Holdings,Unknown,Hong Kong,EUR,25,,KYG4212K1040,2273.HK,,4173294.096666039,
0066.HK,MTR,Unknown,Hong Kong,EUR,25,,HK0066009694,0066.HK,,14893840.218367578,
0002.HK,CLP Holdings,Unknown,Hong Kong,EUR,25,,HK0002007356,0002.HK,,23559234.347919513,
1972.HK,Swire Properties,Unknown,Hong Kong,EUR,25,,HK0000063609,1972.HK,,7324153.404954789,
0004.HK,Wharf Holdings,Unknown,Hong Kong,EUR,25,,HK0004000045,0004.HK,,2679964.363362756,
0966.HK,China Taiping Insurance,Unknown,Hong Kong,EUR,25,,HK0000055878,0966.HK,,16657158.089728585,
0083.HK,Sino Land,Unknown,Hong Kong,EUR,25,,HK0083000502,0083.HK,,6117409.861399802,
CKHUY,CK Hutchison Holdings,Unknown,Hong Kong,EUR,25,,US12562Y1001,CKHUY,,861357.1085789129,
3933.HK,United Labs Intl Hldgs,Unknown,Hong Kong,EUR,25,,KYG8813K1085,3933.HK,,9424881.858811684,
IREN,IREN,Unknown,Australia,EUR,25,,AU0000185993,IREN,,324485642.92615604,
RIO.AX,Rio Tinto,Unknown,Australia,EUR,25,,AU000000RIO1,RIO.AX,,93157795.2516459,
BHP.AX,BHP Billiton,Unknown,Australia,EUR,25,,AU000000BHP4,BHP.AX,,189384153.33037478,
EOS.AX,Electro Optic System Holdings,Unknown,Australia,EUR,25,,AU000000EOS8,EOS.AX,,3449828.0421609227,
AOV.AX,Amotiv,Unknown,Australia,EUR,25,,AU0000340770,AOV.AX,,1222115.7340353988,
LYSDY,Lynas Rare Earths (ADR),Unknown,Australia,EUR,25,,US5510733075,LYSDY,,1576030.8399045812,
BRE.AX,Brazilian Rare Earths,Unknown,Australia,EUR,25,,AU0000305815,BRE.AX,,369669.93603814655,
WDS.AX,Woodside Energy Group,Unknown,Australia,EUR,25,,AU0000224040,WDS.AX,,62979748.85096812,
TLX.AX,Telix Pharmaceuticals,Unknown,Australia,EUR,25,,AU000000TLX2,TLX.AX,,16081018.726673432,
GNC.AX,Graincorp,Unknown,Australia,EUR,25,,AU000000GNC9,GNC.AX,,3080761.786728576,
NAB.AX,National Australia Bank,Unknown,Australia,EUR,25,,AU000000NAB4,NAB.AX,,89685944.5113195,
WES.AX,Wesfarmers,Unknown,Australia,EUR,25,,AU000000WES1,WES.AX,,56108012.61747816,
PME.AX,Pro Medicus,Unknown,Australia,EUR,25,,AU000000PME8,PME.AX,,26706702.72486834,
SDF.AX,Steadfast,Unknown,Australia,EUR,25,,AU000000SDF8,SDF.AX,,6890712.9621793255,
IAG.AX,Insurance Australia Group,Unknown,Australia,EUR,25,,AU000000IAG3,IAG.AX,,20127996.109493688,
PPM.AX,Pepper Money,Unknown,Australia,EUR,25,,AU0000150898,PPM.AX,,212012.51168123583,
NXG.AX,NexGen Energy,Unknown,Australia,EUR,25,,AU0000159329,NXG.AX,,3166641.2208811203,
ALX.AX,Atlas Arteria Stapled Securities,Unknown,Australia,EUR,25,,AU0000013559,ALX.AX,,4961034.16123244,
NXT.AX,Nextdc,Unknown,Australia,EUR,25,,AU000000NXT8,NXT.AX,,16281298.856327923,
DDR.AX,Dicker Data,Unknown,Australia,EUR,25,,AU000000DDR5,DDR.AX,,1494565.2111093504,
WOW.AX,Woolworths,Unknown,Australia,EUR,25,,AU000000WOW2,WOW.AX,,39970761.3662691,
NGI.AX,Navigator Global Invts,Unknown,Australia,EUR,25,,AU000000NGI6,NGI.AX,,366647.67637928657,
MFT.NZ,Mainfreight,Unknown,Australia,EUR,25,,NZMFTE0001S9,MFT.NZ,,2431829.7867727336,
CQR.AX,Charter Hall Retail,Unknown,Australia,EUR,25,,AU000000CQR9,CQR.AX,,2395087.0085449326,
SSM.AX,Service Stream,Unknown,Australia,EUR,25,,AU000000SSM2,SSM.AX,,1285524.1926723933,
IEL.AX,IDP Education,Unknown,Australia,EUR,25,,AU000000IEL5,IEL.AX,,5781632.118106691,
RWC.AX,Reliance Worldwide,Unknown,Australia,EUR,25,,AU000000RWC7,RWC.AX,,5133629.724828147,
CGF.AX,Challenger,Unknown,Australia,EUR,25,,AU000000CGF5,CGF.AX,,6913267.982147115,
SXGC.TO,Southern Cross Gold Consolid,Unknown,Australia,EUR,25,,CA8426851090,SXGC.TO,,720700.0141440337,
AUB.AX,AUB,Unknown,Australia,EUR,25,,AU000000AUB9,AUB.AX,,5295896.196820412,
HUB.AX,HUB24,Unknown,Australia,EUR,25,,AU000000HUB4,HUB.AX,,11847089.88265959,
LOV.AX,Lovisa,Unknown,Australia,EUR,25,,AU000000LOV7,LOV.AX,,3670236.2643142063,
CHEOY,cochlear ADR,Unknown,Australia,EUR,25,,US1914592050,CHEOY,,804126.0955040709,
SGLLV.AX,Ricegrowers,Unknown,Australia,EUR,25,,AU0000040982,SGLLV.AX,,276353.0460522557,
EBO.NZ,EBOS Group,Unknown,Australia,EUR,25,,NZEBOE0001S6,EBO.NZ,,3729043.8768165987,
HSN.AX,Hansen Technologies,Unknown,Australia,EUR,25,,AU000000HSN3,HSN.AX,,959564.8696722153,
SUL.AX,Super Retail Group,Unknown,Australia,EUR,25,,AU000000SUL0,SUL.AX,,3839816.486288487,
VEA.AX,Viva Energy,Unknown,Australia,EUR,25,,AU0000016875,VEA.AX,,5475035.183671885,
HLI.AX,Helia Group,Unknown,Australia,EUR,25,,AU0000251498,HLI.AX,,1904391.7061670767,
BRG.AX,Breville,Unknown,Australia,EUR,25,,AU000000BRG2,BRG.AX,,5425196.208416713,
C79.AX,Chrysos,Unknown,Australia,EUR,25,,AU0000218190,C79.AX,,420600.6473772277,
DNL.AX,Dyno Nobel,Unknown,Australia,EUR,25,,AU0000390544,DNL.AX,,7505083.323930313,
PPT.AX,Perpetual,Unknown,Australia,EUR,25,,AU000000PPT9,PPT.AX,,2742358.6145833414,
KLS.AX,Kelsian Group,Unknown,Australia,EUR,25,,AU0000186678,KLS.AX,,1083809.9257759862,
HMC.AX,HMC Capital,Unknown,Australia,EUR,25,,AU0000058943,HMC.AX,,3878395.5814649155,
TSRYY,Treasury Wine Estates (ADR),Unknown,Australia,EUR,25,,US89465J1097,TSRYY,,953146.166116627,
NCK.AX,Nick Scali,Unknown,Australia,EUR,25,,AU000000NCK1,NCK.AX,,2877018.611788802,
FSUGY,Fortescue (ADR),Unknown,Australia,EUR,25,,US34959A2069,FSUGY,,1505749.4580804629,
MEL.NZ,Meridian Energy,Unknown,Australia,EUR,25,,NZMELE0002S7,MEL.NZ,,5511023.20400803,
AGL.AX,AGL Energy,Unknown,Australia,EUR,25,,AU000000AGL7,AGL.AX,,11751861.243217997,
ALI.AX,Argo Global,Unknown,Australia,EUR,25,,AU000000ALI3,ALI.AX,,116684.6802091838,
AMC.AX,Amcor,Unknown,Australia,EUR,25,,AU000000AMC4,AMC.AX,,18168712.469327312,
ANN.AX,Ansell,Unknown,Australia,EUR,25,,AU000000ANN9,ANN.AX,,5728613.620667106,
ANZ.AX,Australia & NZ Banking Group,Unknown,Australia,EUR,25,,AU000000ANZ3,ANZ.AX,,84743571.07323833,
CCP.AX,Credit Corp,Unknown,Australia,EUR,25,,AU000000CCP3,CCP.AX,,1502905.588922723,
CDA.AX,Codan,Unknown,Australia,EUR,25,,AU000000CDA3,CDA.AX,,4222810.800637018,
CMM.AX,Capricorn Metal,Unknown,Australia,EUR,25,,AU000000CMM9,CMM.AX,,8243287.3240034785,
DTL.AX,Data#3,Unknown,Australia,EUR,25,,AU000000DTL4,DTL.AX,,1653611.5861205661,
DXS.AX,Dexus,Unknown,Australia,EUR,25,,AU000000DXS1,DXS.AX,,12473849.904812973,
GOZ.AX,Growthpoint Properties,Unknown,Australia,EUR,25,,AU000000GOZ8,GOZ.AX,,602541.4340936688,
IPH.AX,IPH,Unknown,Australia,EUR,25,,AU000000IPH9,IPH.AX,,2273174.474344126,
IRE.AX,Iress,Unknown,Australia,EUR,25,,AU000000IRE2,IRE.AX,,2974053.3266583923,
KAR.AX,Karoon Gas,Unknown,Australia,EUR,25,,AU000000KAR6,KAR.AX,,4209229.452870409,
LYC.AX,Lynas Rare Earths,Unknown,Australia,EUR,25,,AU000000LYC6,LYC.AX,,28742602.643969566,
LYL.AX,Lycopodium,Unknown,Australia,EUR,25,,AU000000LYL7,LYL.AX,,255921.72013688562,
MYX.AX,Mayne Pharma Group,Unknown,Australia,EUR,25,,AU000000MYX0,MYX.AX,,568117.6370341498,
NHF.AX,NIB,Unknown,Australia,EUR,25,,AU000000NHF0,NHF.AX,,3190582.1436624224,
PNR.AX,Pantoro Gold,Unknown,Australia,EUR,25,,AU000000PNR8,PNR.AX,,3190680.464427051,
RFF.AX,Rural Funds Group,Unknown,Australia,EUR,25,,AU000000RFF5,RFF.AX,,606320.989871692,
RIC.AX,Ridley,Unknown,Australia,EUR,25,,AU000000RIC6,RIC.AX,,561573.9433735451,
S32.AX,South32,Unknown,Australia,EUR,25,,AU000000S320,S32.AX,,32545777.650914237,
SFR.AX,Sandfire Resources,Unknown,Australia,EUR,25,,AU000000SFR8,SFR.AX,,12759218.79248007,
SHV.AX,Select Harvest,Unknown,Australia,EUR,25,,AU000000SHV6,SHV.AX,,598637.0732658,
SIQ.AX,Smartgroup,Unknown,Australia,EUR,25,,AU000000SIQ4,SIQ.AX,,1538609.5646321024,
SLC.AX,Superloop,Unknown,Australia,EUR,25,,AU000000SLC8,SLC.AX,,2014252.0980608906,
SMR.AX,Stanmore Resources,Unknown,Australia,EUR,25,,AU000000SMR4,SMR.AX,,2194213.5517823156,
TLS.AX,Telstra,Unknown,Australia,EUR,25,,AU000000TLS2,TLS.AX,,54330978.51481238,
TNE.AX,Technology One,Unknown,Australia,EUR,25,,AU000000TNE8,TNE.AX,,14995970.071037447,
TPW.AX,Temple & Webster Group,Unknown,Australia,EUR,25,,AU000000TPW5,TPW.AX,,3056523.694802522,
WBC.AX,Westpac Banking,Unknown,Australia,EUR,25,,AU000000WBC1,WBC.AX,,86443130.59465533,
WBT.AX,Weebit Nano,Unknown,Australia,EUR,25,,AU000000WBT5,WBT.AX,,1217837.8095060927,
WEB.AX,Webjet,Unknown,Australia,EUR,25,,AU000000WEB7,WEB.AX,,5013862.920593015,
WGN.AX,Wagners Holding,Unknown,Australia,EUR,25,,AU000000WGN7,WGN.AX,,151616.70272087428,
YAL.AX,Yancoal Australia,Unknown,Australia,EUR,25,,AU000000YAL0,YAL.AX,,8595916.869042546,
CQE.AX,Charter Hall Social Infrastructure REIT,Unknown,Australia,EUR,25,,AU0000030645,CQE.AX,,932686.8258792488,
PRN.AX,Perenti Global,Unknown,Australia,EUR,25,,AU0000061897,PRN.AX,,2186245.1717390274,
WPR.AX,Waypoint REIT,Unknown,Australia,EUR,25,,AU0000088064,WPR.AX,,1741526.9240582292,
ALD.AX,Ampol,Unknown,Australia,EUR,25,,AU0000088338,ALD.AX,,16107597.348788258,
TPG.AX,TPG Telecom,Unknown,Australia,EUR,25,,AU0000090128,TPG.AX,,2348920.4331004107,
4DX.AX,4DMedical,Unknown,Australia,EUR,25,,AU0000095416,4DX.AX,,446036.49925021594,
DUR.AX,Duratec,Unknown,Australia,EUR,25,,AU0000109159,DUR.AX,,269057.42158675165,
SRL.AX,Sunrise Energy Metals,Unknown,Australia,EUR,25,,AU0000143729,SRL.AX,,137856.22593808259,
EDV.AX,Endeavour Group,Unknown,Australia,EUR,25,,AU0000154833,EDV.AX,,8788883.754819708,
DVP.AX,Develop Global Limited,Unknown,Australia,EUR,25,,AU0000179707,DVP.AX,,2164155.9408224076,
IPG.AX,IPD Group,Unknown,Australia,EUR,25,,AU0000189318,IPG.AX,,279818.88970593427,
ZIP.AX,Zip Co,Unknown,Australia,EUR,25,,AU0000218307,ZIP.AX,,24079439.98668965,
RGN.AX,Region Group,Unknown,Australia,EUR,25,,AU0000253502,RGN.AX,,3041914.438300045,
RG8.AX,Regal Asian Investments,Unknown,Australia,EUR,25,,AU0000253510,RG8.AX,,160795.76746117126,
GYG.AX,Guzman Y Gomez,Unknown,Australia,EUR,25,,AU0000336679,GYG.AX,,3294267.8172784736,
VAU.AX,Vault Minerals,Unknown,Australia,EUR,25,,AU0000355588,VAU.AX,,9184195.368216503,
SGH.AX,SGH Limited,Unknown,Australia,EUR,25,,AU0000364754,SGH.AX,,11070542.373607676,
ELV.AX,Elevra Lithium,Unknown,Australia,EUR,25,,AU0000421851,ELV.AX,,991188.401312293,
RG1.AX,Regal Partners Global Investment,Unknown,Australia,EUR,25,,AU0000434920,RG1.AX,,242780.11487703485,
ANZGY,ANZ Group Holdings (ADR),Unknown,Australia,EUR,25,,US03736N1046,ANZGY,,1374556.496467234,
QBIEY,QBE Insurance Group (ADR),Unknown,Australia,EUR,25,,US74728G6052,QBIEY,,496364.55581216305,
IPI,Intrepid Potash,Unknown,Australia,EUR,25,,US46121Y2019,IPI,,3761275.293903036,
MESO,Mesoblast,Unknown,Australia,EUR,25,,US5907174016,MESO,,2357012.282136648,
TSMN.MX,TSMC (ADR),Unknown,Taiwan,EUR,25,,US8740391003,TSMN.MX,,5050954.489148578,
2038.HK,FIH Mobile,Unknown,Taiwan,EUR,25,,KYG3472Y1199,2038.HK,,1016699.8326966628,
PERF,Perfect,Unknown,Taiwan,EUR,25,,KYG7006A1094,PERF,,146786.17045609682,
AUOTY,AUO Corporation (ADR),Unknown,Taiwan,EUR,25,,US0022554044,AUOTY,,141500.5933754214,
CHKP,Check Point Software Technologies,Unknown,Israel,EUR,25,,IL0010824113,CHKP,,132011595.97370891,
ZIM,ZIM Integrated Shipping Services,Unknown,Israel,EUR,25,,IL0065100930,ZIM,,57414936.00140904,
TEVA,Teva Pharmaceutical Industries (ADR),Unknown,Israel,EUR,25,,US8816242098,TEVA,,158787757.4680631,
FVRR,Fiverr,Unknown,Israel,EUR,25,,IL0011582033,FVRR,,13276193.457017416,
INMD,InMode,Unknown,Israel,EUR,25,,IL0011595993,INMD,,12745737.569558393,
ODD,Oddity Tech,Unknown,Israel,EUR,25,,IL0011974909,ODD,,19809255.82421702,
CLBT,Cellebrite DI,Unknown,Israel,EUR,25,,IL0011794802,CLBT,,19400416.440396875,
FROG,JFrog,Unknown,Israel,EUR,25,,IL0011684185,FROG,,39641582.182571426,
RDWR,Radware,Unknown,Israel,EUR,25,,IL0010834765,RDWR,,3301009.5445865057,
NNDM,Nano Dimension (ADR),Unknown,Israel,EUR,25,,US63008G2030,NNDM,,2728306.9030123036,
GILT,Gilat Satellite,Unknown,Israel,EUR,25,,IL0010825102,GILT,,3490107.5646681497,
SILC,Silicom,Unknown,Israel,EUR,25,,IL0010826928,SILC,,271266.6145890777,
SLGL,Sol-Gel Technologies,Unknown,Israel,EUR,25,,IL0011417206,SLGL,,180464.01681925758,
CGNT,Cognyte Software,Unknown,Israel,EUR,25,,IL0011691438,CGNT,,2031583.55517758,
SMWB,Similarweb Ltd,Unknown,Israel,EUR,25,,IL0011751653,SMWB,,2463721.233456013,
RSKD,Riskified,Unknown,Israel,EUR,25,,IL0011786493,RSKD,,2202926.0185001506,
NEXN,Nexxen,Unknown,Israel,EUR,25,,IL0012165630,NEXN,,1925745.806007917,
DNP.WA,Dino Polska,Unknown,Poland,EUR,25,,PLDINPL00011,DNP.WA,,21019063.53034793,
BFT.WA,Benefit Systems,Unknown,Poland,EUR,25,,PLBNFTS00018,BFT.WA,,2875633.349614932,
GPW.WA,Warsaw Stock Exchange ,Unknown,Poland,EUR,25,,PLGPW0000017,GPW.WA,,723361.5242688761,
KGH.WA,KGHM Polska,Unknown,Poland,EUR,25,,PLKGHM000017,KGH.WA,,29579959.914056312,
PLW.WA,PlayWay,Unknown,Poland,EUR,25,,PLPLAYW00015,PLW.WA,,105005.36639018843,
BNP.WA,BNP Paribas Bank Polska,Unknown,Poland,EUR,25,,PLBGZ0000010,BNP.WA,,151648.55431400606,
ACP.WA,Asseco Poland,Unknown,Poland,EUR,25,,PLSOFTB00016,ACP.WA,,4150450.698335344,
TXT.WA,Text,Unknown,Poland,EUR,25,,PLLVTSF00010,TXT.WA,,575090.6074042497,
ALR.WA,Alior Bank,Unknown,Poland,EUR,25,,PLALIOR00045,ALR.WA,,6197117.41088778,
XTB.WA,X-TRADE BROKERS,Unknown,Poland,EUR,25,,PLXTRDM00011,XTB.WA,,5141924.08945984,
GPP.WA,Grupa Pracuj,Unknown,Poland,EUR,25,,PLGRPRC00015,GPP.WA,,185405.5230977696,
KTY.WA,Grupa Kety,Unknown,Poland,EUR,25,,PLKETY000011,KTY.WA,,2552562.0489752665,
ALE.WA,Allegro.eu,Unknown,Poland,EUR,25,,LU2237380790,ALE.WA,,22907154.556760617,
DOM.WA,Dom Development,Unknown,Poland,EUR,25,,PLDMDVL00012,DOM.WA,,190708.2331385072,
WPL.WA,Wirtualna Polska Holding,Unknown,Poland,EUR,25,,PLWRTPL00027,WPL.WA,,260736.7369957972,
MIL.WA,Bank Millennium,Unknown,Poland,EUR,25,,PLBIG0000016,MIL.WA,,2486493.1947601438,
CAR.WA,Inter Cars,Unknown,Poland,EUR,25,,PLINTCS00010,CAR.WA,,376045.5341101602,
KRU.WA,Kruk,Unknown,Poland,EUR,25,,PLKRK0000010,KRU.WA,,2480097.8700436633,
CBF.WA,Cyber Folks,Unknown,Poland,EUR,25,,PLR220000018,CBF.WA,,374668.61196494836,
NEU.WA,Neuca,Unknown,Poland,EUR,25,,PLTRFRM00018,NEU.WA,,157914.93777850745,
ENA.WA,Enea,Unknown,Poland,EUR,25,,PLENEA000013,ENA.WA,,1254245.7082819173,
APR.WA,Auto Partner,Unknown,Poland,EUR,25,,PLATPRT00018,APR.WA,,491488.93699158594,
MRB.WA,Mirbud,Unknown,Poland,EUR,25,,PLMRBUD00015,MRB.WA,,424019.76649933425,
DAT.WA,Datawalk,Unknown,Poland,EUR,25,,PLPILAB00012,DAT.WA,,263984.9752284298,
11B.WA,11 Bit Studios,Unknown,Poland,EUR,25,,PL11BTS00015,11B.WA,,467442.8798513772,
ATC.WA,Arctic Paper,Unknown,Poland,EUR,25,,PLARTPR00012,ATC.WA,,102118.4498401169,
PXM.WA,Polimex Mostostal,Unknown,Poland,EUR,25,,PLMSTSD00019,PXM.WA,,552150.960051378,
RBW.WA,Rainbow Tours,Unknown,Poland,EUR,25,,PLRNBWT00031,RBW.WA,,1143119.4910447646,
SLV.WA,Selvita,Unknown,Poland,EUR,25,,PLSLVCR00029,SLV.WA,,130229.20497015954,
OTGLY,CD Projekt (ADR),Unknown,Poland,EUR,25,,US1251051066,OTGLY,,133867.28419461515,
RVU.WA,Ryvu Therapeutics,Unknown,Poland,EUR,25,,PLSELVT00013,RVU.WA,,136849.21923636674,
SHO.WA,SHOPER,Unknown,Poland,EUR,25,,PLSHPR000021,SHO.WA,,123498.21906282184,
DNOPY,Dino Polska (ADR),Unknown,Poland,EUR,25,,US25445T1060,DNOPY,,126895.12610744016,
BCX.WA,Bioceltix,Unknown,Poland,EUR,25,,PLBCLTX00019,BCX.WA,,101961.75383355553,
COG.WA,Cognor Holding,Unknown,Poland,EUR,25,,PLCNTSL00014,COG.WA,,140172.92106869112,
ANGL.ST,Angler Gaming,Consumer Cyclical,IT,EUR,25,,MT0000650102,ANGL.ST,2026-06-18,193678.66403651235,demoted
BIJ.DE,Bijou Brigitte,Consumer Cyclical,Germany,EUR,25,,DE0005229504,BIJ.DE,2026-06-19,104897.2308921814,demoted
HRPK.DE,7C Solarparken,Technology,Germany,EUR,25,,DE000A11QW68,HRPK.DE,2026-06-19,101061.36060500144,demoted
LUXE,LuxExperience,Consumer Cyclical,Germany,EUR,25,,US55406W1036,LUXE,,1365324.988937378,
UBSFY,Ubisoft Entertainment (ADR),Communication Services,France,EUR,25,,US90348R1023,UBSFY,2026-06-17,212400.9990096092,demoted
TRUL.CN,Trulieve Cannabis,Unknown,USA,EUR,25,,CA89788C1041,TRUL.CN,2026-06-09,1267456.9827551842,delisted
PDSB,PDS Biotechnology,Healthcare,USA,EUR,25,,US70465T1079,PDSB,2026-06-18,535480.600976944,demoted
GPRO,GoPro,Technology,USA,EUR,25,,US38268T1034,GPRO,2026-06-18,2851623.380482197,demoted
INO,Inovio Pharmaceutical,Healthcare,USA,EUR,25,,US45773H4092,INO,2026-06-18,1859652.968645096,demoted
GQG.AX,GQG Partners,Financial Services,USA,EUR,25,,AU0000180499,GQG.AX,2026-06-19,5906918.3670271635,demoted
ATNM,Actinium Pharmaceuticals,Healthcare,USA,EUR,25,,US00507W2061,ATNM,2026-06-17,283254.0007352829,demoted
PROP,Prairie Operating Co.,Energy,USA,EUR,25,,US7396501097,PROP,2026-06-18,2152408.5190296173,demoted
TPR,Tapestry,Consumer Cyclical,USA,EUR,25,,US8760301072,TPR,,288487044.4782257,
UTMD,Utah Medical Products,Healthcare,USA,EUR,25,,US9174881089,UTMD,,794253.210067749,
EFOR,ASGN,Technology,USA,EUR,25,,US00191U1025,EFOR,,26254825.115203857,
ENTG,Entegris,Technology,USA,EUR,25,,US29362U1043,ENTG,,237546192.9428101,
FNWB,First Northwest Bancorp,Financial Services,USA,EUR,25,,US3358341077,FNWB,,182298.0032444,
FORR,Forrester Research,Industrials,USA,EUR,25,,US3465631097,FORR,,809465.9880638123,
GRAL,Grail,Healthcare,USA,EUR,25,,US3847471014,GRAL,,36071631.50577545,
GVA,Granite Construction,Industrials,USA,EUR,25,,US3873281071,GVA,,52533393.51654053,
GPMT,Granite Point,Real Estate,USA,EUR,25,,US38741L1070,GPMT,,647696.9658017159,
GECC,Great Elm Capital,Financial Services,USA,EUR,25,,US3903207039,GECC,,245192.9079055786,
GSBC,Great Southern Bancorp,Financial Services,USA,EUR,25,,US3909051076,GSBC,,2202436.931419373,
INDI,indie Semiconductor,Technology,USA,EUR,25,,US45569U1016,INDI,,12603225.405788422,
LPLA,LPL Financial,Financial Services,USA,EUR,25,,US50212V1008,LPLA,,223178317.9534912,
MARA,Mara Holdings,Financial Services,USA,EUR,25,,US5657881067,MARA,,592781711.8757248,
MCFT,Mastercraft Boat Hldgs,Consumer Cyclical,USA,EUR,25,,US57637H1032,MCFT,,2236910.0357055664,
MEC,Mayville Engineering,Industrials,USA,EUR,25,,US5786051079,MEC,,2038763.0123138428,
RJET,Mesa Air,Industrials,USA,EUR,25,,US5904794089,RJET,,249847.3562841415,
ONT,Montrose Environmental Group,Industrials,USA,EUR,25,,US6151111019,ONT,,9724753.366184236,
MSI,Motorola Solutions,Technology,USA,EUR,25,,US6200763075,MSI,,371880510.6765747,
AGIG,"Abundia Global Impact Grp. Inc Reg.Shs DL -,001",Utilities,USA,EUR,25,,US44183U3086,AGIG,2026-06-18,544925.0038385391,demoted
LFT,Lument Finance Trust,Real Estate,USA,EUR,25,,US55025L1089,LFT,2026-06-17,219534.2675447464,demoted
MHH,Mastech Digital,Industrials,USA,EUR,25,,US57633B1008,MHH,2026-06-17,110609.9992275238,demoted
QRHC,Quest Resource Holding,Industrials,USA,EUR,25,,US74836W2035,QRHC,2026-06-17,186257.00406432152,demoted
SES,SES AI,Consumer Cyclical,USA,EUR,25,,US78397Q1094,SES,2026-06-18,7566098.648655415,demoted
AST.WA,ASTARTA Holding,Consumer Defensive,Netherlands,EUR,25,,NL0000686509,AST.WA,2026-06-19,347785.4735946655,demoted
TRIFOR.CO,TRIFORK GROUP,Technology,Switzerland,EUR,25,,CH1111227810,TRIFOR.CO,2026-06-19,688791.4065093994,demoted
HUSQ-A.ST,Husqvarna (A),Industrials,Sweden,EUR,25,,SE0001662222,HUSQ-A.ST,2026-06-18,715585.5721149445,demoted
HOLM-A.ST,Holmen,Basic Materials,Sweden,EUR,25,,SE0011090000,HOLM-A.ST,2026-06-18,309701.3103027344,demoted
ACTI.ST,Active Biotech,Healthcare,Sweden,EUR,25,,SE0029278555,ACTI.ST,2026-06-18,535799.9312438965,demoted
STOR-B.ST,Storskogen Group AB Namn-Aktier Ser.B  o.N.,Industrials,Sweden,EUR,25,,SE0016797732,STOR-B.ST,2026-06-18,30922565.110844612,demoted
EMIL-PREF.ST,Fastighetsbolaget Emilshus,Real Estate,Sweden,EUR,25,,SE0016785794,EMIL-PREF.ST,2026-06-18,901969.4931564332,demoted
NTEK-B.ST,Novotek,Technology,Sweden,EUR,25,,SE0000567752,NTEK-B.ST,2026-06-18,381168.29905319214,demoted
ORX.ST,Orexo,Healthcare,Sweden,EUR,25,,SE0000736415,ORX.ST,2026-06-18,460225.56187820435,demoted
CRAD-B.ST,C-Rad,Healthcare,Sweden,EUR,25,,SE0002016352,CRAD-B.ST,2026-06-18,722447.3524436951,demoted
B3.ST,B3 Consulting Group,Technology,Sweden,EUR,25,,SE0008347660,B3.ST,2026-06-18,446309.9487762451,demoted
SBB-B.ST,Samhällsbyggnadsbolaget,Real Estate,Sweden,EUR,25,,SE0009554454,SBB-B.ST,2026-06-18,67951325.68001175,demoted
IVACC.ST,Intervacc,Healthcare,Sweden,EUR,25,,SE0009607252,IVACC.ST,2026-06-18,346512.5355787277,demoted
SMOL.ST,Smoltek Nanotech Holding,Technology,Sweden,EUR,25,,SE0010820381,SMOL.ST,2026-06-18,159800.33616228402,demoted
BOUL.ST,BOULE DIAGNOSTICS,Healthcare,Sweden,EUR,25,,SE0011231158,BOUL.ST,2026-06-18,130937.31160283089,demoted
XSPRAY.ST,XSpray Pharma,Healthcare,Sweden,EUR,25,,SE0009973563,XSPRAY.ST,2026-06-18,1137016.5858039856,demoted
DONE.ST,Done.ai Group,Technology,Sweden,EUR,25,,SE0010546911,DONE.ST,2026-06-18,1121855.7089281082,demoted
IDUN-B.ST,Idun Industrier,Financial Services,Sweden,EUR,25,,SE0013512464,IDUN-B.ST,2026-06-18,539184.0079498291,demoted
HAMLET-B.ST,Hamlet BioPharma (B),Healthcare,Sweden,EUR,25,,SE0015661152,HAMLET-B.ST,2026-06-18,432371.6185216904,demoted
SLEEP.ST,Sleep Cycle,Technology,Sweden,EUR,25,,SE0015961404,SLEEP.ST,2026-06-18,778332.1868591309,demoted
WTW-A.ST,Wall To Wall Group,Industrials,Sweden,EUR,25,,SE0016075246,WTW-A.ST,2026-06-18,194577.75,demoted
AGROUP.ST,Arlandastad Group,Real Estate,Sweden,EUR,25,,SE0016276851,AGROUP.ST,2026-06-18,183991.50204849243,demoted
FLAT-B.ST,Flat Capital,Financial Services,Sweden,EUR,25,,SE0016609846,FLAT-B.ST,2026-06-18,4922547.808977127,demoted
BPCINS.ST,BPC Instruments,Technology,Sweden,EUR,25,,SE0017130826,BPCINS.ST,2026-06-18,128079.34875679016,demoted
CARE.ST,Careium,Industrials,Sweden,EUR,25,,SE0017131824,CARE.ST,2026-06-18,426339.19944381714,demoted
4C.ST,4C Group,Technology,Sweden,EUR,25,,SE0017936891,4C.ST,2026-06-18,683210.0,demoted
FLERIE.ST,Flerie,Healthcare,Sweden,EUR,25,,SE0022447348,FLERIE.ST,2026-06-18,701844.3245830536,demoted
XBRANE.ST,Xbrane Biopharma,Healthcare,Sweden,EUR,25,,SE0026598583,XBRANE.ST,2026-06-18,1024206.5651721954,demoted
KOMPL.OL,Komplett,Consumer Cyclical,Denmark,EUR,25,,NO0011016040,KOMPL.OL,2026-06-19,331018.30848646164,demoted
SIVI.ST,Siljansvik,Utilities,Sweden,EUR,25,,SE0000201253,SIVI.ST,2026-06-18,784846.7238235474,demoted
ORRON.ST,Orron Energy,Utilities,Sweden,EUR,25,,SE0000825820,ORRON.ST,2026-06-18,3605380.668194771,demoted
NEXAM.ST,Nexam Chemical Holding,Basic Materials,Sweden,EUR,25,,SE0005101003,NEXAM.ST,2026-06-18,190969.0026745796,demoted
DMYD-B.ST,Diamyd Medical,Healthcare,Sweden,EUR,25,,SE0005162880,DMYD-B.ST,2026-06-18,3230249.463370323,demoted
CLAV.ST,Clavister,Technology,Sweden,EUR,25,,SE0005308558,CLAV.ST,2026-06-18,3766558.026605487,demoted
BALCO.ST,Balco Group,Consumer Cyclical,Sweden,EUR,25,,SE0010323998,BALCO.ST,2026-06-18,322325.6066093445,demoted
MIDS.ST,Midsummer,Technology,Sweden,EUR,25,,SE0011281757,MIDS.ST,2026-06-18,780070.6392474174,demoted
SBB-D.ST,Samhallsbyggnadsbola,Real Estate,Sweden,EUR,25,,SE0011844091,SBB-D.ST,2026-06-18,4682802.834495544,demoted
KEBNI-B.ST,KebNi,Industrials,Sweden,EUR,25,,SE0012904803,KEBNI-B.ST,2026-06-18,1532931.3364284637,demoted
RUG.ST,RugVista Group,Consumer Cyclical,Sweden,EUR,25,,SE0015659834,RUG.ST,2026-06-18,834962.9723472595,demoted
KFAST-B.ST,K-Fast Holding,Consumer Cyclical,Sweden,EUR,25,,SE0016101679,KFAST-B.ST,2026-06-18,1443157.7578954697,demoted
SEDANA.ST,Sedana Medical,Healthcare,Sweden,EUR,25,,SE0015988373,SEDANA.ST,2026-06-18,2271200.0374364853,demoted
SHT-B.ST,SHT Smart High-Tech,Technology,Sweden,EUR,25,,SE0016843809,SHT-B.ST,2026-06-18,642990.3230161667,demoted
NIVI-B.ST,Nivika Fastigheter,Real Estate,Sweden,EUR,25,,SE0017083272,NIVI-B.ST,2026-06-18,1023435.6937942504,demoted
VIVA.ST,Viva Wine Group,Consumer Defensive,Sweden,EUR,25,,SE0017084361,VIVA.ST,2026-06-18,394823.0539894104,demoted
CINPHA.ST,Cinclus Pharma Holding,Healthcare,Sweden,EUR,25,,SE0020388577,CINPHA.ST,2026-06-18,784481.9379034042,demoted
BORG.ST,Björn Borg,Consumer Cyclical,Sweden,EUR,25,,SE0021921327,BORG.ST,2026-06-18,721073.5203800201,demoted
CLEM.ST,Clemondo Group,Consumer Defensive,Sweden,EUR,25,,SE0023468400,CLEM.ST,2026-06-18,124627.900015831,demoted
LOGIST-A.ST,Logistri Fastighets,Real Estate,Sweden,EUR,25,,SE0025197619,LOGIST-A.ST,2026-06-18,125601.4785671234,demoted
QLINEA.ST,Q-Linea,Healthcare,Sweden,EUR,25,,SE0025420714,QLINEA.ST,2026-06-18,420333.1910381317,demoted
RROS.ST,Rottneros,Basic Materials,Sweden,EUR,25,,SE0000112252,RROS.ST,2026-06-18,524963.8560209274,demoted
ELAN-B.ST,Elanders,Industrials,Sweden,EUR,25,,SE0000119299,ELAN-B.ST,2026-06-18,648996.0910701752,demoted
EPEN.ST,Ependion,Technology,Sweden,EUR,25,,SE0000671711,EPEN.ST,2026-06-18,819444.537437439,demoted
ENZY.ST,Enzymatica,Healthcare,Sweden,EUR,25,,SE0003943620,ENZY.ST,2026-06-18,147048.76477706432,demoted
SAGA-A.ST,AB Sagax,Real Estate,Sweden,EUR,25,,SE0004635878,SAGA-A.ST,2026-06-18,160524.40580749512,demoted
NIO.ST,Nordic Iron Ore,Basic Materials,Sweden,EUR,25,,SE0011528017,NIO.ST,2026-06-18,113601.0,demoted
NORB-B.ST,Nordisk Bergteknik,Industrials,Sweden,EUR,25,,SE0015812128,NORB-B.ST,2026-06-18,336509.5347003937,demoted
HEIM-PREF.ST,Heimstaden,Real Estate,Sweden,EUR,25,,SE0015949037,HEIM-PREF.ST,2026-06-18,838109.2024478912,demoted
CANDLE-B.ST,Candles Scandinavia,Consumer Defensive,Sweden,EUR,25,,SE0016797773,CANDLE-B.ST,2026-06-18,104447.29767894743,demoted
NETEL.ST,Netel Holding,Industrials,Sweden,EUR,25,,SE0016798417,NETEL.ST,2026-06-18,718277.7795727253,demoted
CTEK.ST,CTEK,Industrials,Sweden,EUR,25,,SE0016798763,CTEK.ST,2026-06-18,708303.3495182991,demoted
FMM-B.ST,FM Mattsson Mora Group (B),Industrials,Sweden,EUR,25,,SE0018040883,FMM-B.ST,2026-06-18,271290.6230163574,demoted
LUMEN.ST,LumenRadio,Technology,Sweden,EUR,25,,SE0019072158,LUMEN.ST,2026-06-18,258947.20574188232,demoted
PRISMA.ST,Prisma Properties,Real Estate,Sweden,EUR,25,,SE0022062055,PRISMA.ST,2026-06-18,387041.03228092194,demoted
IMMU.ST,Mendus,Healthcare,Sweden,EUR,25,,SE0022239950,IMMU.ST,2026-06-18,180721.79981279373,demoted
QLIFE.ST,Qlife Holding,Healthcare,Sweden,EUR,25,,SE0022574331,QLIFE.ST,2026-06-18,144163.73550987244,demoted
ENRO.ST,Eniro Group,Communication Services,Sweden,EUR,25,,SE0029300995,ENRO.ST,2026-06-18,272314.9202308655,demoted
NETI-B.ST,Net Insight AB,Technology,Sweden,EUR,25,,SE0000366098,NETI-B.ST,2026-06-18,2740765.8608562946,demoted
FPIP.ST,Formpipe Software,Unknown,Sweden,EUR,25,,SE0001338039,FPIP.ST,2026-06-18,265761.5878190994,demoted
FNOVA-B.ST,Fortinova Fastigheter,Real Estate,Sweden,EUR,25,,SE0014608915,FNOVA-B.ST,2026-06-18,207320.00004386905,demoted
OPTER.ST,Opter,Technology,Sweden,EUR,25,,SE0016829501,OPTER.ST,2026-06-18,263431.09661865234,demoted
ADTR.ST,Adtraction Group,Communication Services,Sweden,EUR,25,,SE0016833149,ADTR.ST,2026-06-18,157476.54927062988,demoted
TRIAN-B.ST,Fastighets Trianon,Real Estate,Sweden,EUR,25,,SE0018013658,TRIAN-B.ST,2026-06-18,764015.7920207977,demoted
MVIR.ST,Medivir(B),Healthcare,Sweden,EUR,25,,SE0020181014,MVIR.ST,2026-06-18,402456.1138162613,demoted
BUSER.ST,Bambuser,Technology,Sweden,EUR,25,,SE0027099326,BUSER.ST,2026-06-18,104599.80146598816,demoted
SALT-B.ST,SaltX Technology Holding,Industrials,Sweden,EUR,25,,SE0005308541,SALT-B.ST,2026-06-18,1852545.5706367493,demoted
SGG.ST,Sensys Gatso Group,Technology,Sweden,EUR,25,,SE0020356244,SGG.ST,2026-06-18,377959.0460014343,demoted
SCA-A.ST,Svenska Cellulosa,Basic Materials,Sweden,EUR,25,,SE0000171886,SCA-A.ST,2026-06-18,969882.6958885192,demoted
PREC.ST,Precise Biometrics,Industrials,Sweden,EUR,25,,SE0018013849,PREC.ST,2026-06-18,610586.1244851351,demoted
MOB.ST,Moberg Pharma,Healthcare,Sweden,EUR,25,,SE0020353928,MOB.ST,2026-06-18,1112190.2598381042,demoted
GNGBY,Getinge,Healthcare,Sweden,EUR,25,,US37427X1046,GNGBY,2026-06-17,104564.25876617432,demoted
NEL.OL,Nel ASA,Industrials,Norway,EUR,25,,NO0010081235,NEL.OL,2026-06-19,12444990.418812511,demoted
HPUR.OL,HEXAGON PURUS,Industrials,Norway,EUR,25,,NO0013751966,HPUR.OL,2026-06-19,1015627.7589874268,demoted
AGLX.OL,Agilyx AS,Industrials,Norway,EUR,25,,NO0010872468,AGLX.OL,2026-06-19,616808.75,demoted
AFK.OL,Arendals Fossekompani,Industrials,Norway,EUR,25,,NO0003572802,AFK.OL,2026-06-19,516924.48233032227,demoted
DDRIL.OL,Dolphin Drilling,Energy,Norway,EUR,25,,NO0013711739,DDRIL.OL,2026-06-19,588528.3304824829,demoted
RING.OL,SpareBank 1 Ringerike Hadeland Grunnfondsbevis NK 100,Financial Services,Norway,EUR,25,,NO0006390400,RING.OL,2026-06-19,216539.59219360352,demoted
NKR.OL,Nekkar,Industrials,Norway,EUR,25,,NO0003049405,NKR.OL,2026-06-19,1039459.7501177788,demoted
WSTEP.OL,Webstep,Technology,Norway,EUR,25,,NO0010609662,WSTEP.OL,2026-06-19,177231.23823738098,demoted
WEST.OL,Western Bulk Chartering,Industrials,Norway,EUR,25,,NO0010768096,WEST.OL,2026-06-19,177708.58610725403,demoted
IDEX.OL,IDEX Biometrics,Technology,Norway,EUR,25,,NO0013536078,IDEX.OL,2026-06-19,594543.5929265022,demoted
GOD.OL,Goodtech,Industrials,Norway,EUR,25,,NO0004913609,GOD.OL,2026-06-19,171407.95135688782,demoted
CAMBI.OL,Cambi,Industrials,Norway,EUR,25,,NO0010078850,CAMBI.OL,2026-06-19,583595.06802845,demoted
ZAL.OL,Zalaris,Industrials,Norway,EUR,25,,NO0010708910,ZAL.OL,2026-06-19,909878.0627212524,demoted
VISTN.OL,Vistin Pharma,Healthcare,Norway,EUR,25,,NO0010734122,VISTN.OL,2026-06-19,216755.24824142456,demoted
BEWI.OL,Bewi Asa,Consumer Cyclical,Norway,EUR,25,,NO0010890965,BEWI.OL,2026-06-19,843962.1128740311,demoted
SMOP.OL,Smartoptics Group,Technology,Norway,EUR,25,,NO0011012502,SMOP.OL,2026-06-19,631433.4156942368,demoted
ARR.OL,Arribatec Group,Technology,Norway,EUR,25,,NO0013682948,ARR.OL,2026-06-19,276290.43086361885,demoted
NOFIN.OL,Nordic Financials,Utilities,Norway,EUR,25,,NO0013683409,NOFIN.OL,2026-06-19,180474.34859204292,demoted
BINT.OL,KMC Properties,Financial Services,Norway,EUR,25,,NO0013711721,BINT.OL,2026-06-19,223776.71654891968,demoted
ABTEC.OL,Aqua Bio Technology,Healthcare,Norway,EUR,25,,NO0013735894,ABTEC.OL,2026-06-19,154464.5,demoted
DFENS.OL,Fjord Defence Group,Industrials,Norway,EUR,25,,NO0013647693,DFENS.OL,2026-06-19,308701.78106975555,demoted
ONCIN.OL,Oncoinvent,Healthcare,Norway,EUR,25,,NO0013711713,ONCIN.OL,2026-06-19,553214.0183963776,demoted
NEXT.OL,Next Biometrics,Technology,Norway,EUR,25,,NO0013740142,NEXT.OL,2026-06-19,407724.80348968506,demoted
OTOVO.OL,Otovo,Technology,Norway,EUR,25,,NO0013721613,OTOVO.OL,2026-06-19,303258.24068927765,demoted
STRO.OL,StrongPoint,Industrials,Norway,EUR,25,,NO0010098247,STRO.OL,2026-06-19,345224.9938058853,demoted
HAVI.OL,Havila Shipping,Industrials,Norway,EUR,25,,NO0010257728,HAVI.OL,2026-06-19,150195.39047813416,demoted
ANDF.OL,Andfjord Salmon Group,Consumer Defensive,Norway,EUR,25,,NO0010829765,ANDF.OL,2026-06-19,560853.6927776337,demoted
CAPSL.OL,Capsol Technologies,Industrials,Norway,EUR,25,,NO0010923121,CAPSL.OL,2026-06-19,140337.28452396393,demoted
HAV.OL,HAV Group,Industrials,Norway,EUR,25,,NO0010931918,HAV.OL,2026-06-19,277876.6206252575,demoted
NOM.OL,Nordic Mining,Basic Materials,Norway,EUR,25,,NO0013162693,NOM.OL,2026-06-19,4790604.812107086,demoted
ASA.OL,Atlantic Sapphire,Consumer Defensive,Norway,EUR,25,,NO0013464750,ASA.OL,2026-06-19,416650.2183904648,demoted
ZLNA.OL,Zelluna,Healthcare,Norway,EUR,25,,NO0013524942,ZLNA.OL,2026-06-19,294084.4471068382,demoted
EAM.OL,EAM Solar,Utilities,Norway,EUR,25,,NO0013601245,EAM.OL,2026-06-19,741096.8865602016,demoted
NRC.OL,NRC Group,Industrials,Norway,EUR,25,,NO0003679102,NRC.OL,2026-06-19,2583227.0704419613,demoted
ITERA.OL,Itera,Technology,Norway,EUR,25,,NO0010001118,ITERA.OL,2026-06-19,116419.66523170473,demoted
HELG.OL,SpareBank,Financial Services,Norway,EUR,25,,NO0010029804,HELG.OL,2026-06-19,398063.7350921631,demoted
VOW.OL,VOW,Industrials,Norway,EUR,25,,NO0010708068,VOW.OL,2026-06-19,1711746.0995358825,demoted
STECH.OL,Soiltech,Industrials,Norway,EUR,25,,NO0010713571,STECH.OL,2026-06-19,241298.0,demoted
CAVEN.OL,Cavendish Hydrogen,Utilities,Norway,EUR,25,,NO0013219535,CAVEN.OL,2026-06-19,617020.2252750397,demoted
HERMA.OL,Hermana Holding,Financial Services,Norway,EUR,25,,NO0013401380,HERMA.OL,2026-06-19,106229.19174194336,demoted
OBSRV.OL,Observe Medical,Healthcare,Norway,EUR,25,,NO0013457952,OBSRV.OL,2026-06-19,101709.64218127728,demoted
IWS.OL,Integrated Wind,Industrials,Norway,EUR,25,,NO0013461350,IWS.OL,2026-06-19,131218.78049850464,demoted
REACH.OL,Reach Subsea,Energy,Norway,EUR,25,,NO0003117202,REACH.OL,2026-06-19,1308296.4799337387,demoted
HBC.OL,Hofseth BioCare,Consumer Defensive,Norway,EUR,25,,NO0010598683,HBC.OL,2026-06-19,122964.67626184224,demoted
ALNG.OL,Awilco LNG,Energy,Norway,EUR,25,,NO0010607971,ALNG.OL,2026-06-19,570276.332840085,demoted
ELABS.OL,Elliptic Laboratories,Technology,Norway,EUR,25,,NO0010722283,ELABS.OL,2026-06-19,1833492.9041962624,demoted
ISLAX.OL,Icelandic Salmon,Consumer Defensive,Norway,EUR,25,,NO0010724701,ISLAX.OL,2026-06-19,156039.70106124878,demoted
OMDA.OL,Omda AS,Healthcare,Norway,EUR,25,,NO0010894512,OMDA.OL,2026-06-19,162756.94508361816,demoted
DSRT.OL,Desert Control,Basic Materials,Norway,EUR,25,,NO0010963275,DSRT.OL,2026-06-19,579672.8798074126,demoted
PLT.OL,poLight,Technology,Norway,EUR,25,,NO0012535832,PLT.OL,2026-06-19,2123870.393904686,demoted
STST.OL,Stainless Tankers,Industrials,Norway,EUR,25,,NO0012780958,STST.OL,2026-06-19,295771.0710411072,demoted
NORSE.OL,Norse Atlantic,Industrials,Norway,EUR,25,,NO0012885252,NORSE.OL,2026-06-19,2568029.6883614063,demoted
NOAP.OL,Nordic Aqua Partners,Consumer Defensive,Norway,EUR,25,,NO0012928805,NOAP.OL,2026-06-19,144400.00137329102,demoted
HUNT.OL,Hunter Group,Energy,Norway,EUR,25,,NO0012953720,HUNT.OL,2026-06-19,1076028.5756814778,demoted
ABG.OL,ABG Sundal Collier,Financial Services,Norway,EUR,25,,NO0003021909,ABG.OL,2026-06-19,1219602.1181530952,demoted
MEDI.OL,Medistim,Healthcare,Norway,EUR,25,,NO0010159684,MEDI.OL,2026-06-19,1086085.0296936035,demoted
NAVA.OL,Navamedic,Healthcare,Norway,EUR,25,,NO0010205966,NAVA.OL,2026-06-19,214022.7073688507,demoted
KRAB.OL,Kraft Bank,Financial Services,Norway,EUR,25,,NO0010815103,KRAB.OL,2026-06-19,114550.72980880736,demoted
PRS.OL,Prosafe,Energy,Norway,EUR,25,,NO0010861990,PRS.OL,2026-06-19,910936.1178984642,demoted
MAS.OL,Masoval,Consumer Defensive,Norway,EUR,25,,NO0010974983,MAS.OL,2026-06-19,227378.9420337677,demoted
CRNA.OL,Circio Holding,Healthcare,Norway,EUR,25,,NO0013033795,CRNA.OL,2026-06-19,672168.8399139643,demoted
HUSCO.CO,HusCompagniet,Consumer Cyclical,Denmark,EUR,25,,DK0061412855,HUSCO.CO,2026-06-19,414124.8039932251,demoted
DJUR.CO,DJURSLAND BANK,Financial Services,Denmark,EUR,25,,DK0060136273,DJUR.CO,2026-06-19,508164.4201660156,demoted
FOBANK.CO,FOROYA BANKI,Financial Services,Denmark,EUR,25,,FO0000000088,FOBANK.CO,2026-06-19,667740.4027862549,demoted
NORTHM.CO,North Media A/S Navne-Aktier DK 5,Communication Services,Denmark,EUR,25,,DK0010270347,NORTHM.CO,2026-06-19,461499.2038021088,demoted
DAB.CO,Danske Andel Skassers Bank,Financial Services,Denmark,EUR,25,,DK0060299063,DAB.CO,2026-06-19,167887.9114265442,demoted
TIV.CO,Tivoli AS Navne-Aktier B DK 10,Consumer Cyclical,Denmark,EUR,25,,DK0060726743,TIV.CO,2026-06-19,517649.64321899414,demoted
5PG.OL,5th Planet Games,Communication Services,Denmark,EUR,25,,DK0060945467,5PG.OL,2026-06-19,110912.47992128134,demoted
JDAN.CO,Jeudan,Real Estate,Denmark,EUR,25,,DK0061282464,JDAN.CO,2026-06-19,524908.2691955566,demoted
VAN.BR,Van de Velde,Consumer Cyclical,Belgium,EUR,25,,BE0003839561,VAN.BR,2026-06-19,100371.42143058775,demoted
EIQ.AX,Echo IQ,Healthcare,Austria,EUR,25,,AU0000195430,EIQ.AX,2026-06-19,439104.9099718183,demoted
WEED.TO,Canopy Growth,Healthcare,Canada,EUR,25,,CA1380357048,WEED.TO,2026-06-19,4179039.4508063793,demoted
SASK.V,Atha Energy,Energy,Canada,EUR,25,,CA0468241082,SASK.V,2026-06-19,209083.4772644937,demoted
RECO.V,Reconnaissance Energy Africa,Energy,Canada,EUR,25,,CA75624R1082,RECO.V,2026-06-19,255824.00302290916,demoted
LUCA.V,Luca Mining,Basic Materials,Canada,EUR,25,,CA54929M1068,LUCA.V,2026-06-19,546852.4971485138,demoted
MTA.V,Metalla Royalty & Str.,Basic Materials,Canada,EUR,25,,CA59124U6051,MTA.V,2026-06-19,146254.49974536896,demoted
ALC.TO,Algoma Central Corporation,Industrials,Canada,EUR,25,,CA0156441077,ALC.TO,2026-06-19,110482.33299255373,demoted
BRE.TO,Bridgemarq Real Estate,Real Estate,Canada,EUR,25,,CA10808B1085,BRE.TO,2026-06-19,110775.99983215332,demoted
NOU.TO,Nouveau Monde Graphite,Basic Materials,Canada,EUR,25,,CA66979W8429,NOU.TO,2026-06-19,115406.99996948242,demoted
DC-A.TO,Dundee Corporation (A),Basic Materials,Canada,EUR,25,,CA2649011095,DC-A.TO,2026-06-19,139343.9998269081,demoted
ETG.TO,Entrée Resources,Basic Materials,Canada,EUR,25,,CA29384J1030,ETG.TO,2026-06-19,131285.0026488304,demoted
GGA.V,Goldgroup Mining,Basic Materials,Canada,EUR,25,,CA38141A4046,GGA.V,2026-06-19,150979.5013166964,demoted
HBFG.CN,Happy Belly Food,Consumer Defensive,Canada,EUR,25,,CA41138T1057,HBFG.CN,2026-06-19,101429.00071173906,demoted
BYN.V,Banyan Gold,Basic Materials,Canada,EUR,25,,CA06683K1066,BYN.V,2026-06-19,162120.50116062164,demoted
AUXX.V,Gold X2 Mining,Basic Materials,Canada,EUR,25,,CA38076G1037,AUXX.V,2026-06-19,255355.4179841578,demoted
LTH.V,Lithium Ionic,Basic Materials,Canada,EUR,25,,CA53680V1076,LTH.V,2026-06-19,178636.0025793314,demoted
IMP.TO,Intermap Technologies,Technology,Canada,EUR,25,,CA4589774021,IMP.TO,2026-06-19,135598.00106287003,demoted
KTN.V,Kootenay Silver,Basic Materials,Canada,EUR,25,,CA5005838365,KTN.V,2026-06-19,197048.9977657795,demoted
RDS.V,Radisson Mining Resources,Basic Materials,Canada,EUR,25,,CA76125W5054,RDS.V,2026-06-19,120897.99890890718,demoted
CAMB.V,Cambria Gold Mines,Basic Materials,Canada,EUR,25,,CA1320631080,CAMB.V,2026-06-19,144582.5,demoted
OGI.TO,Organigram Global,Healthcare,Canada,EUR,25,,CA68617J1003,OGI.TO,2026-06-19,325432.99820423126,demoted
SOMA.V,Soma Gold,Basic Materials,Canada,EUR,25,,CA83445W1086,SOMA.V,2026-06-19,122612.5,demoted
NEXG.V,NeXGold Mining,Basic Materials,Canada,EUR,25,,CA65345V1085,NEXG.V,2026-06-19,320141.9944167137,demoted
STC.TO,Sangoma Technologies,Technology,Canada,EUR,25,,CA80100R4089,STC.TO,2026-06-19,105579.9967765808,demoted
TWM.TO,Tidewater Midstream,Energy,Canada,EUR,25,,CA8864535056,TWM.TO,2026-06-19,120239.99985218048,demoted
ADN.TO,Acadian Timber,Basic Materials,Canada,EUR,25,,CA0042721005,ADN.TO,2026-06-19,111461.77740097046,demoted
GOT.V,Goliath Resources,Basic Materials,Canada,EUR,25,,CA38171A2092,GOT.V,2026-06-19,485432.99107551575,demoted
HAI.TO,Haivision Systems,Technology,Canada,EUR,25,,CA40531F1009,HAI.TO,2026-06-19,105498.9994764328,demoted
6889.HK,Dynam Japan Holdings,Consumer Cyclical,JP,EUR,25,,JP3491910000,6889.HK,2026-06-18,163817.11080515385,demoted
4564.T,Oncotherapy Science,Healthcare,JP,EUR,25,,JP3202150003,4564.T,2026-06-19,334144100.0,demoted
9432.T,Nippon Telegraph,Communication Services,JP,EUR,25,,JP3735400008,9432.T,2026-06-19,25133194064.06708,demoted
4571.T,NANO MRNA,Healthcare,JP,EUR,25,,JP3651120002,4571.T,2026-06-19,53053700.0,demoted
3681.T,V-cube,Technology,JP,EUR,25,,JP3829750003,3681.T,2026-06-19,27392400.0,demoted
3988.HK,Bank of China,Financial Services,Hong Kong,EUR,25,,CNE1000001Z5,3988.HK,2026-06-18,962538808.5466592,demoted
0659.HK,NWS Holdings,Industrials,Hong Kong,EUR,25,,BMG668971101,0659.HK,2026-06-18,6684624.978696346,demoted
6806.HK,Shenwan Hongyuan Group,Financial Services,Hong Kong,EUR,25,,CNE100003K53,6806.HK,2026-06-18,37025184.618759155,demoted
0053.HK,Guoco Group,Industrials,Hong Kong,EUR,25,,BMG420981224,0053.HK,2026-06-18,367697.04818725586,demoted
1126.HK,Dream International,Consumer Cyclical,Hong Kong,EUR,25,,HK1126010854,1126.HK,2026-06-18,4187154.124975205,demoted
0136.HK,China Ruyi Holdings,Communication Services,Hong Kong,EUR,25,,BMG4404N1149,0136.HK,2026-06-18,104788631.62149216,demoted
0412.HK,Shandong Hi-Speed,Financial Services,Hong Kong,EUR,25,,BMG805AL1070,0412.HK,2026-06-18,21108387.262737036,demoted
1599.HK,Beijing UCD,Industrials,Hong Kong,EUR,25,,CNE100001SV1,1599.HK,2026-06-18,361923.1456518173,demoted
0245.HK,China Vered Financial Holding,Financial Services,Hong Kong,EUR,25,,HK0001163432,0245.HK,2026-06-18,404975.99088549614,demoted
2778.HK,Champion Real Estate,Real Estate,Hong Kong,EUR,25,,HK2778034606,2778.HK,2026-06-18,3115159.457265079,demoted
0762.HK,China Unicom Hongkong,Communication Services,Hong Kong,EUR,25,,HK0000049939,0762.HK,2026-06-18,285289728.95070505,demoted
3360.HK,Far East Horizon,Financial Services,Hong Kong,EUR,25,,HK0000077468,3360.HK,2026-06-18,47162000.30907464,demoted
0511.HK,Television Broadcasts,Communication Services,Hong Kong,EUR,25,,HK0000139300,0511.HK,2026-06-18,1720333.9573860168,demoted
6626.HK,Yuexiu Services Group,Real Estate,Hong Kong,EUR,25,,HK0000746575,6626.HK,2026-06-18,2360160.542011261,demoted
0257.HK,China Everbright International,Industrials,Hong Kong,EUR,25,,HK0257001336,0257.HK,2026-06-18,54967317.68461466,demoted
0270.HK,Guangdong Investment,Utilities,Hong Kong,EUR,25,,HK0270001396,0270.HK,2026-06-18,68161286.06921077,demoted
0639.HK,Shougang Fushan Resources Group,Basic Materials,Hong Kong,EUR,25,,HK0639031506,0639.HK,2026-06-18,20467637.235257626,demoted
1876.HK,Budweiser Brew.,Consumer Defensive,Hong Kong,EUR,25,,KYG1674K1013,1876.HK,2026-06-18,112904768.47774316,demoted
1310.HK,HKBN,Communication Services,Hong Kong,EUR,25,,KYG451581055,1310.HK,2026-06-18,15161444.094061852,demoted
0698.HK,Tongda Group,Technology,Hong Kong,EUR,25,,KYG8917X1473,0698.HK,2026-06-18,393200.0,demoted
6808.HK,Sun Art Retail,Consumer Cyclical,Hong Kong,EUR,25,,HK0000083920,6808.HK,2026-06-18,13225756.392842174,demoted
0376.HK,Yunfeng Financial,Financial Services,Hong Kong,EUR,25,,HK0000091790,0376.HK,2026-06-18,7510169.969320297,demoted
0045.HK,The Hongkong and Shanghai Hotels,Consumer Cyclical,Hong Kong,EUR,25,,HK0045000319,0045.HK,2026-06-18,401135.6117219925,demoted
0086.HK,Sun Hung Kai,Financial Services,Hong Kong,EUR,25,,HK0086000525,0086.HK,2026-06-18,1395993.6426877975,demoted
0101.HK,Hang Lung Properties,Real Estate,Hong Kong,EUR,25,,HK0101000591,0101.HK,2026-06-18,69708107.03710985,demoted
0200.HK,Melco Dev,Consumer Cyclical,Hong Kong,EUR,25,,HK0200030994,0200.HK,2026-06-18,16742567.137357712,demoted
0308.HK,China Travel International Investment Hongkong,Consumer Cyclical,Hong Kong,EUR,25,,HK0308001558,0308.HK,2026-06-18,6211792.803287506,demoted
0950.HK,Lee s Pharmaceutical Hldgs,Healthcare,Hong Kong,EUR,25,,KYG5438W1116,0950.HK,2026-06-18,414489.2120361328,demoted
0558.HK,L.K. Technology Holdings,Industrials,Hong Kong,EUR,25,,KYG5548P1054,0558.HK,2026-06-18,11159537.079143524,demoted
2003.HK,VCREDIT Holdings,Financial Services,Hong Kong,EUR,25,,KYG940441077,2003.HK,2026-06-18,146700.96430778503,demoted
2191.HK,SF REIT,Real Estate,Hong Kong,EUR,25,,HK0000735800,2191.HK,2026-06-18,1780866.7888641355,demoted
0008.HK,PCCW,Communication Services,Hong Kong,EUR,25,,HK0008011667,0008.HK,2026-06-18,34392305.52681804,demoted
0435.HK,Sunlight Real Estate,Real Estate,Hong Kong,EUR,25,,HK0435036626,0435.HK,2026-06-18,2223939.9272203445,demoted
0817.HK,China Jinmao,Real Estate,Hong Kong,EUR,25,,HK0817039453,0817.HK,2026-06-18,42496455.28658271,demoted
0880.HK,SJM Holdings,Consumer Cyclical,Hong Kong,EUR,25,,HK0880043028,0880.HK,2026-06-18,24253299.719573855,demoted
0882.HK,Tianjin Development,Industrials,Hong Kong,EUR,25,,HK0882007260,0882.HK,2026-06-18,836165.1004552841,demoted
3998.HK,Bosideng Intl Hldgs,Consumer Cyclical,Hong Kong,EUR,25,,KYG126521064,3998.HK,2026-06-18,104822636.32919526,demoted
2302.HK,CNNC International,Energy,Hong Kong,EUR,25,,KYG2352X1262,2302.HK,2026-06-18,1380579.9403190613,demoted
1760.HK,Intron Technology Holdings,Consumer Cyclical,Hong Kong,EUR,25,,KYG4914A1076,1760.HK,2026-06-18,1237463.0362987518,demoted
0123.HK,Yuexiu Ppty,Real Estate,Hong Kong,EUR,25,,HK0000745908,0123.HK,2026-06-18,51570679.64008021,demoted
0003.HK,Hong Kong & China Gas,Utilities,Hong Kong,EUR,25,,HK0003000038,0003.HK,2026-06-18,127822575.49699543,demoted
0596.HK,Inspur International,Technology,Hong Kong,EUR,25,,KYG4820C1309,0596.HK,2026-06-18,23165944.87683487,demoted
3990.HK,Midea Real Estate,Real Estate,Hong Kong,EUR,25,,KYG609201085,3990.HK,2026-06-18,4826420.555973053,demoted
6929.HK,0rbusNeich Medical Group,Healthcare,Hong Kong,EUR,25,,KYG6773B1005,6929.HK,2026-06-18,362917.9314374924,demoted
1382.HK,Pacific Textiles,Consumer Cyclical,Hong Kong,EUR,25,,KYG686121032,1382.HK,2026-06-18,1793211.535871029,demoted
2678.HK,Texhong International,Consumer Cyclical,Hong Kong,EUR,25,,KYG876551170,2678.HK,2026-06-18,1338229.4107084274,demoted
AII.AX,Almonty Industries,Basic Materials,Australia,EUR,25,,AU0000157679,AII.AX,2026-06-19,162210.7856400013,demoted
NXL.AX,Nuix Limited,Technology,Australia,EUR,25,,AU0000119307,NXL.AX,2026-06-19,2962103.651929617,demoted
1208.HK,MMG,Basic Materials,Australia,EUR,25,,HK1208013172,1208.HK,2026-06-18,208549839.03504825,demoted
AAC.AX,Australian Agricultural,Consumer Defensive,Australia,EUR,25,,AU000000AAC9,AAC.AX,2026-06-19,175960.08199453354,demoted
ADH.AX,Adairs,Consumer Cyclical,Australia,EUR,25,,AU000000ADH2,ADH.AX,2026-06-19,920052.5822024344,demoted
AMP.AX,AMP,Financial Services,Australia,EUR,25,,AU000000AMP6,AMP.AX,2026-06-19,9447685.772066176,demoted
APX.AX,Appen,Technology,Australia,EUR,25,,AU000000APX3,APX.AX,2026-06-19,8129992.2365140915,demoted
BOE.AX,Boss Energy,Energy,Australia,EUR,25,,AU000000BOE4,BOE.AX,2026-06-19,12737787.8139019,demoted
CGS.AX,COGSTATE,Healthcare,Australia,EUR,25,,AU000000CGS8,CGS.AX,2026-06-19,133297.5081947446,demoted
EHL.AX,Emeco Holdings,Industrials,Australia,EUR,25,,AU000000EHL7,EHL.AX,2026-06-19,391306.1622807383,demoted
HLO.AX,Helloworld Travel,Consumer Cyclical,Australia,EUR,25,,AU000000HLO6,HLO.AX,2026-06-19,373835.79315799475,demoted
ORA.AX,Orora,Consumer Cyclical,Australia,EUR,25,,AU000000ORA8,ORA.AX,2026-06-19,7236583.284760058,demoted
PIC.AX,Perpetual Equity,Financial Services,Australia,EUR,25,,AU000000PIC0,PIC.AX,2026-06-19,306061.4112793803,demoted
NIC.AX,Nickel Industries,Basic Materials,Australia,EUR,25,,AU0000018236,NIC.AX,2026-06-19,4771520.601793051,demoted
GMG.V,Graphene Manufacturing,Basic Materials,Australia,EUR,25,,AU0000139990,GMG.V,2026-06-19,102822.49723672868,demoted
LRV.AX,Larvotto Resources,Basic Materials,Australia,EUR,25,,AU0000183253,LRV.AX,2026-06-19,2956327.0478895307,demoted
MALRY,Mineral Resources (ADR),Basic Materials,Australia,EUR,25,,US6030511033,MALRY,2026-06-17,111015.74592590332,demoted
1AT.WA,Atal,Real Estate,Poland,EUR,25,,PLATAL000046,1AT.WA,2026-06-19,201334.26594924927,demoted
PEP.WA,Polenergia,Utilities,Poland,EUR,25,,PLPLSEP00013,PEP.WA,2026-06-19,193864.09601783752,demoted
ASE.WA,Asseco South Eastern Europe,Technology,Poland,EUR,25,,PLASSEE00014,ASE.WA,2026-06-19,214787.20246887207,demoted
ABS.WA,Asseco Business,Technology,Poland,EUR,25,,PLABS0000018,ABS.WA,2026-06-19,110038.66934204102,demoted
APT.WA,Apator (B),Industrials,Poland,EUR,25,,PLAPATR00018,APT.WA,2026-06-19,217984.4725036621,demoted
BLO.WA,Bloober Team,Communication Services,Poland,EUR,25,,PLBLOBR00014,BLO.WA,2026-06-19,300856.2428779602,demoted
FRO.WA,Ferro,Industrials,Poland,EUR,25,,PLFERRO00016,FRO.WA,2026-06-19,165105.64675617218,demoted
WLT.WA,Wielton,Industrials,Poland,EUR,25,,PLWELTN00012,WLT.WA,2026-06-19,264769.7809085846,demoted
XTP.WA,XTPL,Technology,Poland,EUR,25,,PLXTPL000018,XTP.WA,2026-06-19,143302.25244903564,demoted
ABE.WA,AB,Technology,Poland,EUR,25,,PLAB00000019,ABE.WA,2026-06-19,281178.61988449097,demoted
ART.WA,Artifex Mundi,Communication Services,Poland,EUR,25,,PLARTFX00011,ART.WA,2026-06-19,129242.94874572754,demoted
GMT.WA,Genomtec S.A,Healthcare,Poland,EUR,25,,PLGNMTC00017,GMT.WA,2026-06-19,116988.18175649644,demoted
KGN.WA,KOGENERACJA,Utilities,Poland,EUR,25,,PLKGNRC00015,KGN.WA,2026-06-19,256763.5000305176,demoted
NCL.WA,Noctiluca,Technology,Poland,EUR,25,,PLNCTLC00018,NCL.WA,2026-06-19,158328.90270233154,demoted
PCR.WA,PCC Rokita,Basic Materials,Poland,EUR,25,,PLPCCRK00076,PCR.WA,2026-06-19,151003.10687828064,demoted
PUR.WA,Pure Biologics,Healthcare,Poland,EUR,25,,PLPRBLG00010,PUR.WA,2026-06-19,412760.0673599243,demoted
CLC.WA,Columbus Energy,Technology,Poland,EUR,25,,PLSTIGR00012,CLC.WA,2026-06-19,433634.4557917118,demoted
AMB.WA,Ambra,Consumer Defensive,Poland,EUR,25,,PLAMBRA00013,AMB.WA,2026-06-19,140378.22422599792,demoted
MAB.WA,Mabion,Healthcare,Poland,EUR,25,,PLMBION00016,MAB.WA,2026-06-19,269514.6756296158,demoted
MLS.WA,ML System,Technology,Poland,EUR,25,,PLMLSTM00015,MLS.WA,2026-06-19,213792.02839136124,demoted
STP.WA,Stalprodukt,Basic Materials,Poland,EUR,25,,PLSTLPD00017,STP.WA,2026-06-19,125122.5,demoted
MRC.WA,Mercator Medical,Healthcare,Poland,EUR,25,,PLMRCTR00015,MRC.WA,2026-06-19,311581.3525981903,demoted
SPR.WA,SpyroSoft,Technology,Poland,EUR,25,,PLSPRSF00011,SPR.WA,2026-06-19,104360.0,demoted
WFT.US,Weatherford International plc,Unknown,USA,EUR,25,,US0038838399,WFT.US,2023-04-27,36659311.15216297,delisted
FLKS.US,Flex Pharma Inc,Unknown,USA,EUR,25,,US79400X1072,FLKS.US,2019-07-19,756574156.5608482,delisted
BPMX.US,BioPharmX Corporation,Unknown,USA,EUR,25,,US09072X1019,BPMX.US,2020-05-18,3904353372.979,delisted
GNUS.US,Genius Brands International Inc,Unknown,USA,EUR,25,,US37229T3014,GNUS.US,2023-08-25,1738553.3363108533,delisted
BBI.US,Brickell Biotech Inc,Unknown,USA,EUR,25,,US10802T1051,BBI.US,2024-04-19,1146663.9008165644,delisted
NXTD.US,Nxt-ID Inc,Unknown,USA,EUR,25,,US67091J4040,NXTD.US,2022-05-02,51957371.37652522,delisted
BSTI.US,BEST Inc,Unknown,USA,EUR,25,,US08653C1062,BSTI.US,2019-08-01,130501994.53836672,delisted
SFUN.US,Fang Holdings Ltd,Unknown,USA,EUR,25,,US30711Y3009,SFUN.US,2022-06-13,5070947.368421053,delisted
ATHN.US,athenahealth Inc,Unknown,USA,EUR,25,,US04685W1036,ATHN.US,2021-12-30,8875805.475857425,delisted
DWDP.US,DowDuPont Inc,Unknown,USA,EUR,25,,US26078J1007,DWDP.US,2019-06-28,847877871.1104492,delisted
RMED.US,RA Medical Systems,Unknown,USA,EUR,25,,US74933X2036,RMED.US,2023-10-19,59671502.502636425,delisted
GMTX.US,Gemini Therapeutics Inc,Unknown,USA,EUR,25,,US36870G1058,GMTX.US,2022-12-30,3291613.6237241235,delisted
XL.US,XL Fleet Corp,Unknown,USA,EUR,25,,US9837FR1002,XL.US,2023-01-13,24511469.408930887,delisted
TRCH.US,Torchlight Energy Resources Inc,Unknown,USA,EUR,25,,US59134N1046,TRCH.US,2021-07-01,222183.61591953368,delisted
CARA.US,Cara Therapeutic,Unknown,USA,EUR,25,,US1407551092,CARA.US,2025-04-16,205884623.88758785,delisted
CPE.US,Callon Petroleum Company,Unknown,USA,EUR,25,,US13123X5086,CPE.US,2024-03-28,142836542.4293311,delisted
MNLO.US,Menlo Therapeutics Inc,Unknown,USA,EUR,25,,US92941V1008,MNLO.US,2021-01-28,68402664.0348095,delisted
APOP.US,Cellect Biotechnology Ltd,Unknown,USA,EUR,25,,US15116C3007,APOP.US,2021-11-03,216884678.01628423,delisted
CTRV.US,Hepion Pharmaceuticals Inc,Unknown,USA,EUR,25,,US21234W1036,CTRV.US,2019-07-25,1077560565.2919033,delisted
UTX.US,Raytheon Technologies Corporation,Unknown,USA,EUR,25,,US9130171096,UTX.US,2020-04-23,355808913.3817775,delisted
BHG.US,Bright Health Group Inc,Unknown,USA,EUR,25,,US10920V1070,BHG.US,2024-02-02,147676906.28135663,delisted
AABA.US,Altaba Inc,Unknown,USA,EUR,25,,US0213461017,AABA.US,2019-10-02,381267109.9294336,delisted
PROG.US,Progenity Inc,Unknown,USA,EUR,25,,US74319F1075,PROG.US,2022-07-08,67877364.19344154,delisted
CNAT.US,Conatus Pharmaceuticals Inc,Unknown,USA,EUR,25,,US20600T1088,CNAT.US,2020-05-26,216989248.9298998,delisted
VIAC.US,Paramount Global,Unknown,USA,EUR,25,,US92556H2067,VIAC.US,2022-05-27,195913546.8956007,delisted
SAVE.US,Spirit Airlines Inc,Unknown,USA,EUR,25,,US8485771021,SAVE.US,2024-11-18,44088547.026125334,delisted
COUP.US,Coupa Software Inc,Unknown,USA,EUR,25,,US22266L1061,COUP.US,2023-02-27,135956453.16606492,delisted
IDRA.US,Idera Pharmaceuticals Inc,Unknown,USA,EUR,25,,US45168K4058,IDRA.US,2023-01-17,12378550.975838576,delisted
ACGN.US,Aceragen Inc.,Unknown,USA,EUR,25,,US00445F1093,ACGN.US,2023-09-01,9494951.53654161,delisted
ZIOP.US,ZIOPHARM Oncology Inc,Unknown,USA,EUR,25,,US98973P1012,ZIOP.US,2022-01-27,73874292.32862283,delisted
WBA.US,Walgreens Boots Alliance Inc,Unknown,USA,EUR,25,,US9314271084,WBA.US,2025-08-28,193479442.8994098,delisted
JCS.US,Communications Systems Inc,Unknown,USA,EUR,25,,US2039001050,JCS.US,2022-04-01,3732377.492909445,delisted
NH.US,Nanthealth LLC,Unknown,USA,EUR,25,,US6301041074,NH.US,2023-07-25,2535413.249357791,delisted
CFLT.US,Confluent Inc,Unknown,USA,EUR,25,,US20717M1036,CFLT.US,2026-03-17,91065294.97450836,delisted
SAGE.US,Sage Therapeutics Inc,Unknown,USA,EUR,25,,US78667J1088,SAGE.US,2025-07-31,25525086.182158455,delisted
CXO.US,Concho Resources Inc,Unknown,USA,EUR,25,,US20605P1012,CXO.US,2021-01-19,155033836.84522945,delisted
AUD.US,Audacy Inc,Unknown,USA,EUR,25,,US05070N1037,AUD.US,2023-05-16,84890856.60169058,delisted
PEI.US,Pennsylvania RE Investment Trust,Unknown,USA,EUR,25,,US7091028008,PEI.US,2023-02-16,65311909.99644081,delisted
MODG.US,Topgolf Callaway Brands Corp.,Unknown,USA,EUR,25,,US1311931042,MODG.US,2026-01-15,22370485.86976201,delisted
KOJAMO.HE,Kojamo,Unknown,Finland,EUR,25,,FI4000312251,KOJAMO.HE,2026-05-15,3449531.7667,delisted
CSGN.SW,Credit Suisse Group AG,Unknown,Switzerland,EUR,25,,CH0012138530,CSGN.SW,2023-06-13,101478961.38660508,delisted
EAR.US,"Eargo, Inc.",Unknown,USA,EUR,25,,US2700871096,EAR.US,2024-02-16,37960023.26747568,delisted
IRBT.US,iRobot Corporation,Unknown,USA,EUR,25,,US4627261005,IRBT.US,2025-12-22,30166323.601987205,delisted
RAD.US,Rite Aid Corporation,Unknown,USA,EUR,25,,US7677548726,RAD.US,2023-12-15,34686578.79460159,delisted
SIVB.US,SVB Financial Group,Unknown,USA,EUR,25,,US78486Q1013,SIVB.US,2023-03-09,125506679.03451164,delisted
DISCA.US,Discovery Inc,Unknown,USA,EUR,25,,US25470F1049,DISCA.US,2022-04-08,109564103.5418914,delisted
ALQA.US,Alliqua BioMedical Inc,Unknown,USA,EUR,25,,US00784D1037,ALQA.US,2020-10-08,257198.9165930988,delisted
CLSD.US,Clearside Biomedical Inc,Unknown,USA,EUR,25,,US1850631045,CLSD.US,2025-11-28,431930.2770692484,delisted
SPN.US,Superior Energy Services Inc,Unknown,USA,EUR,25,,US8681573064,SPN.US,2020-10-22,144320895.3177546,delisted
CIVI.US,Civitas Resources Inc,Unknown,USA,EUR,25,,US17888H1032,CIVI.US,2026-01-30,13358752.145330606,delisted
TSRO.US,Tesaro Inc,Unknown,USA,EUR,25,,US8815691071,TSRO.US,2019-01-18,75245344.7723862,delisted
ZI.US,ZoomInfo Technologies Inc,Unknown,USA,EUR,25,,US98980F1049,ZI.US,2025-07-14,87695907.71765997,delisted
GOEV.US,Canoo Inc,Unknown,USA,EUR,25,,US13803R1023,GOEV.US,2025-01-31,11081278.796984524,delisted
NTEC.US,Intec Pharma Ltd,Unknown,USA,EUR,25,,US45828B1008,NTEC.US,2021-09-03,25191409.697821505,delisted
AYX.US,Alteryx Inc,Unknown,USA,EUR,25,,US02156B1035,AYX.US,2024-03-18,57613172.23235717,delisted
NBL.US,Noble Energy Inc,Unknown,USA,EUR,25,,US6550441058,NBL.US,2020-10-16,112845361.04870072,delisted
HSGX.US,Histogenics Corporation,Unknown,USA,EUR,25,,US43358V1098,HSGX.US,2019-09-27,17724604.822505023,delisted
CLXT.US,Calyxt Inc,Unknown,USA,EUR,25,,US13173L1070,CLXT.US,2023-05-31,23410962.773742087,delisted
NYCB.US,New York Community Bancorp Inc,Unknown,USA,EUR,25,,US6494451031,NYCB.US,2024-11-14,41378828.24712314,delisted
ATUS.US,Altice USA Inc,Unknown,USA,EUR,25,,US02156K1034,ATUS.US,2025-11-18,39652676.15411314,delisted
102280.KO,SBW Inc,Unknown,South Korea,EUR,25,,KR7102280005,102280.KO,2023-07-05,1186557.9359204825,delisted
QK.US,Q And K International Group Ltd,Unknown,USA,EUR,25,,US74738J2015,QK.US,2022-11-25,9934887.817305068,delisted
RDBX.US,Redbox Entertainment Inc,Unknown,USA,EUR,25,,US75724T1034,RDBX.US,2022-08-11,832297.572097609,delisted
GRAY.US,Graybug Vision Inc,Unknown,USA,EUR,25,,US38942Q1031,GRAY.US,2023-05-22,2922295.2092146333,delisted
NXFR.TA,Nextferm Technologies Ltd,Unknown,Israel,EUR,25,,IL0011719338,NXFR.TA,2025-11-04,2973760.281725569,delisted
CYTX.US,Plus Therapeutics Inc,Unknown,USA,EUR,25,,US23283K2042,CYTX.US,2019-08-02,585380180.7188556,delisted
DISCK.US,Discovery Inc,Unknown,USA,EUR,25,,US25470F3029,DISCK.US,2022-04-08,63986732.990330875,delisted
SRRA.US,Sierra Oncology Inc,Unknown,USA,EUR,25,,US82640U4040,SRRA.US,2022-07-01,7625514.696162086,delisted
WOLF_old2.US,"Wolfspeed, Inc.",Unknown,USA,EUR,25,,US9778521024,WOLF_old2.US,2025-09-26,78357267.51109469,delisted
DISH.US,DISH Network Corporation,Unknown,USA,EUR,25,,US25470M1099,DISH.US,2024-01-04,81057319.21370572,delisted
OSTK.US,Overstockcom Inc,Unknown,USA,EUR,25,,US6903701018,OSTK.US,2024-03-20,42745535.95332851,delisted
WPX.US,WPX Energy Inc,Unknown,USA,EUR,25,,US98212B1035,WPX.US,2021-01-14,73690216.10955116,delisted
PE.US,Parsley Energy Inc,Unknown,USA,EUR,25,,US7018771029,PE.US,2021-01-12,95808423.20942332,delisted
GTXI.US,GTx Inc,Unknown,USA,EUR,25,,US40052B2079,GTXI.US,2019-06-28,48397345.27881041,delisted
EQM.US,EQM Midstream Partners LP,Unknown,USA,EUR,25,,US26885B1008,EQM.US,2020-06-17,19284774.314282566,delisted
YY.US,YY Inc Class A,Unknown,USA,EUR,25,,US46591M1099,YY.US,2025-05-30,34236853.83757956,delisted
TRXC.US,Asensus Surgical Inc,Unknown,USA,EUR,25,,US89366M3007,TRXC.US,2021-05-06,20320007.618277397,delisted
EMBK.US,Embark Technology Inc,Unknown,USA,EUR,25,,US29079J1034,EMBK.US,2023-08-29,1033256.8541725796,delisted
CLNY.US,Colony Capital Inc,Unknown,USA,EUR,25,,US25401T1088,CLNY.US,2021-08-23,40238799.654998794,delisted
DADA.US,Dada Nexus Ltd,Unknown,USA,EUR,25,,US23344D1081,DADA.US,2025-06-16,8017442.267672231,delisted
SPR.US,Spirit Aerosystems Holdings Inc,Unknown,USA,EUR,25,,US8485741099,SPR.US,2025-12-05,59608723.87441303,delisted
VZIO.US,Vizio Holding Corp,Unknown,USA,EUR,25,,US92858V1017,VZIO.US,2024-12-03,6980904.461184138,delisted
RBS.LSE,The Royal Bank of Scotland Group plc,Unknown,UK,EUR,25,,GB00BM8PJY71,RBS.LSE,2020-07-23,35226136.67372875,delisted
FL.US,Foot Locker Inc,Unknown,USA,EUR,25,,US3448491049,FL.US,2025-09-05,74734463.32006125,delisted
RDFN.US,Redfin Corp,Unknown,USA,EUR,25,,US75737F1084,RDFN.US,2025-06-30,29173794.47418565,delisted
JWN.US,Nordstrom Inc,Unknown,USA,EUR,25,,US6556641008,JWN.US,2025-05-20,79679192.4033786,delisted
AXL.US,American Axle & Manufacturing,Unknown,USA,EUR,25,,US0240611030,AXL.US,2026-04-07,12920326.43199149,delisted
BIGC.US,Bigcommerce Holdings Inc,Unknown,USA,EUR,25,,US08975P1084,BIGC.US,2025-08-01,10364532.982696572,delisted
NFEC.US,NF Energy Saving Corporation,Unknown,USA,EUR,25,,US2524412093,NFEC.US,2019-02-07,3096693.120363293,delisted
TYHT.US,Shineco Inc,Unknown,USA,EUR,25,,US8245673095,TYHT.US,2021-12-17,5731934.336332034,delisted
MPW.US,Medical Properties Trust Inc,Unknown,USA,EUR,25,,US58463J3041,MPW.US,2026-04-02,38155089.00729051,delisted
CFX.US,Colfax Corporation,Unknown,USA,EUR,25,,US1940145022,CFX.US,2022-06-01,90835996.00290698,delisted
AKS.US,AK Steel Holding Corporation,Unknown,USA,EUR,25,,US0015471081,AKS.US,2020-03-12,40875468.0376739,delisted
033180.KO,Feelux Co. Ltd.,Unknown,South Korea,EUR,25,,KR7033180001,033180.KO,2025-11-12,1278448.94594067,delisted
HCP.US,Hashicorp Inc,Unknown,USA,EUR,25,,US4181001037,HCP.US,2025-02-27,46159297.91777896,delisted
HJLI.US,Hancock Jaffe Laboratories Inc,Unknown,USA,EUR,25,,US29415J1060,HJLI.US,2021-12-02,1509993.4769599042,delisted
NFX.US,Newfield Exploration Company,Unknown,USA,EUR,25,,US6512901082,NFX.US,2019-02-13,81649963.15517187,delisted
DNB.US,Dun & Bradstreet Holdings Inc.,Unknown,USA,EUR,25,,US26484T1060,DNB.US,2025-08-25,24896755.686295204,delisted
UPH.US,Uphealth Inc,Unknown,USA,EUR,25,,US91532B1017,UPH.US,2024-02-12,1568315.112813963,delisted
AZUL.US,Azul SA,Unknown,USA,EUR,25,,US05501U1060,AZUL.US,2025-07-29,13211485.04862661,delisted
HIIQ.US,Benefytt Technologies Inc,Unknown,USA,EUR,25,,US42225K1060,HIIQ.US,2020-04-16,11855838.393336914,delisted
SFET.US,Safe-T Group Ltd ADR,Unknown,USA,EUR,25,,US78643B4014,SFET.US,2023-03-28,3137655.8515783,delisted
AUL.AU,AuStar Gold Limited,Unknown,Australia,EUR,25,,AU000000AUL8,AUL.AU,2021-08-25,1714176.877658561,delisted
ZUO.US,Zuora Inc,Unknown,USA,EUR,25,,US98983V1061,ZUO.US,2025-02-14,12252525.566691132,delisted
TKWY.AS,Just Eat Takeaway,Unknown,Netherlands,EUR,25,,NL0012015705,TKWY.AS,2025-11-14,22539757.5925,delisted
002210.KO,Dongsung Pharm,Unknown,South Korea,EUR,25,,KR7002210003,002210.KO,2025-11-12,476975.7257859387,delisted
HBI.US,Hanesbrands Inc,Unknown,USA,EUR,25,,US4103451021,HBI.US,2025-12-02,52827888.981732264,delisted
CRZO.US,Carrizo Oil & Gas Inc,Unknown,USA,EUR,25,,US1445771033,CRZO.US,2019-12-20,41630245.25494965,delisted
EBIX.US,Ebix Inc,Unknown,USA,EUR,25,,US2787152063,EBIX.US,2024-02-28,8481506.338845368,delisted
TTPH.US,Tetraphase Pharmaceuticals Inc,Unknown,USA,EUR,25,,US88165N1054,TTPH.US,2020-07-28,21662029.222196475,delisted
PIR.US,Pier 1 Imports Inc,Unknown,USA,EUR,25,,US7202791080,PIR.US,2020-02-14,52582703.2540068,delisted
APT.AU,Afterpay Limited,Unknown,Australia,EUR,25,,AU000000APT1,APT.AU,2022-02-01,37930741.048617736,delisted
CFMS.US,ConforMIS Inc,Unknown,USA,EUR,25,,US20717E1010,CFMS.US,2023-09-14,11844970.067822402,delisted
CHL.US,China Mobile Limited,Unknown,USA,EUR,25,,US16941M1099,CHL.US,2021-01-08,29971878.80113675,delisted
STAR.US,istar Inc,Unknown,USA,EUR,25,,US45031U1016,STAR.US,2023-03-30,35925572.23573139,delisted
DF.US,Dean Foods Company,Unknown,USA,EUR,25,,US2423702032,DF.US,2020-10-08,46940156.81538461,delisted
CCL.LSE,Carnival PLC,Unknown,UK,EUR,25,,GB0031215220,CCL.LSE,2026-05-06,19600177.70931684,delisted
007570.KO,Ilyang Pharm,Unknown,South Korea,EUR,25,,KR7007570005,007570.KO,2025-11-12,977027.5191331815,delisted
FSB.US,Franklin Financial Network Inc,Unknown,USA,EUR,25,,US35352P1049,FSB.US,2021-05-06,1694023.2784340775,delisted
AMAG.US,AMAG Pharmaceuticals Inc,Unknown,USA,EUR,25,,US00163U1060,AMAG.US,2020-11-16,9739628.167413838,delisted
MIC.US,Macquarie Infrastructure Co,Unknown,USA,EUR,25,,US55608B1052,MIC.US,2022-08-03,16839972.847491622,delisted
ALS30.PA,Solutions 30 SE,Unknown,France,EUR,25,,FR0013379484,ALS30.PA,2021-01-27,1874978.075,delisted
APY.US,ChampionX Corporation,Unknown,USA,EUR,25,,US15872M1045,APY.US,2020-10-22,16774666.286651067,delisted
EXPC.US,Experience Investment Corp,Unknown,USA,EUR,25,,US30217C1099,EXPC.US,2021-05-11,261983.86948950603,delisted
BLDE.US,Blade Air Mobility Inc,Unknown,USA,EUR,25,,US0926671043,BLDE.US,2025-10-30,1835325.2358964065,delisted
FARO.US,FARO Technologies Inc,Unknown,USA,EUR,25,,US3116421021,FARO.US,2025-07-18,3513830.328146144,delisted
001570.KO,Kumyang,Unknown,South Korea,EUR,25,,KR7001570001,001570.KO,2025-11-12,874215.726071883,delisted
REV.US,Revlon Inc,Unknown,USA,EUR,25,,US7615256093,REV.US,2022-12-22,1725706.3835542332,delisted
CS.US,Credit Suisse Group,Unknown,USA,EUR,25,,US2254011081,CS.US,2023-06-13,34844843.55261472,delisted
TLRD.US,Tailored Brands Inc,Unknown,USA,EUR,25,,US87403A1079,TLRD.US,2020-07-31,14296486.863490649,delisted
MWK.US,Mohawk Group Holdings Inc,Unknown,USA,EUR,25,,US02156U1016,MWK.US,2021-07-01,5834663.248489287,delisted
GRUB.US,GrubHub Inc,Unknown,USA,EUR,25,,US48214T3059,GRUB.US,2022-05-13,885758.018192143,delisted
AMED.US,Amedisys Inc,Unknown,USA,EUR,25,,US0234361089,AMED.US,2025-08-14,31107299.880480047,delisted
QEP.US,QEP Resources Inc,Unknown,USA,EUR,25,,US74733V1008,QEP.US,2021-03-18,30369384.591743525,delisted
NCR.US,NCR Corp,Unknown,USA,EUR,25,,US62886E1082,NCR.US,2023-12-18,30716864.87335591,delisted
BVXV.US,BiondVax Pharmaceuticals Ltd ADR,Unknown,USA,EUR,25,,US09073Q1058,BVXV.US,2023-11-08,6069234.603061588,delisted
ETWO.US,E2open Parent Holdings Inc,Unknown,USA,EUR,25,,US29788T1034,ETWO.US,2025-08-01,8084707.993731834,delisted
BPL.US,Buckeye Partners L.P,Unknown,USA,EUR,25,,US1182301010,BPL.US,2020-07-08,24466261.52317282,delisted
GSKY.US,GreenSky Inc,Unknown,USA,EUR,25,,US39572G1004,GSKY.US,2022-04-07,6541336.025498867,delisted
HAIR.US,Restoration Robotics Inc,Unknown,USA,EUR,25,,US76133C1036,HAIR.US,2019-11-13,52778691.301000774,delisted
CJ.US,C&J Energy Services Inc,Unknown,USA,EUR,25,,US12674R1005,CJ.US,2019-10-30,13150818.46262879,delisted
NEX.US,Nextier Oilfield Solutions Inc,Unknown,USA,EUR,25,,US65290C1053,NEX.US,2023-09-06,10703231.334673544,delisted
EVR.LSE,EVRAZ plc,Unknown,UK,EUR,25,,GB00B71N6K86,EVR.LSE,2022-03-22,11270536.480724089,delisted
ACRX.US,AcelRx Pharmaceuticals Inc,Unknown,USA,EUR,25,,US00444T1007,ACRX.US,2024-03-12,17266075.614685077,delisted
CMPO.US,"CompoSecure, Inc.",Unknown,USA,EUR,25,,US20459V1052,CMPO.US,2026-01-22,2459990.4361162996,delisted
GTHX.US,G1 Therapeutics Inc,Unknown,USA,EUR,25,,US3621LQ1099,GTHX.US,2024-09-17,6011510.318559275,delisted
EEP.US,Enbridge Energy Partners L.P,Unknown,USA,EUR,25,,US29250R1068,EEP.US,2018-12-19,16627352.755170489,delisted
TELL.US,Tellurian Inc,Unknown,USA,EUR,25,,US87968A1043,TELL.US,2024-10-08,12245314.316430371,delisted
SLGG.US,Super League Gaming Inc,Unknown,USA,EUR,25,,US86804F2020,SLGG.US,2023-11-10,5999644.138699404,delisted
VICL.US,Vical Incorporated,Unknown,USA,EUR,25,,US9256021042,VICL.US,2019-09-06,38750461.992396,delisted
ARPO.US,Aerpio Pharmaceuticals Inc,Unknown,USA,EUR,25,,US00810B1052,ARPO.US,2022-02-18,2639672.2501345775,delisted
CUK.US,Carnival Plc ADS,Unknown,USA,EUR,25,,US14365C1036,CUK.US,2026-05-07,21628900.309859153,delisted
RMO.US,Romeo Power Inc,Unknown,USA,EUR,25,,US7761531083,RMO.US,2022-10-14,5544793.101023256,delisted
SRCI.US,SRC Energy Inc,Unknown,USA,EUR,25,,US78470V1089,SRCI.US,2020-01-14,19604777.897574123,delisted
LTHM.US,Livent Corp,Unknown,USA,EUR,25,,US53814L1089,LTHM.US,2024-01-03,18354003.79535419,delisted
QTT.US,Qutoutiao Inc,Unknown,USA,EUR,25,,US74915J2069,QTT.US,2023-04-21,22929520.788278352,delisted
ADMS.US,Adamas Pharmaceuticals Inc,Unknown,USA,EUR,25,,US00548A1060,ADMS.US,2021-11-24,2355420.749207765,delisted
SMLR.US,Semler Scientific Inc,Unknown,USA,EUR,25,,US81684M1045,SMLR.US,2026-01-15,933070.8077660054,delisted
ENG.US,ENGlobal Corporation,Unknown,USA,EUR,25,,US2933061069,ENG.US,2024-12-05,379305.6108318802,delisted
IMAB.US,I-Mab,Unknown,USA,EUR,25,,US44975P1030,IMAB.US,2025-12-31,1617160.611526239,delisted
CDMO.US,Avid Bioservices Inc,Unknown,USA,EUR,25,,US05368M1062,CDMO.US,2025-02-04,3924670.208596005,delisted
RCDO.LSE,Ricardo,Unknown,UK,EUR,25,,GB0007370074,RCDO.LSE,2025-10-08,188952.7697119056,delisted
EO.PA,Faurecia S.E.,Unknown,France,EUR,25,,FR0000121147,EO.PA,2023-08-03,22444100.517,delisted
AAN.US,The Aaron's Company Inc.,Unknown,USA,EUR,25,,US00258W1080,AAN.US,2024-10-03,3664407.829727427,delisted
FGEN.US,FibroGen Inc,Unknown,USA,EUR,25,,US31572Q8087,FGEN.US,2026-01-09,12781068.44721606,delisted
WBAI.US,500.com Ltd,Unknown,USA,EUR,25,,US0554741001,WBAI.US,2021-06-21,7369682.188930093,delisted
SPPI.US,Spectrum Pharmaceuticals Inc,Unknown,USA,EUR,25,,US84763A1088,SPPI.US,2023-08-04,5787399.67380676,delisted
EXPI.US,eXp World Holdings Inc,Unknown,USA,EUR,25,,US30212W1009,EXPI.US,2026-05-07,7893326.292296351,delisted
OHRP.US,OHR Pharmaceutical Inc,Unknown,USA,EUR,25,,US67778H2004,OHRP.US,2019-10-08,25147128.705480527,delisted
INT.US,World Fuel Services Corporation,Unknown,USA,EUR,25,,US9814751064,INT.US,2023-08-17,11848256.612443017,delisted
DCT.US,Duck Creek Technologies Inc,Unknown,USA,EUR,25,,US2641201064,DCT.US,2023-04-06,13111766.773772638,delisted
DUFN.SW,Dufry AG,Unknown,Switzerland,EUR,25,,CH0023405456,DUFN.SW,2023-11-08,19598274.78973391,delisted
COMM.US,CommScope Holding Co Inc,Unknown,USA,EUR,25,,US20337X1090,COMM.US,2026-01-13,29372794.361118313,delisted
SOL.US,Emeren Group Ltd,Unknown,USA,EUR,25,,US75971T3014,SOL.US,2025-12-12,334087.25418968406,delisted
DM.US,Desktop Metal Inc,Unknown,USA,EUR,25,,US25058X3035,DM.US,2025-04-01,4315888.562377494,delisted
SYNH.US,Syneos Health Inc,Unknown,USA,EUR,25,,US87166B1026,SYNH.US,2023-09-29,32446929.309162177,delisted
VMEO.US,Vimeo Inc,Unknown,USA,EUR,25,,US92719V1008,VMEO.US,2025-11-26,7521595.095329803,delisted
SGRE.MC,Siemens Gamesa Renewable Energy S.A.,Unknown,Spain,EUR,25,,ES0143416115,SGRE.MC,2023-02-08,27343874.16,delisted
RCII.US,Rent-A-Center Inc,Unknown,USA,EUR,25,,US76009N1000,RCII.US,2023-04-28,15509311.20640771,delisted
GBOX.US,Greenbox Pos,Unknown,USA,EUR,25,,US39366L2088,GBOX.US,2022-10-21,17144314.33239539,delisted
RTIX.US,RTI Surgical Holdings Inc,Unknown,USA,EUR,25,,US74975N1054,RTIX.US,2021-01-28,17748091.67912307,delisted
BKIA.MC,Bankia S.A,Unknown,Spain,EUR,25,,ES0113307062,BKIA.MC,2021-03-26,14468229.1082,delisted
MNTV.US,Momentive Global Inc,Unknown,USA,EUR,25,,US78489X1037,MNTV.US,2023-06-09,14271830.385000104,delisted
NYMT.US,New York Mortgage Trust Inc,Unknown,USA,EUR,25,,US6496048405,NYMT.US,2025-09-02,3975540.955527626,delisted
THS.US,Treehouse Foods Inc,Unknown,USA,EUR,25,,US89469A1043,THS.US,2026-02-10,18731379.757816736,delisted
CHU.US,China Unicom (Hong Kong) Limited,Unknown,USA,EUR,25,,US16945R1041,CHU.US,2021-01-08,3094731.4327849667,delisted
AMWD.US,American Woodmark Corporation,Unknown,USA,EUR,25,,US0305061097,AMWD.US,2026-05-28,8047439.796169969,delisted
OMI.US,Owens & Minor Inc,Unknown,USA,EUR,25,,US6907321029,OMI.US,2026-03-04,12699143.415110229,delisted
SNH.US,Diversified Healthcare Trust,Unknown,USA,EUR,25,,US81721M1099,SNH.US,2019-12-31,18583176.4330286,delisted
CKPT.US,Checkpoint Therapeutics Inc,Unknown,USA,EUR,25,,US1628281073,CKPT.US,2025-05-29,520218.97593160486,delisted
AWC.AU,Alumina Ltd,Unknown,Australia,EUR,25,,AU000000AWC3,AWC.AU,2024-08-02,13035120.253086036,delisted
PSTI.US,Pluristem,Unknown,USA,EUR,25,,US72940R3003,PSTI.US,2022-09-26,12045855.670103092,delisted
NVRO.US,Nevro Corp,Unknown,USA,EUR,25,,US64157F1030,NVRO.US,2025-04-02,23664934.93314734,delisted
RLGY.US,Realogy Holdings Corp,Unknown,USA,EUR,25,,US75605Y1064,RLGY.US,2022-08-10,22997747.940277033,delisted
JCP.US,J. C. Penney Company Inc,Unknown,USA,EUR,25,,US7081601061,JCP.US,2020-05-18,21610103.026644822,delisted
ODP.US,ODP Corp,Unknown,USA,EUR,25,,US88337F1057,ODP.US,2025-12-17,12472934.16053215,delisted
AVEO.US,AVEO Pharmaceuticals Inc,Unknown,USA,EUR,25,,US0535883070,AVEO.US,2023-01-20,5234081.033554639,delisted
CTK.US,CooTek (Cayman) Inc,Unknown,USA,EUR,25,,US21718L2016,CTK.US,2022-07-21,3357228.3550770916,delisted
JAMF.US,Jamf Holding,Unknown,USA,EUR,25,,US47074L1052,JAMF.US,2026-01-29,9285862.24596872,delisted
SYN.US,Synthetic Biologics Inc,Unknown,USA,EUR,25,,US87164U2015,SYN.US,2022-10-12,3656255.051689688,delisted
NVEI.TO,Nuvei Corp,Unknown,Canada,EUR,25,,CA67079A1021,NVEI.TO,2024-11-18,7824490.877985355,delisted
QRTEA.US,Qurate Retail Inc Series A,Unknown,USA,EUR,25,,US74915M1009,QRTEA.US,2025-02-21,13356923.588604463,delisted
MOR.XETRA,Morphosys AG O.N.,Unknown,Germany,EUR,25,,DE0006632003,MOR.XETRA,2024-08-20,10022374.54,delisted
OZON.US,Ozon Holdings PLC,Unknown,USA,EUR,25,,US69269L1044,OZON.US,2023-11-27,1217642.0422666916,delisted
NLNK.US,NewLink Genetics Corporation,Unknown,USA,EUR,25,,US6515111077,NLNK.US,2020-03-18,14152861.701277956,delisted
BRFS.US,BRF SA ADR,Unknown,USA,EUR,25,,US10552T1079,BRFS.US,2025-09-22,9884083.337864237,delisted
TBK.US,Triumph Bancorp Inc,Unknown,USA,EUR,25,,US89679E3009,TBK.US,2023-02-02,5796420.542995617,delisted
MCEP.US,Mid-Con Energy Partners LP,Unknown,USA,EUR,25,,US59560V2088,MCEP.US,2021-01-21,8784063.712657437,delisted
JMEI.US,Jumei Intl Hldg Ltd,Unknown,USA,EUR,25,,US48138L1070,JMEI.US,2020-04-14,12043284.210526315,delisted
OLO.US,Olo Inc,Unknown,USA,EUR,25,,US68134L1098,OLO.US,2025-09-11,8335260.37549548,delisted
RENB.US,Renovaro Biosciences Inc,Unknown,USA,EUR,25,,US29350E1047,RENB.US,2025-09-30,187311.64734890196,delisted
OVAS.US,OvaScience Inc,Unknown,USA,EUR,25,,US69014Q1013,OVAS.US,2018-12-07,56888967.9035408,delisted
WDR.US,Waddell & Reed Financial Inc,Unknown,USA,EUR,25,,US9300591008,WDR.US,2021-06-18,12870551.28792765,delisted
CATB.US,Catabasis Pharmaceuticals Inc,Unknown,USA,EUR,25,,US04635X1028,CATB.US,2021-11-10,8742041.357516762,delisted
006390.KO,Hyundai Cement,Unknown,South Korea,EUR,25,,KR7006390009,006390.KO,2026-01-05,255520.76456590157,delisted
AERI.US,Aerie Pharmaceuticals Inc.,Unknown,USA,EUR,25,,US00771V1089,AERI.US,2022-11-18,13413122.096693017,delisted
TCRR.US,Tcr2 Therapeutics Inc,Unknown,USA,EUR,25,,US87808K1060,TCRR.US,2023-06-01,1365759.9341446552,delisted
011810.KO,STX Corporation,Unknown,South Korea,EUR,25,,KR7011810009,011810.KO,2025-11-12,324128.5989090912,delisted
PMO.LSE,Premier Oil plc,Unknown,UK,EUR,25,,GB00B43G0577,PMO.LSE,2021-03-31,5980677.238588729,delisted
ENIA.US,Enel Americas SA ADR,Unknown,USA,EUR,25,,US29274F1049,ENIA.US,2022-07-20,7304023.137320176,delisted
XGTI.US,Vislink Technologies Inc,Unknown,USA,EUR,25,,US98372A7054,XGTI.US,2020-07-10,128083719.02210316,delisted
VAR1.XETRA,Varta AG,Unknown,Germany,EUR,25,,DE000A0TGJ55,VAR1.XETRA,2025-03-11,4453470.11395,delisted
VVNT.US,Vivint Smart Home,Unknown,USA,EUR,25,,US9285421098,VVNT.US,2023-03-09,3633817.293820694,delisted
SNSS.US,Sunesis Pharmaceuticals Inc,Unknown,USA,EUR,25,,US8673288747,SNSS.US,2021-03-02,9321795.07582596,delisted
EQC.US,Equity Commonwealth,Unknown,USA,EUR,25,,US2946281027,EQC.US,2025-05-05,12604567.19846019,delisted
ECR.US,Eclipse Resources Corporation,Unknown,USA,EUR,25,,US27890G1004,ECR.US,2019-06-28,20214432.82200476,delisted
MKGI.US,NextPlay Technologies Inc,Unknown,USA,EUR,25,,US65344G1022,MKGI.US,2022-02-18,693182.5639377113,delisted
MGTA.US,Magenta Therapeutics Inc,Unknown,USA,EUR,25,,US55910K1088,MGTA.US,2023-09-11,13116474.644545585,delisted
2INV.XETRA,2invest AG,Unknown,Germany,EUR,25,,DE000A3H3L44,2INV.XETRA,2026-01-06,56494.7,delisted
ETNB.US,89bio Inc,Unknown,USA,EUR,25,,US2825591033,ETNB.US,2025-10-30,4287882.95423652,delisted
SLRN.US,"ACELYRIN, INC. Common Stock",Unknown,USA,EUR,25,,US00445A1007,SLRN.US,2025-05-22,4772826.366750635,delisted
CCC.WAR,CCC S.A.,Unknown,Poland,EUR,25,,PLCCC0000016,CCC.WAR,2026-02-18,4001153.372134013,delisted
RVNC.US,"Revance Therapeutics, Inc.",Unknown,USA,EUR,25,,US7613301099,RVNC.US,2025-02-06,7894205.924114907,delisted
ITOS.US,Iteos Therapeutics Inc,Unknown,USA,EUR,25,,US46565G1040,ITOS.US,2025-08-29,4286887.963573147,delisted
APM.AU,APM Human Services International Ltd,Unknown,Australia,EUR,25,,AU0000187528,APM.AU,2024-09-25,930739.6290491896,delisted
BIGZ.US,Blackrock Innovation & Growth Trust,Unknown,USA,EUR,25,,US09260Q1085,BIGZ.US,2026-01-30,4488567.626686016,delisted
FRAC.US,NexTier Oilfield Solutions Inc,Unknown,USA,EUR,25,,US48669A1088,FRAC.US,2019-11-06,11141070.558592416,delisted
HSE.TO,Husky Energy Inc,Unknown,Canada,EUR,25,,CA4480551031,HSE.TO,2021-01-05,10563177.60285692,delisted
AVTE.US,Aerovate Therapeutics Inc,Unknown,USA,EUR,25,,US0080641071,AVTE.US,2025-04-28,843384.753073943,delisted
001470.KO,Sambu Const,Unknown,South Korea,EUR,25,,KR7001470004,001470.KO,2025-11-12,2035054.151430328,delisted
PRO.US,PROS Holdings Inc,Unknown,USA,EUR,25,,US74346Y1038,PRO.US,2025-12-08,8214212.877502074,delisted
DRI.XETRA,1&1 Drillisch AG,Unknown,Germany,EUR,25,,DE0005545503,DRI.XETRA,2021-08-04,8168439.811349999,delisted
SIR.US,Select Income REIT,Unknown,USA,EUR,25,,US81618T1007,SIR.US,2023-12-13,80951.81439619274,delisted
ASAI.US,Sendas Distribuidora SA,Unknown,USA,EUR,25,,US81689T1043,ASAI.US,2025-01-10,3552670.4853668534,delisted
VERV.US,Verve Therapeutics Inc,Unknown,USA,EUR,25,,US92539P1012,VERV.US,2025-07-25,10856700.286123034,delisted
SQ2.AU,Block Inc,Unknown,Australia,EUR,25,,AU0000187353,SQ2.AU,2025-03-12,12378927.154957715,delisted
DNMR.US,Danimer Scientific Inc,Unknown,USA,EUR,25,,US2362721001,DNMR.US,2025-12-30,1631553.500823929,delisted
VRNT.US,Verint Systems Inc,Unknown,USA,EUR,25,,US92343X1000,VRNT.US,2025-11-26,12471341.0060782,delisted
FANH.US,Fanhua Inc,Unknown,USA,EUR,25,,US30712A1034,FANH.US,2024-10-23,694876.2898008787,delisted
MPLN.US,MultiPlan Corporation,Unknown,USA,EUR,25,,US62548M1009,MPLN.US,2025-02-28,4490328.707340491,delisted
NASA.LSE,Nasstar plc,Unknown,UK,EUR,25,,GB00B0T1S097,NASA.LSE,2020-08-03,852993.5726061057,delisted
TWKS.US,Thoughtworks Holding Inc,Unknown,USA,EUR,25,,US88546E1055,TWKS.US,2024-11-12,4882404.562022302,delisted
LAAC.TO,Lithium Americas (Argentina) Corp.,Unknown,Canada,EUR,25,,CA53681K1003,LAAC.TO,2025-03-28,1418181.6821708144,delisted
CAPC.LSE,Capital & Counties Properties PLC,Unknown,UK,EUR,25,,GB00B62G9D36,CAPC.LSE,2023-03-06,4726807.431728588,delisted
JT.US,Jianpu Technology Inc,Unknown,USA,EUR,25,,US47738D3098,JT.US,2024-02-20,506580.2958134871,delisted
NLS.US,Nautilus Group Inc,Unknown,USA,EUR,25,,US63910B1026,NLS.US,2024-01-02,2685461.3674263484,delisted
0668.HK,Doyen International Holdings Ltd,Unknown,Hong Kong,EUR,25,,HK0000063476,0668.HK,2025-09-30,7153450.719423742,delisted
BLI.US,Berkeley Lights Inc,Unknown,USA,EUR,25,,US0843101017,BLI.US,2023-05-23,9289225.484833809,delisted
ME.US,23Andme Holding Co,Unknown,USA,EUR,25,,US90138Q1085,ME.US,2025-03-28,5385656.446183241,delisted
JNCE.US,Jounce Therapeutics Inc,Unknown,USA,EUR,25,,US4811161011,JNCE.US,2023-05-05,1637480.9539423678,delisted
AMBC.US,Ambac Financial Group Inc,Unknown,USA,EUR,25,,US0231398845,AMBC.US,2025-11-21,4754706.8788539525,delisted
BASE.US,Couchbase Inc,Unknown,USA,EUR,25,,US22207T1016,BASE.US,2025-10-23,6452646.4679196365,delisted
FSIC.US,FS Investment Corporation,Unknown,USA,EUR,25,,US3026351078,FSIC.US,2018-12-21,30510161.14838917,delisted
RYB.US,RYB Education Inc,Unknown,USA,EUR,25,,US74979W1018,RYB.US,2024-04-08,335697.34244124335,delisted
WG.LSE,John Wood Group PLC,Unknown,UK,EUR,25,,GB00B5N0P849,WG.LSE,2026-03-10,6527606.438213915,delisted
THRD.US,Third Harmonic Bio Inc.,Unknown,USA,EUR,25,,US88427A1079,THRD.US,2025-08-13,833643.2179263476,delisted
AT.TO,AcuityAds Holdings Inc,Unknown,Canada,EUR,25,,CA00510L1067,AT.TO,2023-06-15,165079.0192909814,delisted
042670.KO,Hyundai Doosan Infracore Co Ltd,Unknown,South Korea,EUR,25,,KR7042670000,042670.KO,2026-01-23,10110250.118177278,delisted
SUMO.US,Sumo Logic Inc,Unknown,USA,EUR,25,,US86646P1030,SUMO.US,2023-05-15,13427697.646348825,delisted
CHRA.US,Charah Solutions Inc,Unknown,USA,EUR,25,,US15957P1057,CHRA.US,2023-07-17,1205412.6043202556,delisted
047820.KO,Chorokbaem Media Co. Ltd.,Unknown,South Korea,EUR,25,,KR7047820006,047820.KO,2023-06-28,2147021.920414182,delisted
TORC.US,resTORbio Inc,Unknown,USA,EUR,25,,US0070021086,TORC.US,2020-09-16,7823351.602023608,delisted
OCFT.US,Oneconnect Financial Technology Co,Unknown,USA,EUR,25,,US68248T1051,OCFT.US,2025-11-20,563460.3365384616,delisted
AVDX.US,AvidXchange Holdings Inc,Unknown,USA,EUR,25,,US05368X1028,AVDX.US,2025-10-14,13941216.08892238,delisted
CSP.LSE,Countryside Properties PLC,Unknown,UK,EUR,25,,GB00BYPHNG03,CSP.LSE,2022-11-11,3861461.8631772543,delisted
DPLO.US,Diplomat Pharmacy Inc,Unknown,USA,EUR,25,,US25456K1016,DPLO.US,2020-02-07,9299608.489882397,delisted
VTYX.US,Ventyx Biosciences Inc,Unknown,USA,EUR,25,,US92332V1070,VTYX.US,2026-03-06,4186123.4630207377,delisted
LUN.CO,H Lundbeck A/S,Unknown,Denmark,EUR,25,,DK0010287234,LUN.CO,2022-06-09,11355259.844399706,delisted
BT.US,BT Group plc,Unknown,USA,EUR,25,,US05577E1010,BT.US,2020-10-08,8166576.038169371,delisted
TPIC.US,TPI Composites Inc,Unknown,USA,EUR,25,,US87266J1043,TPIC.US,2025-08-18,6186018.769918371,delisted
WIFI.US,Boingo Wireless Inc,Unknown,USA,EUR,25,,US09739C1027,WIFI.US,2021-06-02,6477503.435654272,delisted
PGNX.US,Progenics Pharmaceuticals Inc,Unknown,USA,EUR,25,,US7431871067,PGNX.US,2020-06-22,5118668.924825176,delisted
EPZM.US,Epizyme Inc,Unknown,USA,EUR,25,,US29428V1044,EPZM.US,2022-08-12,6554217.687074831,delisted
VSI.US,Vitamin Shoppe Inc,Unknown,USA,EUR,25,,US92849E1010,VSI.US,2019-12-16,2716094.031648367,delisted
BGFV.US,Big 5 Sporting Goods Corporation,Unknown,USA,EUR,25,,US08915P1012,BGFV.US,2025-10-01,1834332.8125290452,delisted
FLDM.US,Fluidigm Corporation,Unknown,USA,EUR,25,,US34385P1084,FLDM.US,2022-04-05,2648102.2297808607,delisted
XON.US,Precigen Inc,Unknown,USA,EUR,25,,US46122T1025,XON.US,2020-04-16,12205272.468581686,delisted
SILK.US,Silk Road Medical Inc,Unknown,USA,EUR,25,,US82710M1009,SILK.US,2024-09-26,11851313.604115084,delisted
CVRR.US,CVR Refining LP,Unknown,USA,EUR,25,,US12663P1075,CVRR.US,2019-01-28,4605388.807239331,delisted
DMGT.LSE,Daily Mail and General Trust plc,Unknown,UK,EUR,25,,GB0009457366,DMGT.LSE,2022-01-07,4181431.0982361767,delisted
015540.KO,THELMA Therapeutics Co. Ltd,Unknown,South Korea,EUR,25,,KR7015540008,015540.KO,2023-03-24,121404.05999750317,delisted
DEPO.US,Depomed Inc,Unknown,USA,EUR,25,,US2499081048,DEPO.US,2018-08-14,9742915.752523037,delisted
MEET.US,The Meet Group Inc,Unknown,USA,EUR,25,,US58513U1016,MEET.US,2021-05-06,3919338.959978219,delisted
MCRO.LSE,Micro Focus International PLC,Unknown,UK,EUR,25,,GB00BJ1F4N75,MCRO.LSE,2023-01-31,9336308.86936866,delisted
TAHO.US,Tahoe Resources Inc,Unknown,USA,EUR,25,,US8738681035,TAHO.US,2019-02-21,10744886.668431267,delisted
EB.US,Eventbrite Inc Class A,Unknown,USA,EUR,25,,US29975E1091,EB.US,2026-03-09,8413204.830216091,delisted
GOL.US,Gol Linhas Aereas Inteligentes SA ADR,Unknown,USA,EUR,25,,US38045R2067,GOL.US,2024-02-02,6473394.942528735,delisted
TIGO-SDB.ST,Millicom International Cellular S.A,Unknown,Sweden,EUR,25,,SE0001174970,TIGO-SDB.ST,2025-03-17,7285705.919302114,delisted
GLPG.US,Galapagos NV ADR,Unknown,USA,EUR,25,,US36315X1019,GLPG.US,2026-05-07,8024308.9712504335,delisted
BSGM.US,"BioSig Technologies, Inc. Common Stock",Unknown,USA,EUR,25,,US09073N2018,BSGM.US,2025-09-12,2262296.496229538,delisted
IGMS.US,IGM Biosciences Inc,Unknown,USA,EUR,25,,US4495851085,IGMS.US,2025-08-13,3422091.1238543866,delisted
MILE.US,Metromile Inc,Unknown,USA,EUR,25,,US5916971071,MILE.US,2022-07-28,6936067.9931347,delisted
AMPS.US,Altus Power Inc,Unknown,USA,EUR,25,,US02217A1025,AMPS.US,2025-04-15,4052103.8422555984,delisted
C21.LSE,Journeo plc,Unknown,UK,EUR,25,,GB00BKP51V79,C21.LSE,2021-12-20,4452521.581099501,delisted
SNCY.US,Sun Country Airlines Holdings Inc,Unknown,USA,EUR,25,,US8666831057,SNCY.US,2026-05-15,7851600.610597483,delisted
CUF-UN.TO,Cominar Real Estate Investment Trust,Unknown,Canada,EUR,25,,CA1999101001,CUF-UN.TO,2022-03-02,5554717.361444178,delisted
ML.US,MoneyLion Inc,Unknown,USA,EUR,25,,US60938K1060,ML.US,2025-04-16,2833204.08825438,delisted
BCEI.US,Bonanza Creek Energy Inc,Unknown,USA,EUR,25,,US0977934001,BCEI.US,2021-11-19,5634536.458117982,delisted
MEG.US,Montrose Environmental Grp,Unknown,USA,EUR,25,,US6151111019,MEG.US,2026-05-01,6741145.221195114,delisted
DRQ.US,Dril-Quip Inc,Unknown,USA,EUR,25,,US2620371045,DRQ.US,2024-09-09,8405119.774832033,delisted
EVA.US,Enviva Partners LP,Unknown,USA,EUR,25,,US29414J1079,EVA.US,2024-10-03,1790923.4851266986,delisted
VIE.US,Viela Bio Inc,Unknown,USA,EUR,25,,US9266131005,VIE.US,2021-04-29,5173463.980126967,delisted
ADVM.US,Adverum Biotechnologies Inc,Unknown,USA,EUR,25,,US00773U2078,ADVM.US,2025-12-09,1502860.3277762078,delisted
CRGX.US,"CARGO Therapeutics, Inc. Common Stock",Unknown,USA,EUR,25,,US14179K1016,CRGX.US,2025-08-20,3054855.079027636,delisted
KIRK.US,Kirklands Inc,Unknown,USA,EUR,25,,US4974981056,KIRK.US,2025-07-28,986290.9241075526,delisted
PGRE.US,Paramount Group Inc,Unknown,USA,EUR,25,,US69924R1086,PGRE.US,2025-12-18,10150117.173237568,delisted
CNSL.US,Consolidated Communications,Unknown,USA,EUR,25,,US2090341072,CNSL.US,2024-12-26,2883366.225409082,delisted
MSGN.US,MSG Networks Inc,Unknown,USA,EUR,25,,US5535731062,MSGN.US,2021-07-08,8614650.194858141,delisted
NEX.LSE,National Express Group PLC,Unknown,UK,EUR,25,,GB0006215205,NEX.LSE,2023-06-20,2886482.259399084,delisted
HLVX.US,Hillevax Inc,Unknown,USA,EUR,25,,US43157M1027,HLVX.US,2025-09-18,681715.1115383521,delisted
010600.KO,Wellbiotec Co. Ltd.,Unknown,South Korea,EUR,25,,KR7010600005,010600.KO,2025-05-02,731644.7027663616,delisted
CNXM.US,CNX Midstream Partners LP,Unknown,USA,EUR,25,,US12654A1016,CNXM.US,2020-09-28,2528557.758857143,delisted
KIND.US,Nextdoor Holdings Inc,Unknown,USA,EUR,25,,US65345M1080,KIND.US,2025-09-19,3300073.958709301,delisted
043290.KO,Korea Materials & Analysis Corp,Unknown,South Korea,EUR,25,,KR7043290006,043290.KO,2021-07-19,269578.8866717753,delisted
ADTH.US,AdTheorent Holding Company Inc,Unknown,USA,EUR,25,,US00739D1090,ADTH.US,2024-06-18,336333.377298512,delisted
RENN.US,Renren Inc,Unknown,USA,EUR,25,,US7598923008,RENN.US,2023-08-23,734263.2514817951,delisted
BAS.US,Basic Energy Services Inc,Unknown,USA,EUR,25,,US06985P1003,BAS.US,2019-12-02,4530238.159605484,delisted
KAHOT.OL,Kahoot As,Unknown,Norway,EUR,25,,NO0010823131,KAHOT.OL,2024-01-22,4691445.830346688,delisted
B4B.XETRA,Metro AG,Unknown,Germany,EUR,25,,DE000BFB0019,B4B.XETRA,2025-04-17,3811609.456,delisted
CSII.US,Cardiovascular Systems Inc,Unknown,USA,EUR,25,,US1416191062,CSII.US,2023-05-02,7168714.800417181,delisted
LIFE_old1.US,aTyr Pharma Inc,Unknown,USA,EUR,25,,US0021202025,LIFE_old1.US,2024-06-07,692090.3073337561,delisted
HHR.US,HeadHunter Group PLC ADR,Unknown,USA,EUR,25,,US42207L1061,HHR.US,2023-07-11,1288488.5894982289,delisted
VSAR.US,Versartis Inc,Unknown,USA,EUR,25,,US92529L1026,VSAR.US,2018-10-15,9518965.680813506,delisted
INFA.LSE,InfraStrata plc,Unknown,UK,EUR,25,,GB00B28YMP66,INFA.LSE,2021-11-25,2471744.910180192,delisted
DENN.US,Dennys Corp,Unknown,USA,EUR,25,,US24869P1049,DENN.US,2026-01-21,5054886.329931082,delisted
MCF.US,Contango Oil & Gas Company,Unknown,USA,EUR,25,,US21075N2045,MCF.US,2021-12-07,903924.3371599466,delisted
NTCO.US,Natura & Co Holding SA,Unknown,USA,EUR,25,,US63884N1081,NTCO.US,2024-04-12,5066812.901177675,delisted
AKCA.US,Akcea Therapeutics Inc,Unknown,USA,EUR,25,,US00972L1070,AKCA.US,2020-10-12,4500250.85593757,delisted
SINO.US,Singularity Future Technology Ltd.,Unknown,USA,EUR,25,,US82935V2088,SINO.US,2022-01-06,4828166.069868996,delisted
SHB.LSE,Shaftesbury PLC,Unknown,UK,EUR,25,,GB0007990962,SHB.LSE,2023-03-03,2927378.5370853245,delisted
LOGC_old1.US,LogicBio Therapeutics Inc,Unknown,USA,EUR,25,,US54142F1021,LOGC_old1.US,2020-12-14,9967133.971409123,delisted
AA.LSE,AA PLC,Unknown,UK,EUR,25,,GB00BMSKPJ95,AA.LSE,2021-03-09,2141063.2685352624,delisted
KERX.US,Keryx Biopharmaceuticals Inc,Unknown,USA,EUR,25,,US4925151015,KERX.US,2018-12-12,5346171.957868315,delisted
ROO.LSE,Deliveroo Holdings PLC,Unknown,UK,EUR,25,,GB00BNC5T391,ROO.LSE,2025-10-03,4423949.183581646,delisted
DS.US,Drive Shack Inc,Unknown,USA,EUR,25,,US2620771004,DS.US,2023-03-03,1307395.950264112,delisted
SFET.TA,Safe-T Group Ltd,Unknown,Israel,EUR,25,,IL0010838568,SFET.TA,2023-03-28,7474574.419381503,delisted
KLDX.US,Klondex Mines Ltd,Unknown,USA,EUR,25,,US4986961039,KLDX.US,2018-07-20,2963766.9735675836,delisted
AEY.US,ADDvantage Technologies Group Inc,Unknown,USA,EUR,25,,US0067433062,AEY.US,2024-02-12,333839.73766857566,delisted
LJPC.US,La Jolla Pharmaceutical Co,Unknown,USA,EUR,25,,US5034596040,LJPC.US,2022-08-22,3012114.9512843224,delisted
TGOD.TO,The Green Organic Dutchman Holdings Ltd,Unknown,Canada,EUR,25,,CA3932102088,TGOD.TO,2021-09-10,1208475.715099783,delisted
TRUE.US,TrueCar Inc,Unknown,USA,EUR,25,,US89785L1070,TRUE.US,2026-01-21,2329449.283259284,delisted
MCC.US,PhenixFIN Corporation,Unknown,USA,EUR,25,,US58503F5026,MCC.US,2021-02-01,8593689.707317073,delisted
CGC.AU,Costa Group Holdings Ltd,Unknown,Australia,EUR,25,,AU000000CGC2,CGC.AU,2024-02-08,3283583.772448918,delisted
VII.TO,Seven Generations Energy Ltd,Unknown,Canada,EUR,25,,CA81783Q1054,VII.TO,2021-04-07,6949872.028267702,delisted
HCLP.US,Hi-Crush Partners LP,Unknown,USA,EUR,25,,US4283371098,HCLP.US,2019-06-03,13473164.195568848,delisted
LTRPA.US,"Liberty TripAdvisor Holdings, Inc",Unknown,USA,EUR,25,,US5314651028,LTRPA.US,2025-03-21,2512492.0260158125,delisted
WPCT.LSE,Schroder UK Public Private Trust plc,Unknown,UK,EUR,25,,GB00BVG1CF25,WPCT.LSE,2019-12-12,1308846.3261648745,delisted
FRGE.US,Forge Global Holdings Inc,Unknown,USA,EUR,25,,US34629L2025,FRGE.US,2026-03-03,793567.9934513456,delisted
NEWM.US,Gannett Co. Inc,Unknown,USA,EUR,25,,US64704V1061,NEWM.US,2019-11-19,4218459.179209239,delisted
CKH.US,Seacor Holdings Inc,Unknown,USA,EUR,25,,US8119041015,CKH.US,2021-04-15,3984103.347649613,delisted
CSPR.US,Casper Sleep Inc,Unknown,USA,EUR,25,,US1476261052,CSPR.US,2022-01-24,3224423.0146170435,delisted
TEDU.US,Tarena Intl Adr,Unknown,USA,EUR,25,,US8761081012,TEDU.US,2024-03-12,1489581.2159290398,delisted
BABY.US,"PishPosh, Inc. Common Stock",Unknown,USA,EUR,25,,US6390501038,BABY.US,2020-10-08,6506808.771929825,delisted
ASHTY.US,Ashtead Gro,Unknown,USA,EUR,25,,US0450551009,ASHTY.US,2025-12-31,972323.48413517,delisted
TSVT.US,2Seventy Bio Inc,Unknown,USA,EUR,25,,US9013841070,TSVT.US,2025-05-22,4459248.226808255,delisted
LOTZ.US,Carlotz Inc,Unknown,USA,EUR,25,,US1425521085,LOTZ.US,2022-12-16,1638520.1594218896,delisted
IAS.US,Integral Ad Science Holding LLC,Unknown,USA,EUR,25,,US45828L1089,IAS.US,2025-12-24,7223866.5678948015,delisted
BNFT.US,Benefitfocus Inc,Unknown,USA,EUR,25,,US08180D1063,BNFT.US,2023-01-26,4287978.877915179,delisted
COP.XETRA,CompuGroup Medical SE & Co. KGaA,Unknown,Germany,EUR,25,,DE000A288904,COP.XETRA,2025-06-24,2797262.1290499996,delisted
NBLX.US,Noble Midstream Partners LP,Unknown,USA,EUR,25,,US65506L1052,NBLX.US,2021-05-11,4136057.948581059,delisted
EHAB.US,Enhabit Inc.,Unknown,USA,EUR,25,,US29332G1022,EHAB.US,2026-05-14,4606331.918035814,delisted
GBIO.US,Generation Bio Co,Unknown,USA,EUR,25,,US37148K1007,GBIO.US,2026-02-10,863984.9937473948,delisted
HSKA.US,Heska Corporation,Unknown,USA,EUR,25,,US42805E3062,HSKA.US,2023-06-13,6501764.4352878025,delisted
IIN.US,IntriCon Corporation,Unknown,USA,EUR,25,,US46121H1095,IIN.US,2022-05-24,939592.8533563622,delisted
PMGYF.US,Perpetual Energy Inc,Unknown,USA,EUR,25,,US6992191014,PMGYF.US,2024-11-04,75111.63252414043,delisted
PPDF.US,FinVolution Group,Unknown,USA,EUR,25,,US69354V1089,PPDF.US,2019-12-03,3380659.787133479,delisted
BRY.US,Berry Petroleum Corp,Unknown,USA,EUR,25,,US08579X1019,BRY.US,2025-12-17,2844617.2294251267,delisted
AADI.US,Aadi Bioscience Inc,Unknown,USA,EUR,25,,US00032Q1040,AADI.US,2025-03-19,509182.7192818403,delisted
DNAY.US,Codex DNA Inc,Unknown,USA,EUR,25,,US1920031010,DNAY.US,2023-03-07,8365465.283320033,delisted
ZY.US,Zymergen Inc,Unknown,USA,EUR,25,,US98985X1000,ZY.US,2022-10-19,4782999.753789756,delisted
PIP.US,PharmAthene Inc,Unknown,USA,EUR,25,,US02155H1014,PIP.US,2019-12-26,374647.6467070983,delisted
TROV.US,Cardiff Oncology Inc,Unknown,USA,EUR,25,,US14147L1089,TROV.US,2020-10-21,3374869.8500303687,delisted
RNN.US,Rexahn Pharmaceuticals Inc,Unknown,USA,EUR,25,,US7616401011,RNN.US,2019-06-28,16974517.656593308,delisted
BWX.AU,BWX Ltd,Unknown,Australia,EUR,25,,AU000000BWX7,BWX.AU,2024-04-30,513144.533120813,delisted
CPLG.US,CorePoint Lodging Inc,Unknown,USA,EUR,25,,US21872L1044,CPLG.US,2022-03-03,2250044.9335477864,delisted
MTCR.US,Metacrine Inc,Unknown,USA,EUR,25,,US59101E1038,MTCR.US,2024-09-06,138234.5933240686,delisted
KLR.US,Kaleyra Inc,Unknown,USA,EUR,25,,US4833791035,KLR.US,2023-10-04,1471671.13907922,delisted
AHH.US,Armada Hflr Pr,Unknown,USA,EUR,25,,US04208T1088,AHH.US,2026-05-01,2493367.041530243,delisted
RXMD.US,Progressive Care Inc,Unknown,USA,EUR,25,,US74332G1085,RXMD.US,2024-09-30,3819148.0607633623,delisted
OBNK.US,Origin Bancorp Inc,Unknown,USA,EUR,25,,US68621T1025,OBNK.US,2026-02-05,1918208.4954351052,delisted
VLTA.US,Volta Industries Inc,Unknown,USA,EUR,25,,US92873V1026,VLTA.US,2023-04-04,6173639.742873114,delisted
CTAC.US,Cerberus Telecom Acquisition Corp,Unknown,USA,EUR,25,,US50066V1070,CTAC.US,2022-02-18,332206.535034073,delisted
HNL.TO,Dexterra Group Inc,Unknown,Canada,EUR,25,,CA2523711091,HNL.TO,2021-12-17,617353.3588342441,delisted
ONTF.US,ON24 Inc,Unknown,USA,EUR,25,,US68339B1044,ONTF.US,2026-03-31,1883515.3096386727,delisted
KORI.PA,Clariane,Unknown,France,EUR,25,,FR0010386334,KORI.PA,2023-06-23,3389389.3182,delisted
FFWM.US,First Foundation Inc.,Unknown,USA,EUR,25,,US32026V1044,FFWM.US,2026-03-31,2550146.5266131167,delisted
SEMR.US,Semrush Holdings Inc,Unknown,USA,EUR,25,,US81686C1045,SEMR.US,2026-04-27,4471940.792497932,delisted
HYZN.US,Hyzon Motors Inc,Unknown,USA,EUR,25,,US44951Y1029,HYZN.US,2025-04-10,1289860.149970475,delisted
HMST.US,HomeStreet Inc,Unknown,USA,EUR,25,,US43785V1026,HMST.US,2025-08-29,2910438.38946394,delisted
AGTI.US,Agiliti Inc,Unknown,USA,EUR,25,,US00848J1043,AGTI.US,2024-05-06,3119000.1472278754,delisted
TIVO.US,TiVo Corporation,Unknown,USA,EUR,25,,US88870P1066,TIVO.US,2020-05-29,7987985.942093898,delisted
SSI.US,Stage Stores Inc,Unknown,USA,EUR,25,,US85254C3051,SSI.US,2020-05-08,303394.6683199008,delisted
KNL.US,Knoll Inc,Unknown,USA,EUR,25,,US4989042001,KNL.US,2021-12-20,4508773.024467523,delisted
APRI.US,Apricus Biosciences Inc,Unknown,USA,EUR,25,,US03832V3078,APRI.US,2019-01-23,7084442.857142857,delisted
VLRX.US,Valeritas Holdings Inc,Unknown,USA,EUR,25,,US91914N2027,VLRX.US,2020-02-19,1701862.3191242078,delisted
SHA.XETRA,Schaeffler AG Pref,Unknown,Germany,EUR,25,,DE000SHA0159,SHA.XETRA,2024-09-24,3668757.353899999,delisted
SDIG.US,Stronghold Digital Mining Inc,Unknown,USA,EUR,25,,US86337R1032,SDIG.US,2025-03-14,1596662.2044379776,delisted
MODV.US,ModivCare Inc,Unknown,USA,EUR,25,,US60783X1046,MODV.US,2025-09-04,4516547.027279531,delisted
HOFV.US,Hall of Fame Resort Entertainment Co,Unknown,USA,EUR,25,,US40619L1026,HOFV.US,2026-01-02,93592.53685139772,delisted
TIXT.TO,TELUS International,Unknown,Canada,EUR,25,,CA87975H1001,TIXT.TO,2025-11-03,1458675.5183571652,delisted
VLD.US,Velo3D Inc,Unknown,USA,EUR,25,,US92259N1046,VLD.US,2024-11-13,2599396.2273026626,delisted
CIOXY.US,Cielo SA,Unknown,USA,EUR,25,,US1717782023,CIOXY.US,2024-09-13,111409.09720430106,delisted
TKTT.PA,Tarkett SA,Unknown,France,EUR,25,,FR0004188670,TKTT.PA,2025-12-22,480718.35,delisted
CIM.AU,CIMIC Group Limited,Unknown,Australia,EUR,25,,AU000000CIM7,CIM.AU,2022-05-11,7102310.973931179,delisted
MFGP.US,Micro Focus International PLC ADR,Unknown,USA,EUR,25,,US5948374039,MFGP.US,2023-01-30,4398744.299519959,delisted
HEB.US,Hemispherx Biopharma Inc,Unknown,USA,EUR,25,,US42366C3016,HEB.US,2019-09-06,2824216.884066769,delisted
PGS.OL,PGS ASA,Unknown,Norway,EUR,25,,NO0010199151,PGS.OL,2024-07-22,4833560.974934205,delisted
ZFGN.US,Zafgen Inc,Unknown,USA,EUR,25,,US98885E1038,ZFGN.US,2020-05-28,5696038.397179097,delisted
FMTX.US,Forma Therapeutics Holdings Inc,Unknown,USA,EUR,25,,US34633R1041,FMTX.US,2022-10-21,5733014.480803917,delisted
0647.HK,JOYCE BOUTIQUE,Unknown,Hong Kong,EUR,25,,HK0000517349,0647.HK,2021-12-17,1786290.3192735794,delisted
TH.TO,Theratechnologies Inc.,Unknown,Canada,EUR,25,,CA88338H1001,TH.TO,2025-09-26,447020.2913907285,delisted
LFC.US,China Life Insurance Company,Unknown,USA,EUR,25,,US16939P1066,LFC.US,2022-11-03,4390205.139500733,delisted
015020.KO,E-Starco,Unknown,South Korea,EUR,25,,KR7015020001,015020.KO,2026-03-13,108327.53402385996,delisted
SGC.LSE,Stagecoach Group PLC,Unknown,UK,EUR,25,,GB00B6YTLS95,SGC.LSE,2022-06-27,1598851.9362186787,delisted
LTM_old1.US,LATAM Airlines Group S.A.,Unknown,USA,EUR,25,,US51817R1068,LTM_old1.US,2024-07-31,1152151.1273332748,delisted
TDCX.US,TDCX Inc ADR,Unknown,USA,EUR,25,,US87190U1007,TDCX.US,2024-06-18,990841.1214953272,delisted
JUST.LSE,Just Group plc,Unknown,UK,EUR,25,,GB00BCRX1J15,JUST.LSE,2026-04-15,1872026.8120307631,delisted
EMKR.US,EMCORE Corporation,Unknown,USA,EUR,25,,US2908462037,EMKR.US,2025-02-28,531882.9705259101,delisted
LKSD.US,LSC Communications Inc,Unknown,USA,EUR,25,,US50218P1075,LKSD.US,2019-12-27,2869301.6612713514,delisted
TV.TO,Trevali Mining Corporation,Unknown,Canada,EUR,25,,CA89531J7868,TV.TO,2022-10-03,2216065.355195428,delisted
EEQ.US,Enbridge Energy Management L.L.C,Unknown,USA,EUR,25,,US29250X1037,EEQ.US,2018-12-20,4685625.501647234,delisted
FVE.US,Five Star Senior Living Inc,Unknown,USA,EUR,25,,US33832D2053,FVE.US,2022-03-31,1219864.8757555406,delisted
EXTN.US,Exterran Corp,Unknown,USA,EUR,25,,US30227H1068,EXTN.US,2022-10-28,2205293.6856875587,delisted
MITC.US,Meatech 3D Ltd,Unknown,USA,EUR,25,,US5834351026,MITC.US,2022-10-04,1811016.0534736188,delisted
009410.KO,Taeyoung Const,Unknown,South Korea,EUR,25,,KR7009410002,009410.KO,2024-03-13,472148.7618912979,delisted
BPT.US,BP Prudhoe Bay Royalty Trust,Unknown,USA,EUR,25,,US0556301077,BPT.US,2025-08-29,1079493.7039591544,delisted
NEUE.US,NeueHealth Inc,Unknown,USA,EUR,25,,US10920V4041,NEUE.US,2025-10-03,466608.9725578346,delisted
OPTN.US,OptiNose,Unknown,USA,EUR,25,,US68404V1008,OPTN.US,2025-05-20,744674.8180206362,delisted
EWCZ.US,European Wax Center Inc,Unknown,USA,EUR,25,,US29882P1066,EWCZ.US,2026-05-15,4467892.376987789,delisted
QIWI.US,QIWI plc,Unknown,USA,EUR,25,,US74735M1080,QIWI.US,2024-09-04,1757651.0807944003,delisted
SHYF.US,Shyft Group Inc,Unknown,USA,EUR,25,,US8256981031,SHYF.US,2025-07-01,3173090.976286346,delisted
IFON.US,Cool Holdings Inc,Unknown,USA,EUR,25,,US4567841071,IFON.US,2018-07-10,5633176.2808176745,delisted
ACA.LSE,Acacia Mining plc,Unknown,UK,EUR,25,,GB00B61D2N63,ACA.LSE,2019-09-17,2177013.889839206,delisted
CPTA.US,Capitala Finance Corp,Unknown,USA,EUR,25,,US5410981097,CPTA.US,2021-09-02,2730204.2504907018,delisted
EUCAR.PA,Europcar Groupe SA,Unknown,France,EUR,25,,FR0012789949,EUCAR.PA,2022-07-11,2467016.84965,delisted
ENFN.US,Enfusion Inc,Unknown,USA,EUR,25,,US2928121043,ENFN.US,2025-04-17,2882603.7901955335,delisted
BRDG.US,Bridge Investment Group Holdings Inc,Unknown,USA,EUR,25,,US10806B1008,BRDG.US,2025-08-29,1568305.1105491137,delisted
JLG.AU,Johns LYNG Group Ltd,Unknown,Australia,EUR,25,,AU000000JLG8,JLG.AU,2025-10-27,1239008.058294042,delisted
FRLN.US,Freeline Therapeutics Holdings Plc,Unknown,USA,EUR,25,,US35655L1070,FRLN.US,2024-02-16,845868.6358370997,delisted
MYTE.US,MYT Netherlands Parent BV,Unknown,USA,EUR,25,,US55406W1036,MYTE.US,2025-07-02,854135.8439811701,delisted
RTN.LSE,Restaurant Group PLC,Unknown,UK,EUR,25,,GB00B0YG1K06,RTN.LSE,2023-12-21,1781937.1700311615,delisted
CHMA.US,Chiasma Inc,Unknown,USA,EUR,25,,US16706W1027,CHMA.US,2021-08-05,647979.4643933822,delisted
SURF.US,Surface Oncology Inc,Unknown,USA,EUR,25,,US86877M2098,SURF.US,2023-09-12,984731.3809320222,delisted
BFR.US,BBVA Banco Francés S.A,Unknown,USA,EUR,25,,US07329M1009,BFR.US,2019-06-28,4562515.395140277,delisted
030790.KO,BK Tops Co Ltd,Unknown,South Korea,EUR,25,,KR7030790000,030790.KO,2023-06-07,1156914.2259414226,delisted
SCU.US,Sculptor Capital Management Inc,Unknown,USA,EUR,25,,US8112461079,SCU.US,2023-11-16,1609245.898760853,delisted
SDLP.US,Seadrill Partners LLC,Unknown,USA,EUR,25,,USY7545W1090,SDLP.US,2019-09-11,5479220.170454546,delisted
EXTO.US,Almacenes Ãxito S.A.,Unknown,USA,EUR,25,,US02028M1053,EXTO.US,2025-03-12,228407.33440959407,delisted
ZAGG.US,ZAGG Inc,Unknown,USA,EUR,25,,US98884U1088,ZAGG.US,2021-02-23,3081026.90585451,delisted
PX.US,P10 Inc,Unknown,USA,EUR,25,,US69376K1060,PX.US,2026-04-14,3032032.5914909644,delisted
VGCX.TO,Victoria Gold Corp,Unknown,Canada,EUR,25,,CA92625W5072,VGCX.TO,2024-09-23,1453563.1400242955,delisted
HLG.US,Hailiang Education Group Inc,Unknown,USA,EUR,25,,US40522L1089,HLG.US,2022-09-22,298760.79971438774,delisted
ANGN.US,Angion Biomedica Corp,Unknown,USA,EUR,25,,US03476J1079,ANGN.US,2023-06-01,1847929.9114730775,delisted
TL5.MC,Mediaset ESP,Unknown,Spain,EUR,25,,ES0152503035,TL5.MC,2023-05-02,3244514.4404999996,delisted
ATHA.US,Athira Pharma Inc,Unknown,USA,EUR,25,,US04746L1044,ATHA.US,2026-03-13,650903.9887753057,delisted
TTS.US,Tile Shop Holdings Inc,Unknown,USA,EUR,25,,US88677Q1094,TTS.US,2020-07-10,3279349.6406826177,delisted
PRTK.US,Paratek Pharmaceuticals Inc,Unknown,USA,EUR,25,,US6993743029,PRTK.US,2023-09-29,1928308.717310087,delisted
SYA.AU,Sayona Mining Ltd,Unknown,Australia,EUR,25,,AU000000SYA5,SYA.AU,2025-11-27,436134.9102058694,delisted
AWE.LSE,Alphawave IP Group PLC,Unknown,UK,EUR,25,,GB00BNDRMJ14,AWE.LSE,2025-12-18,1403556.778108269,delisted
TCS.US,Container Store Group Inc,Unknown,USA,EUR,25,,US2107511030,TCS.US,2024-12-09,1310995.0008987954,delisted
AFTPY.US,Afterpay Limited,Unknown,USA,EUR,25,,US00832J1025,AFTPY.US,2022-02-22,1128061.2134013562,delisted
CVTI.US,Covenant Transportation Group Inc,Unknown,USA,EUR,25,,US22284P1057,CVTI.US,2021-01-28,2102802.893947415,delisted
LIVX.US,LiveXLive Media Inc,Unknown,USA,EUR,25,,US53814X1028,LIVX.US,2021-12-07,449518.55387607176,delisted
REPH.US,Recro Pharma Inc,Unknown,USA,EUR,25,,US75629F1093,REPH.US,2022-05-23,884675.9104330709,delisted
MRNS.US,Marinus Pharmaceuticals Inc,Unknown,USA,EUR,25,,US56854Q1013,MRNS.US,2025-02-11,2043197.2543352605,delisted
ABML.US,American Battery Metals Corp USD,Unknown,USA,EUR,25,,US02451V1017,ABML.US,2023-11-21,224561.060534673,delisted
CPLF.TO,Copperleaf Technologies Inc,Unknown,Canada,EUR,25,,CA21766N1096,CPLF.TO,2024-08-30,173229.4794312538,delisted
QUOT.US,Quotient Technology Inc,Unknown,USA,EUR,25,,US7491191034,QUOT.US,2023-09-05,4395215.076923077,delisted
PFG.LSE,Provident Financial PLC,Unknown,UK,EUR,25,,GB00B1Z4ST84,PFG.LSE,2023-03-03,2280329.7742820727,delisted
JONE.US,Jones Energy Inc,Unknown,USA,EUR,25,,US48019R1086,JONE.US,2018-11-26,15287092.638502404,delisted
HYVE.LSE,Hyve Group PLC,Unknown,UK,EUR,25,,GB00BKP36R26,HYVE.LSE,2023-05-19,1540845.5227471865,delisted
MESA.US,Mesa Air Group Inc,Unknown,USA,EUR,25,,US5904791358,MESA.US,2025-11-26,1135535.5293440735,delisted
AQUA.TA,Aquarius Engines AM Ltd,Unknown,Israel,EUR,25,,IL0011702409,AQUA.TA,2026-04-06,66106.53665629304,delisted
ONDK.US,On Deck Capital Inc,Unknown,USA,EUR,25,,US6821631008,ONDK.US,2020-10-14,1788261.764945763,delisted
SDA.AU,SpeedCast International Ltd,Unknown,Australia,EUR,25,,AU000000SDA9,SDA.AU,2021-03-12,1815272.937461906,delisted
017040.KO,Kwang Myung El,Unknown,South Korea,EUR,25,,KR7017040007,017040.KO,2026-04-07,658402.3543558039,delisted
FXL.AU,Humm Group Limited,Unknown,Australia,EUR,25,,AU000000FXL1,FXL.AU,2021-01-29,967744.43886615,delisted
ALVR.US,Allovir Inc,Unknown,USA,EUR,25,,US0198181036,ALVR.US,2025-03-19,1665455.9573724668,delisted
MLNT.US,Melinta Therapeutics Inc,Unknown,USA,EUR,25,,US58549G1004,MLNT.US,2019-05-28,1248994.886275264,delisted
OHL.MC,Obrascón Huarte Lain S.A,Unknown,Spain,EUR,25,,ES0142090317,OHL.MC,2021-07-15,2784729.3703,delisted
CFX.TO,Canfor Pulp Products Inc.,Unknown,Canada,EUR,25,,CA1375842079,CFX.TO,2026-03-20,323697.62078995357,delisted
LEV.TO,Lion Electric Corp,Unknown,Canada,EUR,25,,CA5362211040,LEV.TO,2025-02-07,838727.3703590056,delisted
002410.KO,Bumyang Construction Co Ltd,Unknown,South Korea,EUR,25,,KR7002410009,002410.KO,2025-11-12,329698.61250676354,delisted
TDJ.US,Telephone and Data Systems Inc. PFD,Unknown,USA,EUR,25,,US8794338371,TDJ.US,2022-06-14,198982.61637168145,delisted
ERA.US,Era Group Inc,Unknown,USA,EUR,25,,US26885G1094,ERA.US,2020-06-11,2080051.2479678844,delisted
SCPH.US,Scpharmaceuticals Inc,Unknown,USA,EUR,25,,US8106481059,SCPH.US,2025-10-06,499515.5666791521,delisted
BCOM.TA,B Communications Ltd,Unknown,Israel,EUR,25,,IL0011076630,BCOM.TA,2025-12-24,311618.63138438866,delisted
NIHD.US,NII Holdings Inc,Unknown,USA,EUR,25,,US62913F2011,NIHD.US,2019-12-31,1423738.792987057,delisted
SBRCY.US,Sberbank Of Russia,Unknown,USA,EUR,25,,US80585Y3080,SBRCY.US,2022-06-15,1274168.3073893313,delisted
AR4.XETRA,AURELIUS Equity Opportunities SE & Co. KGaA,Unknown,Germany,EUR,25,,DE000A0JK2A8,AR4.XETRA,2023-07-03,2613369.66195,delisted
CSLT.US,Castlight Health Inc,Unknown,USA,EUR,25,,US14862Q1004,CSLT.US,2022-02-17,946006.7347315706,delisted
GLEO.US,Galileo Acquisition Corp,Unknown,USA,EUR,25,,US81947T1025,GLEO.US,2022-02-18,1153376.256416325,delisted
AKYA.US,Akoya Biosciences Inc,Unknown,USA,EUR,25,,US00974H1041,AKYA.US,2025-07-16,705953.7682682205,delisted
RPTX.US,Repare Therapeutics Inc,Unknown,USA,EUR,25,,US7602731025,RPTX.US,2026-01-28,1178668.4121937535,delisted
CAL.LSE,Capital & Regional PLC,Unknown,UK,EUR,25,,GB00BL6XZ716,CAL.LSE,2024-12-10,63216.525780994634,delisted
KRON.US,Kronos Bio Inc,Unknown,USA,EUR,25,,US50107A1043,KRON.US,2025-06-20,544278.7160443586,delisted
CC1.XETRA,Consus Real Estate AG,Unknown,Germany,EUR,25,,DE000A2DA414,CC1.XETRA,2022-09-26,116785.06,delisted
APEN.US,Apollo Endosurgery Inc,Unknown,USA,EUR,25,,US03767D1081,APEN.US,2023-04-11,171554.37531199754,delisted
AGS.US,PlayAGS Inc,Unknown,USA,EUR,25,,US72814N1046,AGS.US,2025-06-30,2226151.670780979,delisted
003560.KO,IHQ Inc,Unknown,South Korea,EUR,25,,KR7003560000,003560.KO,2025-11-12,681051.3078693688,delisted
MCPHY.PA,Mcphy Energy,Unknown,France,EUR,25,,FR0011742329,MCPHY.PA,2024-08-08,384453.345,delisted
ABP.AU,Abacus Property Group,Unknown,Australia,EUR,25,,AU000000ABP9,ABP.AU,2023-10-11,1444040.903495815,delisted
ALIM.US,Alimera Sciences Inc,Unknown,USA,EUR,25,,US0162592028,ALIM.US,2024-09-13,115100.95911155982,delisted
VFF.TO,Village Farms International Inc,Unknown,Canada,EUR,25,,CA92707Y1088,VFF.TO,2021-12-31,2069909.770195968,delisted
SCWX.US,Secureworks Corp,Unknown,USA,EUR,25,,US81374A1051,SCWX.US,2025-01-31,808412.7961362859,delisted
CRSA.US,Crescent Acquisition Corp,Unknown,USA,EUR,25,,US53838L1008,CRSA.US,2022-02-18,412998.6625700343,delisted
AR.TO,Argonaut Gold Inc,Unknown,Canada,EUR,25,,CA04016A1012,AR.TO,2024-07-17,823037.615779303,delisted
TYME.US,Tyme Technologies Inc,Unknown,USA,EUR,25,,US90238J1034,TYME.US,2022-09-16,429223.43834162294,delisted
PTM.AU,Platinum Asset Management Ltd,Unknown,Australia,EUR,25,,AU000000PTM6,PTM.AU,2025-10-03,1307855.5896092055,delisted
TCRD.US,THL Credit Inc,Unknown,USA,EUR,25,,US26943B1008,TCRD.US,2021-01-28,436974.88390600134,delisted
BXG.US,Bluegreen Vacations Corporation,Unknown,USA,EUR,25,,US09629F1084,BXG.US,2021-05-05,456672.46752080414,delisted
SYM.AU,Symbio Holdings Ltd,Unknown,Australia,EUR,25,,AU0000190167,SYM.AU,2024-02-29,164295.52408388065,delisted
DOMA.US,Doma Holdings Inc,Unknown,USA,EUR,25,,US25703A1043,DOMA.US,2024-09-26,370739.6538522532,delisted
005030.KO,"Pusan Cast Iron Co., Ltd.",Unknown,South Korea,EUR,25,,KR7005030002,005030.KO,2025-11-12,98097.74511674058,delisted
TED.LSE,Ted Baker PLC,Unknown,UK,EUR,25,,GB0001048619,TED.LSE,2022-10-21,1203327.165963453,delisted
RLH.US,Red Lion Hotels Corporation,Unknown,USA,EUR,25,,US7567641060,RLH.US,2021-03-18,448216.92411014106,delisted
LTG.LSE,Learning Technologies Group plc,Unknown,UK,EUR,25,,GB00B4T7HX10,LTG.LSE,2025-03-31,1618036.728574761,delisted
MITRA.BR,Mithra Pharmaceuticals SA,Unknown,Belgium,EUR,25,,BE0974283153,MITRA.BR,2024-09-19,646592.3600000001,delisted
COLL.ST,Collector AB (publ),Unknown,Sweden,EUR,25,,SE0007048020,COLL.ST,2023-11-06,590603.1506682334,delisted
SHI.US,Sinopec Shanghai Petrochemical Co Ltd ADR,Unknown,USA,EUR,25,,US82935M1099,SHI.US,2022-11-04,800386.2913256129,delisted
POAI.US,Predictive Oncology Inc,Unknown,USA,EUR,25,,US74039M3097,POAI.US,2025-12-16,147084.23416858836,delisted
TIG.US,Trean Insurance Group Inc,Unknown,USA,EUR,25,,US89457R1014,TIG.US,2023-04-20,171159.6056105611,delisted
BCOV.US,Brightcove Inc,Unknown,USA,EUR,25,,US10921T1016,BCOV.US,2025-02-03,974826.1477045908,delisted
SZL.AU,Sezzle Inc,Unknown,Australia,EUR,25,,AU0000050981,SZL.AU,2024-01-12,576494.9528386976,delisted
UEPS.US,Net 1 UEPS Technologies Inc,Unknown,USA,EUR,25,,US64107N2062,UEPS.US,2022-07-26,904236.2789067308,delisted
LLAP.US,Terran Orbital Corp,Unknown,USA,EUR,25,,US88105P1030,LLAP.US,2024-10-29,1750481.430536451,delisted
FXPO.LSE,Ferrexpo PLC,Unknown,UK,EUR,25,,GB00B1XH2C03,FXPO.LSE,2026-05-15,2476074.92084777,delisted
UBX.US,Unity Biotechnology Inc,Unknown,USA,EUR,25,,US91381U2006,UBX.US,2025-07-09,804771.1038961038,delisted
SNPO.US,Snap One Holdings Corp,Unknown,USA,EUR,25,,US83303Y1055,SNPO.US,2024-06-14,573255.5650551603,delisted
YOU.XETRA,ABOUT YOU Holding AG,Unknown,Germany,EUR,25,,DE000A3CNK42,YOU.XETRA,2025-11-06,507248.29,delisted
NMX.TO,Nemaska Lithium Inc,Unknown,Canada,EUR,25,,CA64045C1068,NMX.TO,2020-02-06,600042.9876810089,delisted
FRED.US,Fred's Inc,Unknown,USA,EUR,25,,US3561081007,FRED.US,2019-09-17,1937707.24897541,delisted
THO.TO,Tahoe Resources Inc,Unknown,Canada,EUR,25,,CA8738681037,THO.TO,2019-02-26,3524821.828060083,delisted
GUY.TO,Guyana Goldfields Inc,Unknown,Canada,EUR,25,,CA4035301080,GUY.TO,2020-08-26,943998.0609418282,delisted
ECN.TO,ECN Capital Corp,Unknown,Canada,EUR,25,,CA26829L1076,ECN.TO,2026-04-28,751900.6733881327,delisted
PGH.AU,Pact Group Holdings Ltd,Unknown,Australia,EUR,25,,AU000000PGH3,PGH.AU,2025-07-16,668459.2393736017,delisted
BKK.US,BlackRock Municipal 2020 Term Trust,Unknown,USA,EUR,25,,US09249X1090,BKK.US,2021-03-30,439286.6399549063,delisted
VIACA.US,ViacomCBS Inc,Unknown,USA,EUR,25,,US92556H1077,VIACA.US,2022-04-20,674110.7965186075,delisted
GORV.US,Lazydays Holdings Inc,Unknown,USA,EUR,25,,US52110H2094,GORV.US,2025-11-26,309189.40278401435,delisted
123260.KO,PineNex Co. Ltd,Unknown,South Korea,EUR,25,,KR7123260002,123260.KO,2020-04-21,165340.41729675193,delisted
ZOES.US,Zoe's Kitchen Inc,Unknown,USA,EUR,25,,US98979J1097,ZOES.US,2018-11-20,4747066.7739670295,delisted
KCT.LSE,Kin and Carta PLC,Unknown,UK,EUR,25,,GB0007689002,KCT.LSE,2024-04-26,198221.25901791945,delisted
OCT.LSE,Octagonal Plc,Unknown,UK,EUR,25,,GB00BWWCHQ23,OCT.LSE,2021-12-17,1313552.6518572648,delisted
ORPN.US,Bioblast Pharma Ltd,Unknown,USA,EUR,25,,USM201561018,ORPN.US,2020-07-10,5043927.6064236555,delisted
BBED.AS,Beter Bed Holding N.V.,Unknown,Netherlands,EUR,25,,NL0000339703,BBED.AS,2023-12-28,244873.525,delisted
RXII.US,RXi Pharmaceuticals Corporation,Unknown,USA,EUR,25,,US74979C5013,RXII.US,2018-11-16,38189626.76482811,delisted
NVTR.US,Nuvectra Corporation,Unknown,USA,EUR,25,,US67075N1081,NVTR.US,2019-11-21,977225.505620029,delisted
LUMO.US,Lumos Pharma Inc,Unknown,USA,EUR,25,,US55028X1090,LUMO.US,2024-12-11,265822.7548064261,delisted
011690.KO,Yuyang D&U Co. Ltd.,Unknown,South Korea,EUR,25,,KR7011690005,011690.KO,2024-10-28,1023557.8290659934,delisted
GPR.TO,Great Panther Mining Ltd,Unknown,Canada,EUR,25,,CA39115V1013,GPR.TO,2022-10-27,805011.013215859,delisted
CNCE.US,Concert Pharmaceuticals Inc,Unknown,USA,EUR,25,,US2060221056,CNCE.US,2023-03-06,1478715.6244689887,delisted
BIOT.ST,Biotage AB,Unknown,Sweden,EUR,25,,SE0000454746,BIOT.ST,2025-07-21,1023108.182783144,delisted
BXE.TO,Bellatrix Exploration Ltd.,Unknown,Canada,EUR,25,,CA0783147055,BXE.TO,2019-11-08,2189429.14605793,delisted
MRL.LSE,Marlowe plc,Unknown,UK,EUR,25,,GB00BD8SLV43,MRL.LSE,2025-09-30,127843.92467300764,delisted
JRS.LSE,JPMorgan Russian Securities,Unknown,UK,EUR,25,,GB0032164732,JRS.LSE,2023-01-25,234851.44302083337,delisted
CTV.US,Innovid Corp.,Unknown,USA,EUR,25,,US4576791085,CTV.US,2025-02-12,372786.83460513013,delisted
MYXDA.AU,MAYNE PHARMA GROUP LTD DEF,Unknown,Australia,EUR,25,,AU0000248809,MYXDA.AU,2023-03-28,1255835.8545260555,delisted
CLQ.AU,Sunrise Energy Metals Limited,Unknown,Australia,EUR,25,,AU000000CLQ2,CLQ.AU,2021-06-11,306384.3773211191,delisted
CLQDB.AU,Sunrise Energy Metals Limited,Unknown,Australia,EUR,25,,AU0000137861,CLQDB.AU,2021-06-10,305813.01890518516,delisted
ICAD.US,icad inc,Unknown,USA,EUR,25,,US44934S2068,ICAD.US,2025-07-16,385326.64148228103,delisted
002270.KO,Lotte Food,Unknown,South Korea,EUR,25,,KR7002270007,002270.KO,2022-07-19,692170.4128682002,delisted
AOW.OL,Aker Offshore Wind AS,Unknown,Norway,EUR,25,,NO0010890312,AOW.OL,2022-06-17,1345547.6677700873,delisted
BML.WAR,Biomedlub,Unknown,Poland,EUR,25,,PLBMDLB00018,BML.WAR,2023-07-17,110464.93965517243,delisted
XXL.OL,XXL ASA,Unknown,Norway,EUR,25,,NO0010716863,XXL.OL,2025-07-21,693437.4359009708,delisted
000300.KO,"Dhautonex Co.,Ltd",Unknown,South Korea,EUR,25,,KR7000300004,000300.KO,2024-02-23,297479.5264791454,delisted
VOYG.TO,Voyager Digital Canada Ltd,Unknown,Canada,EUR,25,,CA92919V4055,VOYG.TO,2022-08-17,82377.46497292002,delisted
MEIP.US,MEI Pharma Inc,Unknown,USA,EUR,25,,US55279B2025,MEIP.US,2025-09-10,349825.57755156746,delisted
TRST.TO,CannTrust Holdings Inc,Unknown,Canada,EUR,25,,CA1378002077,TRST.TO,2020-05-06,3464771.216269065,delisted
HOME.LSE,Home REIT Ltd,Unknown,UK,EUR,25,,GB00BJP5HK17,HOME.LSE,2023-01-03,1159567.6597504795,delisted
TM17.LSE,Team17 Group PLC,Unknown,UK,EUR,25,,GB00BYVX2X20,TM17.LSE,2025-01-23,708317.8242386088,delisted
DFRG.US,Del Frisco's Restaurant Group Inc,Unknown,USA,EUR,25,,US2450771025,DFRG.US,2019-09-24,2753378.476260506,delisted
CASI.US,CASI Pharmaceuticals Inc,Unknown,USA,EUR,25,,US14757U1097,CASI.US,2026-02-26,237644.89048831377,delisted
NWH-UN.TO,NorthWest Healthcare Properties Real Estate Investment Trust,Unknown,Canada,EUR,25,,CA6674951059,NWH-UN.TO,2026-05-12,1739537.7944571322,delisted
020760.KO,Iljin Display,Unknown,South Korea,EUR,25,,KR7020760005,020760.KO,2025-11-12,321762.59896639606,delisted
BEDU.US,Bright Scholar Education Holdings Ltd Class A,Unknown,USA,EUR,25,,US1091991091,BEDU.US,2025-12-15,67330.16939382107,delisted
VRNO.TO,Verano Holdings Corp,Unknown,Canada,EUR,25,,CA92338D1015,VRNO.TO,2022-09-20,2334591.0935073383,delisted
HLDX.ST,Haldex AB,Unknown,Sweden,EUR,25,,SE0000105199,HLDX.ST,2022-09-19,497236.51439464034,delisted
EXAI.US,Exscientia Ltd ADR,Unknown,USA,EUR,25,,US30223G1022,EXAI.US,2024-11-20,1843675.212995786,delisted
TOO.US,Altera Infrastructure L.P,Unknown,USA,EUR,25,,USY8565J1017,TOO.US,2020-01-22,867591.6889840906,delisted
GCM.TO,GCM Mining Corp,Unknown,Canada,EUR,25,,CA36168L1058,GCM.TO,2022-11-29,503278.7883382533,delisted
ARA.US,Amer Renal Assoc Hldg Inc,Unknown,USA,EUR,25,,US0292271055,ARA.US,2021-01-25,1342460.3332791904,delisted
DDDD.LSE,4D Pharma PLC,Unknown,UK,EUR,25,,GB00BJL5BR07,DDDD.LSE,2022-06-24,113298.30234438156,delisted
MOGO.TO,Mogo Inc,Unknown,Canada,EUR,25,,CA60800C2085,MOGO.TO,2026-01-05,92242.36652836384,delisted
BLCT.US,Bluecity Holding Ltd ,Unknown,USA,EUR,25,,US09610L1061,BLCT.US,2022-08-12,492680.3171459483,delisted
NLFSK.CO,Nilfisk Holding A/S,Unknown,Denmark,EUR,25,,DK0060907293,NLFSK.CO,2026-05-12,439239.78099251183,delisted
OTIC.US,Otonomy Inc,Unknown,USA,EUR,25,,US68906L1052,OTIC.US,2022-07-29,489140.7475772959,delisted
ICLK.US,iClick Interactive Asia Group,Unknown,USA,EUR,25,,US45113Y1047,ICLK.US,2025-03-12,341618.2553956834,delisted
AGFS.US,AgroFresh Solutions Inc,Unknown,USA,EUR,25,,US00856G1094,AGFS.US,2023-04-06,259923.7892596544,delisted
GHSI.US,Guardion Health Sciences Inc,Unknown,USA,EUR,25,,US40145Q4010,GHSI.US,2026-03-02,79798.771337023,delisted
ELVT.US,Elevate Credit Inc,Unknown,USA,EUR,25,,US28621V1017,ELVT.US,2023-02-27,636771.8191150583,delisted
CVCY.US,Central Valley Community Bancorp,Unknown,USA,EUR,25,,US1556851004,CVCY.US,2024-03-28,346951.75597503607,delisted
AXA.OL,Axactor SE,Unknown,Norway,EUR,25,,NO0010840515,AXA.OL,2021-02-01,1058535.416090174,delisted
TRIN.LSE,Trinity Exploration and Production PLC,Unknown,UK,EUR,25,,GB00BN7CJ686,TRIN.LSE,2024-11-05,331723.1553675451,delisted
ESALY.US,Eisai Co Ltd ADR,Unknown,USA,EUR,25,,US2825793092,ESALY.US,2023-03-28,319664.44594835263,delisted
SNCR.US,Synchronoss Technologies Inc,Unknown,USA,EUR,25,,US87157B4005,SNCR.US,2026-02-19,1018498.3723205548,delisted
MDF.TO,mdf Commerce Inc,Unknown,Canada,EUR,25,,CA55283M1032,MDF.TO,2024-05-22,70820.22672561568,delisted
BHTG.US,BioHiTech Global Inc,Unknown,USA,EUR,25,,US09074B1070,BHTG.US,2022-02-11,53172.927241962774,delisted
PHX.US,PHX Minerals Inc,Unknown,USA,EUR,25,,US69291A1007,PHX.US,2025-06-23,292149.7889503799,delisted
TRG.LSE,TR European Growth Trust PLC,Unknown,UK,EUR,25,,GB0009066928,TRG.LSE,2022-02-15,712577.5504238235,delisted
BMTX.US,Bm Technologies Inc,Unknown,USA,EUR,25,,US05591L1070,BMTX.US,2025-01-31,196871.26458590268,delisted
007610.KO,Seondo Electri,Unknown,South Korea,EUR,25,,KR7007610009,007610.KO,2024-10-25,200548.71786689237,delisted
DTY.LSE,Dignity PLC,Unknown,UK,EUR,25,,GB00BRB37M78,DTY.LSE,2023-05-24,601572.731003565,delisted
CLA.PA,Claranova SE,Unknown,France,EUR,25,,FR0013426004,CLA.PA,2026-04-14,818330.585,delisted
LQR.US,LQR House Inc. Common Stock,Unknown,USA,EUR,25,,US50215C1099,LQR.US,2025-02-14,212360.11544548924,delisted
IKNA.US,Ikena Oncology Inc,Unknown,USA,EUR,25,,US45175G1085,IKNA.US,2025-07-25,296713.6555354141,delisted
FHS.US,First High School Education Group Co Ltd,Unknown,USA,EUR,25,,US3205051002,FHS.US,2022-11-18,280072.07239101717,delisted
SYAB.XETRA,Synlab AG,Unknown,Germany,EUR,25,,DE000A2TSL71,SYAB.XETRA,2024-07-19,1010652.0363,delisted
TTNP.US,Titan Pharmaceuticals Inc,Unknown,USA,EUR,25,,US8883146065,TTNP.US,2025-10-02,134468.74455859305,delisted
AOI.US,Alliance One International Inc,Unknown,USA,EUR,25,,US74737V2051,AOI.US,2020-10-08,175284.3423614799,delisted
AELDA.AU,Ordinary Fully Paid Deferred Settlement,Unknown,Australia,EUR,25,,AU0000423725,AELDA.AU,2026-01-21,553258.4175873732,delisted
XIN.US,Xinyuan Real Estate Co Ltd,Unknown,USA,EUR,25,,US98417P1057,XIN.US,2025-09-17,161386.06821622583,delisted
CATG.PA,SA Catana Group,Unknown,France,EUR,25,,FR0010193052,CATG.PA,2025-05-05,299719.73819999996,delisted
MDG1.XETRA,Medigene AG,Unknown,Germany,EUR,25,,DE000A40ESG2,MDG1.XETRA,2025-05-15,123715.4175,delisted
CCRD.US,CoreCard Corp,Unknown,USA,EUR,25,,US45816D1000,CCRD.US,2025-10-30,655412.6362447025,delisted
OGZPY.US,Public Joint Stock Company Gazprom,Unknown,USA,EUR,25,,US3682872078,OGZPY.US,2022-08-03,1413600.5821223387,delisted
SFS.US,Smart & Final Stores Inc,Unknown,USA,EUR,25,,US83190B1017,SFS.US,2019-06-19,2687972.940635067,delisted
QFUEL.OL,Quantafuel As,Unknown,Norway,EUR,25,,NO0010785967,QFUEL.OL,2024-02-06,593037.4787228556,delisted
SIGM.US,Sigma Designs Inc,Unknown,USA,EUR,25,,US8265651039,SIGM.US,2018-08-24,1140571.4033694982,delisted
AMADA.AU,Ordinary Fully Paid Deferred Settlement,Unknown,Australia,EUR,25,,AU0000423089,AMADA.AU,2026-01-15,294397.64604067506,delisted
FTD.US,FTD Companies Inc,Unknown,USA,EUR,25,,US30281V1089,FTD.US,2019-06-12,1323411.9970655828,delisted
MOZ.TO,Marathon Gold Corporation,Unknown,Canada,EUR,25,,CA56580Q1028,MOZ.TO,2024-01-29,343195.9889438838,delisted
AAC_old2.US,AAC Holdings Inc,Unknown,USA,EUR,25,,US0003071083,AAC_old2.US,2019-11-04,718639.2285366538,delisted
VOXX.US,VOXX International Corporation,Unknown,USA,EUR,25,,US91829F1049,VOXX.US,2025-04-01,576546.7358645179,delisted
SBPH.US,Spring Bank Pharmaceuticals Inc,Unknown,USA,EUR,25,,US8494311017,SBPH.US,2020-11-20,805219.8800169697,delisted
KVAER.OL,Kværner ASA,Unknown,Norway,EUR,25,,NO0010605371,KVAER.OL,2020-11-10,557012.1801348409,delisted
TOG.TO,TORC Oil & Gas Ltd,Unknown,Canada,EUR,25,,CA8908953034,TOG.TO,2021-02-26,1990695.3099253525,delisted
MNTX.US,Manitex International Inc,Unknown,USA,EUR,25,,US5634201082,MNTX.US,2024-12-31,185123.1034609559,delisted
ALMND.PA,Montagne et Neige Developpement SA,Unknown,France,EUR,25,,FR00140050Q2,ALMND.PA,2024-07-15,50480.58,delisted
VIA_old1.US,Via Renewables Inc,Unknown,USA,EUR,25,,US92556D1063,VIA_old1.US,2024-06-13,686233.3437820384,delisted
TC1.XETRA,Tele Columbus AG,Unknown,Germany,EUR,25,,DE000TCAG172,TC1.XETRA,2021-12-17,574095.36855,delisted
BXE.US,Bellatrix Exploration Ltd,Unknown,USA,EUR,25,,US0783141015,BXE.US,2020-10-19,898024.4842746026,delisted
TNAV.US,Telenav Inc,Unknown,USA,EUR,25,,US8794551031,TNAV.US,2021-02-17,786992.4662272136,delisted
FSTX.US,FStar Therapeutics Inc,Unknown,USA,EUR,25,,US30315R1077,FSTX.US,2023-03-17,725430.7559111414,delisted
MPO.US,Midstates Petroleum Company Inc,Unknown,USA,EUR,25,,US59804T4076,MPO.US,2019-10-08,1134347.3696293137,delisted
FOMX.US,Menlo Therapeutics Inc,Unknown,USA,EUR,25,,USM461351050,FOMX.US,2020-03-06,794088.9539007093,delisted
BWNG.LSE,N Brown Group PLC,Unknown,UK,EUR,25,,GB00B1P6ZR11,BWNG.LSE,2025-02-11,294419.3550268253,delisted
AM3D.XETRA,SLM Solutions Group AG,Unknown,Germany,EUR,25,,DE000A111338,AM3D.XETRA,2023-08-18,534939.11,delisted
007630.KO,Polus BioPharm Inc,Unknown,South Korea,EUR,25,,KR7007630007,007630.KO,2019-08-14,1817002.6193660032,delisted
JP.US,Jupai Holdings Ltd,Unknown,USA,EUR,25,,US48205B1070,JP.US,2022-06-27,142224.65107373247,delisted
SRNKE-B.ST,Serneke Group AB (publ),Unknown,Sweden,EUR,25,,SE0007278841,SRNKE-B.ST,2023-07-05,98257.35790395904,delisted
SREV.US,ServiceSource International Inc,Unknown,USA,EUR,25,,US81763U1007,SREV.US,2022-07-20,401047.53440425615,delisted
QHC.US,Quorum Health Corporation,Unknown,USA,EUR,25,,US74909E1064,QHC.US,2020-04-16,702599.6793158738,delisted
RAIN_old2.US,Rain Oncology Inc,Unknown,USA,EUR,25,,US75082Q1058,RAIN_old2.US,2024-01-26,580882.3158914729,delisted
FNJN.US,Finjan Holdings Inc,Unknown,USA,EUR,25,,US31788H1059,FNJN.US,2020-07-24,255764.532231695,delisted
WRLS.US,American Virtual Cloud Technologies Inc,Unknown,USA,EUR,25,,US87970T2087,WRLS.US,2020-04-16,122330.13553951768,delisted
D4T4.LSE,D4t4 Solutions PLC,Unknown,UK,EUR,25,,GB0001351955,D4T4.LSE,2023-11-16,89297.89388191124,delisted
PIPE.TO,Pipestone Energy Corp,Unknown,Canada,EUR,25,,CA7241121077,PIPE.TO,2023-10-04,144206.2388940328,delisted
M0YN.XETRA,Mynaric AG,Unknown,Germany,EUR,25,,DE000A31C305,M0YN.XETRA,2025-05-30,119282.625,delisted
SCPA.LSE,Scapa Group plc,Unknown,UK,EUR,25,,GB0007281198,SCPA.LSE,2021-04-15,1170150.812347845,delisted
INT.ST,Intellego Technologies AB,Unknown,Sweden,EUR,25,,SE0016075063,INT.ST,2026-03-04,127897.8803117242,delisted
CEA.US,China Eastern Airlines Ltd,Unknown,USA,EUR,25,,US16937R1041,CEA.US,2023-04-06,269974.5728571943,delisted
ADES.US,Advanced Emissions Solutions Inc,Unknown,USA,EUR,25,,US00770C1018,ADES.US,2024-02-01,625671.3571714042,delisted
001880.KO,DL Construction Co,Unknown,South Korea,EUR,25,,KR7001880004,001880.KO,2024-02-29,172058.81417785818,delisted
AMSC.OL,American Shipping Company ASA,Unknown,Norway,EUR,25,,NO0010272065,AMSC.OL,2026-02-05,75987.61674608577,delisted
SIA.LSE,SOCO International plc,Unknown,UK,EUR,25,,GB00B572ZV91,SIA.LSE,2019-10-23,183689.65231479343,delisted
AIH.US,Aesthetic Medical Intl Holding Ltd,Unknown,USA,EUR,25,,US00809M1045,AIH.US,2024-07-23,50522.04465638391,delisted
C0M.XETRA,Compleo Charging Solutions AG,Unknown,Germany,EUR,25,,DE000A2QDNX9,C0M.XETRA,2023-04-05,575120.0,delisted
EQD.US,Equity Distribution Acquisition Corp,Unknown,USA,EUR,25,,US29465E1064,EQD.US,2022-09-16,358820.1041958709,delisted
NEOS.US,Neos Therapeutics Inc,Unknown,USA,EUR,25,,US64052L1061,NEOS.US,2021-03-19,864304.3603758758,delisted
STSA.US,Satsuma Pharmaceuticals Inc,Unknown,USA,EUR,25,,US80405P1075,STSA.US,2023-06-08,514056.3873401115,delisted
LGTO.US,Legato Merger II Corp,Unknown,USA,EUR,25,,US52473Y1047,LGTO.US,2025-03-11,128514.10905238063,delisted
RENEW.ST,Re:NewCell AB (publ),Unknown,Sweden,EUR,25,,SE0014960431,RENEW.ST,2024-11-19,570066.9439091185,delisted
CI-B.ST,Cell Impact AB Series B,Unknown,Sweden,EUR,25,,SE0017885379,CI-B.ST,2022-07-11,163045.98747696236,delisted
COX.PA,Nicox S.A,Unknown,France,EUR,25,,FR0013018124,COX.PA,2023-04-27,315293.221,delisted
SBT.US,Sterling Bancorp Inc,Unknown,USA,EUR,25,,US85917W1027,SBT.US,2025-03-31,209168.36376404497,delisted
FNP.AU,Freedom Foods Group Ltd,Unknown,Australia,EUR,25,,AU000000FNP3,FNP.AU,2022-01-31,329143.28628698963,delisted
V3S.XETRA,Vectron Systems AG,Unknown,Germany,EUR,25,,DE000A0KEXC7,V3S.XETRA,2024-09-30,113777.44,delisted
FALG.PA,Fermentalg SA,Unknown,France,EUR,25,,FR0011271600,FALG.PA,2024-04-15,78606.795,delisted
B2H.OL,B2holding ASA,Unknown,Norway,EUR,25,,NO0010633951,B2H.OL,2023-12-01,531724.6774375661,delisted
NWO.XETRA,New Work SE,Unknown,Germany,EUR,25,,DE000NWRK013,NWO.XETRA,2024-08-27,570697.8625,delisted
012600.KO,Central Insight.Co.Ltd,Unknown,South Korea,EUR,25,,KR7012600003,012600.KO,2021-03-30,52987.691743647345,delisted
RNWK.US,RealNetworks Inc,Unknown,USA,EUR,25,,US75605L7082,RNWK.US,2022-12-23,135006.1858644344,delisted
ZEAL.US,Zealand Pharma A/S ADR,Unknown,USA,EUR,25,,US98920Y3045,ZEAL.US,2022-11-02,94050.23942861782,delisted
068400.KO,SK Rent A Car Co Ltd,Unknown,South Korea,EUR,25,,KR7068400001,068400.KO,2024-01-30,806068.5358255451,delisted
EM.US,Smart Share Global Ltd ADR,Unknown,USA,EUR,25,,US83193E1029,EM.US,2026-04-28,63614.93482455853,delisted
ENZ.US,Enzo Biochem Inc,Unknown,USA,EUR,25,,US2941001024,ENZ.US,2025-06-18,312853.21613419877,delisted
THERF.US,Theratechnologies Inc,Unknown,USA,EUR,25,,US88338H1005,THERF.US,2019-10-09,231525.50607287447,delisted
EPE.US,EP Energy Corp,Unknown,USA,EUR,25,,US2687851020,EPE.US,2019-05-22,1578840.812163168,delisted
ESL.LSE,Eddie Stobart Logistics plc,Unknown,UK,EUR,25,,GB00BD8QVC95,ESL.LSE,2019-08-23,131853.48903926276,delisted
GREEN.BR,Greenyard NV,Unknown,Belgium,EUR,25,,BE0003765790,GREEN.BR,2025-09-04,173330.967,delisted
QBT.MC,Quabit Inmobiliaria S.A,Unknown,Spain,EUR,25,,ES0110944172,QBT.MC,2021-05-24,293798.27999999997,delisted
CYT.US,Cyteir Therapeutics Inc,Unknown,USA,EUR,25,,US23284P1030,CYT.US,2024-03-15,210875.40658889903,delisted
FARM.US,Farmer Bros. Co,Unknown,USA,EUR,25,,US3076751086,FARM.US,2026-05-04,553563.2499186078,delisted
ERYP.US,Erytech Pharma S.A. ADR,Unknown,USA,EUR,25,,US29604W1080,ERYP.US,2023-06-28,104093.61001919735,delisted
STCK.LSE,Stock Spirits Group Plc,Unknown,UK,EUR,25,,GB00BF5SDZ96,STCK.LSE,2021-12-17,467859.5272040041,delisted
PRDS.US,Pardes Biosciences Inc,Unknown,USA,EUR,25,,US69945Q1058,PRDS.US,2023-09-08,364648.56720629527,delisted
STND.US,Standard AVB Financial Corp,Unknown,USA,EUR,25,,US85303B1008,STND.US,2021-12-17,64763.84492513121,delisted
KSHB.US,KushCo Holdings Inc,Unknown,USA,EUR,25,,US50133S1033,KSHB.US,2021-08-31,816287.6818472717,delisted
004380.KO,Samick Thk,Unknown,South Korea,EUR,25,,KR7004380002,004380.KO,2025-11-12,437028.9550797253,delisted
PAY.TO,Payfare Inc,Unknown,Canada,EUR,25,,CA70437C1095,PAY.TO,2025-03-04,401369.3885706673,delisted
PWG.PA,Prodways Group SA,Unknown,France,EUR,25,,FR0012613610,PWG.PA,2025-06-17,68338.46,delisted
ULTI.OL,Ultimovacs ASA,Unknown,Norway,EUR,25,,NO0010851603,ULTI.OL,2025-05-05,195481.801965919,delisted
009440.KO,Kc Green Holdi,Unknown,South Korea,EUR,25,,KR7009440009,009440.KO,2025-11-12,161930.78950523588,delisted
HKIB.US,AMTD International Inc,Unknown,USA,EUR,25,,US00180G1067,HKIB.US,2022-04-01,254870.77574198728,delisted
BALYO.PA,Balyo SA,Unknown,France,EUR,25,,FR0013258399,BALYO.PA,2026-04-24,59058.518,delisted
AFP.SW,Aluflexpack AG,Unknown,Switzerland,EUR,25,,CH0453226893,AFP.SW,2025-09-29,122643.66838748862,delisted
SSR.AU,Ssr Mining Inc,Unknown,Australia,EUR,25,,AU0000091407,SSR.AU,2025-04-04,137115.9274530597,delisted
MINI.LSE,Miton UK MicroCap Trust PLC,Unknown,UK,EUR,25,,GB00BWFGQ085,MINI.LSE,2025-05-28,64080.31369857324,delisted
IVAC.US,Intevac Inc,Unknown,USA,EUR,25,,US4611481080,IVAC.US,2025-03-28,309877.87022058823,delisted
LABS.LSE,Life Science REIT PLC,Unknown,UK,EUR,25,,GB00BP5X4Q29,LABS.LSE,2026-04-20,278727.5768135377,delisted
FSNN.US,Fusion Connect Inc,Unknown,USA,EUR,25,,US36113B4005,FSNN.US,2019-04-24,318280.45123679726,delisted
RUHN.US,Ruhnn Holding Limited,Unknown,USA,EUR,25,,US7813141097,RUHN.US,2021-04-20,525192.1213356755,delisted
QTM.US,Quantum Corporation,Unknown,USA,EUR,25,,US7479062041,QTM.US,2019-01-14,1133628.7292817675,delisted
MVIR-B.ST,Medivir AB (publ),Unknown,Sweden,EUR,25,,SE0000273294,MVIR-B.ST,2023-07-17,87998.28033122535,delisted
JRJC.US,China Finance Online Co. Limited,Unknown,USA,EUR,25,,US1693792038,JRJC.US,2022-03-24,346320.60675941856,delisted
OMED.US,OncoMed Pharmaceuticals Inc,Unknown,USA,EUR,25,,US68234X1028,OMED.US,2019-04-23,452611.92285690934,delisted
ADEX.US,Adit EdTech Acquisition Cor,Unknown,USA,EUR,25,,US0070241023,ADEX.US,2025-06-11,52690.29318201358,delisted
KAHL.ST,KappAhl AB (publ),Unknown,Sweden,EUR,25,,SE0010520981,KAHL.ST,2019-10-30,612944.9804607256,delisted
EOSI.PA,EOS imaging SA,Unknown,France,EUR,25,,FR0011191766,EOSI.PA,2021-06-10,117706.68,delisted
BCN.LSE,Bacanora Lithium Plc,Unknown,UK,EUR,25,,GB00BD20C246,BCN.LSE,2022-01-25,171034.64498644986,delisted
GSUM.US,Gridsum Holding Inc,Unknown,USA,EUR,25,,US3981321009,GSUM.US,2021-03-25,217971.51122893425,delisted
YIN.US,Yintech Investment Holdings Limited,Unknown,USA,EUR,25,,US98585M1080,YIN.US,2020-11-27,173340.05566648656,delisted
SOY.TO,SunOpta Inc.,Unknown,Canada,EUR,25,,CA8676EP1086,SOY.TO,2026-05-06,279878.32232496695,delisted
OPHT.US,IVERIC bio Inc,Unknown,USA,EUR,25,,US6837451037,OPHT.US,2020-07-10,688109.6352262571,delisted
SCON.US,Superconductor Technologies Inc,Unknown,USA,EUR,25,,US1847911013,SCON.US,2021-09-23,94330.28659414656,delisted
CLBS.US,Caladrius Biosciences Inc,Unknown,USA,EUR,25,,US1280582032,CLBS.US,2022-09-14,147826.13277133825,delisted
PHIIK.US,PHI Inc,Unknown,USA,EUR,25,,US69336T2050,PHIIK.US,2019-03-25,407549.9551423212,delisted
NEPT.TO,Neptune Wellness Solutions Inc,Unknown,Canada,EUR,25,,CA64079L2049,NEPT.TO,2022-08-15,257612.5145961998,delisted
CWD.LSE,Countrywide PLC,Unknown,UK,EUR,25,,GB00BK5V9445,CWD.LSE,2021-03-08,251417.1971147636,delisted
UZC.US,United States Cellular Corporation SR NT 64,Unknown,USA,EUR,25,,US9116846034,UZC.US,2021-08-19,325281.9997700674,delisted
ELTA.LSE,Electra Private Equity PLC,Unknown,UK,EUR,25,,GB0003085445,ELTA.LSE,2022-02-08,133591.38103353867,delisted
NCZ.AU,New Century Resources Ltd,Unknown,Australia,EUR,25,,AU000000NCZ9,NCZ.AU,2023-05-11,244152.91846036972,delisted
TMR.TO,TMAC Resources Inc,Unknown,Canada,EUR,25,,CA8725771015,TMR.TO,2021-02-03,215755.9810501382,delisted
GRIL.US,Muscle Maker Inc,Unknown,USA,EUR,25,,US6273331073,GRIL.US,2023-09-27,265831.7237819794,delisted
TESS.US,TESSCO Technologies Incorporated,Unknown,USA,EUR,25,,US8723861071,TESS.US,2023-07-18,189383.87691173764,delisted
KDX.TO,Klondex Mines Ltd.,Unknown,Canada,EUR,25,,CA4986961031,KDX.TO,2018-07-24,1461474.206165704,delisted
BREI.LSE,BMO Real Estate Investments Ltd,Unknown,UK,EUR,25,,GB00B012T521,BREI.LSE,2022-09-15,261040.23504907827,delisted
BCART.BR,Biocartis Group NV,Unknown,Belgium,EUR,25,,BE0974281132,BCART.BR,2026-01-21,219230.3056,delisted
WSP.AU,Whispir Ltd,Unknown,Australia,EUR,25,,AU0000047839,WSP.AU,2024-03-06,186231.12486467176,delisted
EAST.US,Eastside Distilling Inc,Unknown,USA,EUR,25,,US2778023026,EAST.US,2025-01-24,66734.38688413758,delisted
EFL.US,Eaton Vance Floating-Rate 2022 Target Term Trust,Unknown,USA,EUR,25,,US27831H1005,EFL.US,2023-01-17,345364.9260617918,delisted
MITO.US,Stealth BioTherapeutics Corp,Unknown,USA,EUR,25,,US85789A1051,MITO.US,2022-11-16,136637.4156393413,delisted
AXU.TO,Alexco Resource Corp,Unknown,Canada,EUR,25,,CA01535P1062,AXU.TO,2022-09-09,201394.82252430255,delisted
005450.KO,Shinhan Engineering & Construction Co. Ltd.,Unknown,South Korea,EUR,25,,KR7005450002,005450.KO,2019-02-08,105562.50430093898,delisted
FGP.US,Ferrellgas Partners L.P,Unknown,USA,EUR,25,,US3152931008,FGP.US,2020-01-17,563057.5171443643,delisted
PTX.US,Pernix Therapeutics Holdings Inc,Unknown,USA,EUR,25,,US71426V1089,PTX.US,2019-03-04,253178.33319176943,delisted
QES.US,Quintana Energy Services Inc,Unknown,USA,EUR,25,,US74875T1034,QES.US,2020-07-28,58230.71956077588,delisted
STON.US,StoneMor Partners LP,Unknown,USA,EUR,25,,US86184W1062,STON.US,2022-11-03,320379.35399030166,delisted
STEP.TO,STEP Energy Services Ltd,Unknown,Canada,EUR,25,,CA85859H1055,STEP.TO,2025-12-17,143334.04659702425,delisted
LUS.XETRA,Lang & Schwarz Aktiengesellschaft,Unknown,Germany,EUR,25,,DE0006459324,LUS.XETRA,2022-04-13,137640.1368,delisted
VJET.US,Voxeljet Ag,Unknown,USA,EUR,25,,US92912L2060,VJET.US,2024-03-22,251375.29449995936,delisted
SPGC.US,"Sacks Parente Golf, Inc. Common Stock",Unknown,USA,EUR,25,,US78577G1031,SPGC.US,2025-05-16,58409.94242895001,delisted
CNE.TO,Canacol Energy Ltd.,Unknown,Canada,EUR,25,,CA1348082035,CNE.TO,2025-12-30,234859.17275875335,delisted
CCR.US,CONSOL Coal Resources LP,Unknown,USA,EUR,25,,US20855T1007,CCR.US,2020-12-30,293404.8977442289,delisted
OGC.AU,OceanaGold Corporation DRC,Unknown,Australia,EUR,25,,AU000000OGC7,OGC.AU,2022-08-31,704252.8805582118,delisted
009275.KO,Shinwon Corp Preference Shares,Unknown,South Korea,EUR,25,,KR7009271008,009275.KO,2022-07-14,64287.844071500105,delisted
IMV.TO,IMV Inc.,Unknown,Canada,EUR,25,,CA44974L1031,IMV.TO,2023-06-08,102753.71402865008,delisted
CCLP.US,CSI Compressco LP,Unknown,USA,EUR,25,,US12637A1034,CCLP.US,2024-04-01,166490.16452255694,delisted
WEICY.US,Weichai Power Company Ltd,Unknown,USA,EUR,25,,US9485971090,WEICY.US,2023-07-14,309628.7316318639,delisted
ALFOC.PA,Focus Home Interactive SA,Unknown,France,EUR,25,,FR0012419307,ALFOC.PA,2024-03-28,125617.9606,delisted
INZILE.ST,Inzile AB,Unknown,Sweden,EUR,25,,SE0012570208,INZILE.ST,2022-11-07,74068.32178258897,delisted
TST.US,TheStreet Inc,Unknown,USA,EUR,25,,US88368Q1031,TST.US,2019-08-07,408859.27874564467,delisted
GCTAY.US,Siemens Gamesa Renewable Energy SA ADR,Unknown,USA,EUR,25,,US82621P1012,GCTAY.US,2023-04-25,69753.71434385714,delisted
RTHM.LSE,RhythmOne plc,Unknown,UK,EUR,25,,GB00BYW0RC64,RTHM.LSE,2019-04-01,315089.95115143055,delisted
ITCB.US,Itau CorpBanca ADR,Unknown,USA,EUR,25,,US45033E1055,ITCB.US,2023-06-28,53277.04608127783,delisted
SDT.US,SandRidge Mississippian Trust I,Unknown,USA,EUR,25,,US80007T1016,SDT.US,2019-11-18,58893.74931446263,delisted
STCBV.HE,Stockmann Oyj Abp,Unknown,Finland,EUR,25,,FI0009000251,STCBV.HE,2021-04-09,97722.91,delisted
PAT.TO,Patriot One Technologies Inc,Unknown,Canada,EUR,25,,CA70339L1085,PAT.TO,2023-02-01,149268.8533075978,delisted
HMPT.US,Home Point Capital Inc,Unknown,USA,EUR,25,,US43734L1061,HMPT.US,2023-08-01,220457.16476025112,delisted
CTEK.US,CynergisTek Inc,Unknown,USA,EUR,25,,US23258P1057,CTEK.US,2022-08-31,68645.47461368653,delisted
QLRO.ST,Nelly Group AB (publ),Unknown,Sweden,EUR,25,,SE0003652163,QLRO.ST,2020-11-20,287764.8952644877,delisted
KU2.XETRA,KUKA Aktiengesellschaft,Unknown,Germany,EUR,25,,DE0006204407,KU2.XETRA,2022-11-10,201642.5502,delisted
PANDY.US,Pandora A/S ADR,Unknown,USA,EUR,25,,US6983412031,PANDY.US,2025-04-17,169484.86598097393,delisted
RX.PA,Recylex S.A,Unknown,France,EUR,25,,FR0000120388,RX.PA,2020-05-13,287724.6,delisted
LAT1V.HE,Lassila &Tikanoja Oyj,Unknown,Finland,EUR,25,,FI0009010854,LAT1V.HE,2026-03-03,193438.7533,delisted
TRMT.US,Tremont Mortgage Trust,Unknown,USA,EUR,25,,US8947891060,TRMT.US,2021-10-01,97258.8322178712,delisted
DBTX.US,Decibel Therapeutics Inc,Unknown,USA,EUR,25,,US24343R1068,DBTX.US,2023-10-04,186451.7937219731,delisted
B5A.XETRA,Bauer AG,Unknown,Germany,EUR,25,,DE0005168108,B5A.XETRA,2023-06-22,211149.9484,delisted
ACHL.US,Achilles Therapeutics PLC ADR,Unknown,USA,EUR,25,,US00449L1026,ACHL.US,2025-03-20,120774.42991322665,delisted
POLN.SW,Polyphor AG,Unknown,Switzerland,EUR,25,,CH0106213793,POLN.SW,2022-03-03,96126.97195191756,delisted
SRT.US,StarTek Inc,Unknown,USA,EUR,25,,US85569C1071,SRT.US,2024-01-05,294682.67417104903,delisted
VIRI.US,Virios Therapeutics Llc,Unknown,USA,EUR,25,,US92829J1043,VIRI.US,2024-12-10,126532.45242250476,delisted
CTDH.US,Cyclo Therapeutics Inc,Unknown,USA,EUR,25,,US23254X1028,CTDH.US,2021-02-09,663083.7490273456,delisted
LRENY.US,Lojas Renner SA ADR,Unknown,USA,EUR,25,,US54146M2026,LRENY.US,2024-04-01,52906.95625323849,delisted
OBJ.AU,OBJ Limited,Unknown,Australia,EUR,25,,AU000000OBJ3,OBJ.AU,2020-05-06,268411.3260017697,delisted
EUT.LSE,Baillie Gifford European Growth Trust plc,Unknown,UK,EUR,25,,GB0003295010,EUT.LSE,2019-12-02,245492.3840403809,delisted
DHXM.US,WildBrain Ltd,Unknown,USA,EUR,25,,US2524066089,DHXM.US,2019-12-23,85416.90449279457,delisted
PIX.PA,Pixium Vision SA,Unknown,France,EUR,25,,FR0011950641,PIX.PA,2020-04-16,73882.0,delisted
MGRM.US,Monogram Orthopaedics Inc. Common Stock,Unknown,USA,EUR,25,,US6097861081,MGRM.US,2025-10-06,142531.27896578592,delisted
MBII.US,Marrone Bio Innovations Inc,Unknown,USA,EUR,25,,US57165B1061,MBII.US,2022-08-03,184094.077080439,delisted
SFE.US,"Safeguard Scientifics, Inc. Common Stock",Unknown,USA,EUR,25,,US7864492076,SFE.US,2024-02-09,199417.25944388527,delisted
HOS.US,Hornbeck Offshore Services Inc,Unknown,USA,EUR,25,,US4405431069,HOS.US,2019-12-27,614539.9044108018,delisted
ZFOX.US,ZeroFox Holdings Inc.,Unknown,USA,EUR,25,,US98955G1031,ZFOX.US,2024-05-13,142198.51426015812,delisted
PBY.XETRA,Publity AG,Unknown,Germany,EUR,25,,DE0006972508,PBY.XETRA,2024-08-01,95246.7126,delisted
CGM.PA,Cegedim S.A.,Unknown,France,EUR,25,,FR0000053506,CGM.PA,2025-09-03,95391.1674,delisted
MDXH.BR,Mdxhealth,Unknown,Belgium,EUR,25,,BE0003844611,MDXH.BR,2023-12-18,96325.555,delisted
034300.KO,Shinsegae Cons,Unknown,South Korea,EUR,25,,KR7034300004,034300.KO,2025-02-21,153062.00981900378,delisted
HKSAV.HE,HKScan Oyj A,Unknown,Finland,EUR,25,,FI0009006308,HKSAV.HE,2024-07-25,77621.8815,delisted
LMI.LSE,Lonmin Plc,Unknown,UK,EUR,25,,GB00BYSRJ698,LMI.LSE,2019-06-07,699647.2319265951,delisted
ODHN.SW,Orascom Development Holding AG,Unknown,Switzerland,EUR,25,,CH0038285679,ODHN.SW,2025-06-04,73004.26676560615,delisted
CRH.TO,CRH Medical Corporation,Unknown,Canada,EUR,25,,CA12626F1053,CRH.TO,2021-04-22,371954.6833645343,delisted
UHG.US,United Homes Group Inc.,Unknown,USA,EUR,25,,US91060H1086,UHG.US,2026-05-15,129669.20725060187,delisted
HEXA.PA,Hexaom S.A,Unknown,France,EUR,25,,FR0004159473,HEXA.PA,2023-02-16,77626.976,delisted
ISDR.US,Issuer Direct Corp,Unknown,USA,EUR,25,,US46520M2044,ISDR.US,2025-01-24,99741.40999494774,delisted
GSH.US,Guangshen Railway Company Limited,Unknown,USA,EUR,25,,US40065W1071,GSH.US,2021-01-28,130379.33179762104,delisted
PVCS.LSE,PV Crystalox Solar plc,Unknown,UK,EUR,25,,GB00BJ0CHQ31,PVCS.LSE,2020-09-29,91201.319019896,delisted
WMC.AU,Wiluna Mining Corporation Ltd,Unknown,Australia,EUR,25,,AU0000164139,WMC.AU,2022-07-19,116736.38426028144,delisted
SPO.LSE,Sportech PLC,Unknown,UK,EUR,25,,GB00B28ZPV64,SPO.LSE,2023-10-16,86101.36892539356,delisted
FSNT.XETRA,Fashionette AG,Unknown,Germany,EUR,25,,DE000A2QEFA1,FSNT.XETRA,2023-11-14,85765.70499999999,delisted
AOJ-P.CO,Brødrene A & O Johansen A/S,Unknown,Denmark,EUR,25,,DK0060803831,AOJ-P.CO,2022-05-25,135085.9203545748,delisted
SAVR.TA,SaverOne 2014 Ltd,Unknown,Israel,EUR,25,,IL0011666935,SAVR.TA,2022-08-04,61051.32162639739,delisted
CARE.TO,Dialogue Health Technologies Inc,Unknown,Canada,EUR,25,,CA25249F1045,CARE.TO,2023-10-04,138991.0687671219,delisted
TUES.US,Tuesday Morning Corporation,Unknown,USA,EUR,25,,US8990355054,TUES.US,2020-10-21,473253.4636925557,delisted
OKDBV.HE,Oriola-KD Oyj B,Unknown,Finland,EUR,25,,FI0009014351,OKDBV.HE,2025-06-18,167687.5343,delisted
PHD.LSE,Proactis Holdings PLC,Unknown,UK,EUR,25,,GB00B13GSS58,PHD.LSE,2021-07-27,78854.29537126675,delisted
YOSH.US,Yoshiharu Global Co.,Unknown,USA,EUR,25,,US98740Y3027,YOSH.US,2025-11-04,67136.05825520463,delisted
ALEF.TO,Aleafia Health Inc,Unknown,Canada,EUR,25,,CA01444Q1046,ALEF.TO,2020-06-01,230297.870544717,delisted
CTZ.US,Qwest Corp. NT,Unknown,USA,EUR,25,,US74913G7097,CTZ.US,2021-12-17,252412.48795532843,delisted
PMG.OL,Play Magnus AS,Unknown,Norway,EUR,25,,NO0010890726,PMG.OL,2022-12-28,153589.5132046803,delisted
PROB.ST,Probi AB,Unknown,Sweden,EUR,25,,SE0001280355,PROB.ST,2025-02-12,76148.2254122408,delisted
VTAQ.US,Ventoux CCM Acquisition Corp,Unknown,USA,EUR,25,,US92280L1017,VTAQ.US,2023-01-19,111585.58295910923,delisted
LKM.US,Link Motion Inc,Unknown,USA,EUR,25,,US53577L1052,LKM.US,2018-12-20,704257.0154376312,delisted
BST.AU,Best & Less Group Holdings Ltd,Unknown,Australia,EUR,25,,AU0000160798,BST.AU,2023-07-20,112617.51406219664,delisted
SDR.US,SandRidge Mississippian Trust II,Unknown,USA,EUR,25,,US80007V1061,SDR.US,2019-11-11,92120.78552747535,delisted
XIL.PA,Xilam Animation,Unknown,France,EUR,25,,FR0004034072,XIL.PA,2025-09-18,110295.9,delisted
AAV.US,Advantage Oil & Gas Ltd,Unknown,USA,EUR,25,,US0036872093,AAV.US,2018-09-21,534001.5029540802,delisted
PONY.TO,Painted Pony Energy Ltd,Unknown,Canada,EUR,25,,CA6957791081,PONY.TO,2020-10-07,592743.8910310684,delisted
AUTO.US,Autoweb Inc,Unknown,USA,EUR,25,,US05335B1008,AUTO.US,2022-09-09,150253.02409553522,delisted
WSO1.XETRA,wallstreet:online AG,Unknown,Germany,EUR,25,,DE000A2GS609,WSO1.XETRA,2022-11-02,87359.5,delisted
MAX.TO,Perpetua Resources Corp,Unknown,Canada,EUR,25,,CA59562B1013,MAX.TO,2021-04-20,76592.60244811069,delisted
NHOA.PA,Nhoa SA,Unknown,France,EUR,25,,FR0012650166,NHOA.PA,2024-12-09,65458.694599999995,delisted
H5E.XETRA,HELMA Eigenheimbau Aktiengesellschaft,Unknown,Germany,EUR,25,,DE000A0EQ578,H5E.XETRA,2024-06-19,100747.63785,delisted
VRP.LSE,Verona Pharma plc,Unknown,UK,EUR,25,,GB00BYW2KH80,VRP.LSE,2021-12-17,85156.53425491766,delisted
LBIX.US,Leading Brands Inc,Unknown,USA,EUR,25,,US52170U2078,LBIX.US,2018-08-10,590074.537068671,delisted
SYNC.US,Synacor Inc,Unknown,USA,EUR,25,,US8715611062,SYNC.US,2021-03-31,131936.3208214988,delisted
BCRH.US,Blue Capital Reinsurance Holdings Ltd,Unknown,USA,EUR,25,,USG1189R1044,BCRH.US,2020-04-16,130313.83561127343,delisted
ALBUD.PA,Mint SA,Unknown,France,EUR,25,,FR0004172450,ALBUD.PA,2024-01-15,61037.0,delisted
FCSC.US,Fibrocell Science Inc,Unknown,USA,EUR,25,,US3157211000,FCSC.US,2019-12-12,383435.41607505793,delisted
CHW.TO,Chesswood Group Limited,Unknown,Canada,EUR,25,,CA16550A1075,CHW.TO,2024-12-17,63424.3097350907,delisted
AST.US,Asterias Biotherapeutics Inc,Unknown,USA,EUR,25,,US04624N1072,AST.US,2019-03-07,242384.77157360408,delisted
NVLN.US,Novelion Therapeutics Inc,Unknown,USA,EUR,25,,US67001K1034,NVLN.US,2019-10-08,204716.4317062839,delisted
DNZ.US,D and Z Media Acquisition Corp,Unknown,USA,EUR,25,,US23305Q1067,DNZ.US,2023-06-28,51082.56824813706,delisted
ALJJ.US,ALJ Regional Holdings Inc,Unknown,USA,EUR,25,,US0016271084,ALJJ.US,2023-05-25,58208.18186118333,delisted
AKG.TO,Galiano Gold Inc,Unknown,Canada,EUR,25,,CA04341Y1051,AKG.TO,2020-06-01,156147.67602972666,delisted
CNF.PA,Caisse Régionale de Crédit Agricole Mutuel Nord de France Société coopérative,Unknown,France,EUR,25,,FR0000185514,CNF.PA,2023-02-17,77278.025,delisted
DWIN.US,Delwinds Insurance Acquisition Corp,Unknown,USA,EUR,25,,US24803C1027,DWIN.US,2023-01-19,140884.8881256976,delisted
UPG.BR,Unifiedpost Group SA,Unknown,Belgium,EUR,25,,BE0974371032,UPG.BR,2025-06-18,68246.1,delisted
IDP.LSE,InnovaDerma PLC,Unknown,UK,EUR,25,,GB00BT9PTW34,IDP.LSE,2022-05-31,53096.7991506335,delisted
VGI.AU,Vgi Partners Ltd,Unknown,Australia,EUR,25,,AU0000046831,VGI.AU,2022-08-08,58898.177725887006,delisted
AYLA.US,Ayala Pharmaceuticals Inc,Unknown,USA,EUR,25,,US05465V1089,AYLA.US,2023-01-27,90485.61615061414,delisted
ZORDIX-B.ST,Zordix AB Series B,Unknown,Sweden,EUR,25,,SE0011725506,ZORDIX-B.ST,2023-10-03,64416.70900881036,delisted
ONXEO.PA,Onxeo SA,Unknown,France,EUR,25,,FR0010095596,ONXEO.PA,2021-02-12,114515.8405,delisted
CLAS.US,Class Acceleration Corp,Unknown,USA,EUR,25,,US18274B1061,CLAS.US,2022-12-30,69947.7790283371,delisted
KTEK.XETRA,Katek Se,Unknown,Germany,EUR,25,,DE000A2TSQH7,KTEK.XETRA,2024-05-20,69624.45,delisted
HLUYY.US,H Lundbeck A/S ADR,Unknown,USA,EUR,25,,US40422M2061,HLUYY.US,2022-08-09,53305.15237294139,delisted
CELP.US,Cypress Environmental Partners L.P.,Unknown,USA,EUR,25,,US2327511075,CELP.US,2022-05-09,85289.77566299838,delisted
PMD.US,Psychemedics Corporation,Unknown,USA,EUR,25,,US7443752057,PMD.US,2024-12-12,87178.94685495994,delisted
GBB.PA,Bourbon Corporation SA,Unknown,France,EUR,25,,FR0004548873,GBB.PA,2020-06-19,158356.215,delisted
SPOR.ST,Sportamore AB (publ),Unknown,Sweden,EUR,25,,SE0004777241,SPOR.ST,2020-05-08,54223.80183515142,delisted
RCLF.US,Rosecliff Acquisition Corp I,Unknown,USA,EUR,25,,US77732R1032,RCLF.US,2023-11-29,64936.88485878908,delisted
NETS.US,Netshoes (Cayman) Limited,Unknown,USA,EUR,25,,USG6455X1075,NETS.US,2019-06-14,325626.61421363207,delisted
93M.XETRA,MPH Health Care AG,Unknown,Germany,EUR,25,,DE000A289V03,93M.XETRA,2021-01-27,53500.307400000005,delisted
IC.CO,IC Group A/S,Unknown,Denmark,EUR,25,,DK0010221803,IC.CO,2019-08-02,98050.36293259324,delisted
TSBX.US,Turnstone Biologics Corp. Common Stock,Unknown,USA,EUR,25,,US90042W1009,TSBX.US,2025-08-11,102354.15012464224,delisted
079660.KO,SAJOHAEPYO Corp.,Unknown,South Korea,EUR,25,,KR7079660007,079660.KO,2019-06-28,173655.98240238824,delisted
PGLC.US,Pershing Gold Corporation,Unknown,USA,EUR,25,,US7153022048,PGLC.US,2019-04-03,126100.51824772725,delisted
VISI.US,Volt Information Sciences Inc,Unknown,USA,EUR,25,,US9287031077,VISI.US,2019-09-06,80479.14098777821,delisted
MOD.AU,MOD Resources Limited,Unknown,Australia,EUR,25,,AU000000MOD3,MOD.AU,2019-10-28,327826.52380212455,delisted
NVCN.US,Neovasc Inc,Unknown,Canada,EUR,25,,CA64065J4037,NVCN.US,2023-04-20,19672134.226425007,delisted
METX.US,Meten Edtechx Education Group Ltd,Unknown,Cayman,EUR,25,,KYG6055H1487,METX.US,2023-11-30,78295279.93254638,delisted
091990.KQ,Celltrion Healthcare Co. Ltd,Unknown,South Korea,EUR,25,,KR7091990002,091990.KQ,2023-12-15,45681149.63105927,delisted
ESV.US,Valaris plc,Unknown,UK,EUR,25,,GB00B4VLR192,ESV.US,2019-07-30,248357678.43126592,delisted
258830.KQ,Sejong Medical Co. Ltd,Unknown,South Korea,EUR,25,,KR7258830009,258830.KQ,2024-03-29,705329.0570284978,delisted
VEDU.US,Visionary Education Technology Holdings Group Inc,Unknown,Canada,EUR,25,,CA92838F1018,VEDU.US,2023-12-08,1118230.9927412989,delisted
073070.KQ,Esmo Corporation,Unknown,South Korea,EUR,25,,KR7073070005,073070.KQ,2020-08-07,4362763.442127026,delisted
EROS.US,Eros STX Global Corporation,Unknown,—,EUR,25,,IM00B86NL059,EROS.US,2020-10-13,80766900.03709745,delisted
BTWN.US,Bridgetown Holdings Ltd,Unknown,Cayman,EUR,25,,KYG1355U1132,BTWN.US,2024-03-20,1306603.8949224106,delisted
ALTM.US,Arcadium Lithium plc,Unknown,Jersey,EUR,25,,JE00BM9HZ112,ALTM.US,2025-03-05,38515665.99248772,delisted
SINA.US,SINA Corporation,Unknown,Cayman,EUR,25,,KYG814771047,SINA.US,2021-03-22,40222472.14737421,delisted
066790.KQ,Korea Cable T.V Chung-Buk System Co. Ltd.,Unknown,South Korea,EUR,25,,KR7066790007,066790.KQ,2025-06-20,431903.5567959167,delisted
MDR.US,McDermott International Inc,Unknown,—,EUR,25,,PA5800371096,MDR.US,2020-10-05,42123054.86591862,delisted
2922.HK,Oriental Explorer Holdings Limited,Unknown,Bermuda,EUR,25,,BMG6771J1053,2922.HK,2023-02-10,36120940.86508375,delisted
318020.KQ,Point Mobile Co. Ltd,Unknown,South Korea,EUR,25,,KR7318020005,318020.KQ,2024-10-28,1210834.868289652,delisted
KAL.US,Kalera Public Limited Company Ordinary Shares,Unknown,Ireland,EUR,25,,IE0009BOA4C9,KAL.US,2023-06-16,515795.0939935809,delisted
214610.KQ,Mico BioMed Co. Ltd.,Unknown,South Korea,EUR,25,,KR7214610008,214610.KQ,2026-03-23,759089.7573823535,delisted
208340.KQ,PharmAbcine Inc,Unknown,South Korea,EUR,25,,KR7208340000,208340.KQ,2024-01-19,1517167.280472484,delisted
6589.TWO,EirGenix,Unknown,Taiwan,EUR,25,,TW0006589005,6589.TWO,2025-09-18,1265647.168308579,delisted
PLIN.US,China Xiangtai Food Co. Ltd,Unknown,Cayman,EUR,25,,KYG216211006,PLIN.US,2022-04-18,9896424.448217316,delisted
136510.KQ,Semisysco Co. Ltd,Unknown,South Korea,EUR,25,,KR7136510005,136510.KQ,2022-03-29,227878.90050341148,delisted
BPY.US,Brookfield Property Partners L.P,Unknown,Bermuda,EUR,25,,BMG162491077,BPY.US,2021-09-23,13594863.848429192,delisted
IGT.US,International Game Technology PLC,Unknown,UK,EUR,25,,GB00BVG7F061,IGT.US,2025-09-02,23258485.14434261,delisted
OTMO.US,Otonomo Technologies Ltd,Unknown,Israel,EUR,25,,IL0011791006,OTMO.US,2024-03-20,1231866.8897141858,delisted
NWTN.US,NWTN Inc. Class B Ordinary Shares,Unknown,Cayman,EUR,25,,KYG6693P1063,NWTN.US,2025-08-27,158356.72916462162,delisted
8NI.XETRA,Nikola Corporation,Unknown,USA,EUR,25,,US6541101050,8NI.XETRA,2024-06-24,4175571.36,delisted
GAN.US,Gan Ltd,Unknown,Bermuda,EUR,25,,BMG3728V1090,GAN.US,2025-05-23,754755.333065003,delisted
066410.KQ,Bucket Studio Co. Ltd,Unknown,South Korea,EUR,25,,KR7066410002,066410.KQ,2023-03-03,683157.9277856637,delisted
019550.KQ,SBI Investment KOREA Co. Ltd,Unknown,South Korea,EUR,25,,KR7019550003,019550.KQ,2026-04-24,567511.9887165022,delisted
CVAC.US,CureVac NV,Unknown,Netherlands,EUR,25,,NL0015436031,CVAC.US,2026-01-06,4324574.468085106,delisted
177350.KQ,Vessel Co. Ltd,Unknown,South Korea,EUR,25,,KR7177350006,177350.KQ,2024-12-19,522931.24144894583,delisted
DLPH.US,Delphi Technologies PLC,Unknown,Jersey,EUR,25,,JE00BD85SC56,DLPH.US,2020-10-02,32093534.22138192,delisted
268600.KQ,Cellivery Therapeutics Inc,Unknown,South Korea,EUR,25,,KR7268600004,268600.KQ,2023-03-23,11685931.19016714,delisted
BOO.LSE,Boohoo.com PLC,Unknown,Jersey,EUR,25,,JE00BG6L7297,BOO.LSE,2025-03-28,11012436.44183116,delisted
033790.KQ,Skymoons Technology Inc.,Unknown,South Korea,EUR,25,,KR7033790007,033790.KQ,2024-10-29,166725.953918346,delisted
6606.HK,New Horizon Health Ltd,Unknown,Cayman,EUR,25,,KYG6485S1021,6606.HK,2025-10-24,1928993.352326686,delisted
1992.HK,Fosun Tourism Group,Unknown,Cayman,EUR,25,,KYG365731069,1992.HK,2025-03-19,432632.8622769726,delisted
052420.KQ,Osung Advanced Materials Co. Ltd,Unknown,South Korea,EUR,25,,KR7052420007,052420.KQ,2024-10-28,1360192.2899456725,delisted
056090.KQ,U&I Corporation,Unknown,South Korea,EUR,25,,KR7056090004,056090.KQ,2024-10-28,196943.96126747603,delisted
150840.KQ,Intromedic Co Ltd,Unknown,South Korea,EUR,25,,KR7150840007,150840.KQ,2022-03-14,1238951.246439746,delisted
TUI.LSE,TUI AG,Unknown,Germany,EUR,25,,DE000TUAG000,TUI.LSE,2024-06-21,11397057.252389088,delisted
LGF-A.US,Lions Gate Entertainment Corp,Unknown,Canada,EUR,25,,CA5359194019,LGF-A.US,2025-05-06,8367012.366779786,delisted
044060.KQ,Jokwang ILI Co. Ltd,Unknown,South Korea,EUR,25,,KR7044060002,044060.KQ,2023-04-26,885942.7000506322,delisted
052670.KQ,Cheilbio Co. Ltd,Unknown,South Korea,EUR,25,,KR7052670007,052670.KQ,2023-07-20,693391.6628866511,delisted
024950.KQ,Samchuly Bicycle Co. Ltd,Unknown,South Korea,EUR,25,,KR7024950008,024950.KQ,2026-01-12,246962.04803414777,delisted
117670.KQ,Alpha Holdings Inc,Unknown,South Korea,EUR,25,,KR7117670000,117670.KQ,2023-04-07,818511.773413298,delisted
OSH.AU,Oil Search Limited,Unknown,—,EUR,25,,PG0008579883,OSH.AU,2021-12-20,17901276.184616372,delisted
SSPK.US,Silver Spike Acquisition Corp,Unknown,Cayman,EUR,25,,KYG8136L1068,SSPK.US,2021-08-17,1053424.52108073,delisted
LICY.US,LiCycle Holdings Corp,Unknown,Canada,EUR,25,,CA50202P1053,LICY.US,2025-02-26,5321285.652271988,delisted
086250.KQ,Innowise Co.Ltd,Unknown,South Korea,EUR,25,,KR7086250008,086250.KQ,2020-04-29,390189.0629765173,delisted
126870.KQ,Neuros Co. Ltd,Unknown,South Korea,EUR,25,,KR7126870005,126870.KQ,2021-03-23,1146514.7562002302,delisted
182400.KQ,ATGen Co Ltd,Unknown,South Korea,EUR,25,,KR7182400002,182400.KQ,2024-03-25,2484852.913480734,delisted
068240.KQ,Dawonsys Co.Ltd,Unknown,South Korea,EUR,25,,KR7068240001,068240.KQ,2026-03-16,2248218.8130660625,delisted
031390.KQ,Green Cross Cell Corporation,Unknown,South Korea,EUR,25,,KR7031390008,031390.KQ,2021-10-27,3319552.186151995,delisted
043220.KQ,HLB Power Co. Ltd,Unknown,South Korea,EUR,25,,KR7043220003,043220.KQ,2025-03-31,474935.8441986597,delisted
IS.US,ironSource,Unknown,Israel,EUR,25,,IL0011763799,IS.US,2022-11-04,15835320.311700234,delisted
064510.KQ,Ecomaister Co. Ltd,Unknown,South Korea,EUR,25,,KR7064510001,064510.KQ,2021-05-17,1058201.8490612097,delisted
033340.KQ,GOODPEOPLE Co. Ltd,Unknown,South Korea,EUR,25,,KR7033340001,033340.KQ,2024-10-29,1735621.44819849,delisted
073640.KQ,TERA SCIENCE Co.LTD,Unknown,South Korea,EUR,25,,KR7073640005,073640.KQ,2024-03-19,376829.9035393689,delisted
LGF-B.US,Lions Gate Entertainment Corp,Unknown,Canada,EUR,25,,CA5359195008,LGF-B.US,2025-05-06,6853846.796392974,delisted
263050.KQ,Eutilex.Co.Ltd,Unknown,South Korea,EUR,25,,KR7263050007,263050.KQ,2026-02-06,1286017.513784646,delisted
HAPP.US,Happiness Biotech Group Ltd,Unknown,Cayman,EUR,25,,KYG4289N1144,HAPP.US,2023-05-15,3711857.4013464386,delisted
036690.KQ,COMMAX Co.Ltd,Unknown,South Korea,EUR,25,,KR7036690006,036690.KQ,2024-03-21,271104.4711439149,delisted
276040.KQ,SKONEC Entertainment Co. Ltd.,Unknown,South Korea,EUR,25,,KR7276040003,276040.KQ,2026-04-07,533979.3252603456,delisted
067630.KQ,HLB Life Science Co. Ltd,Unknown,South Korea,EUR,25,,KR7067630004,067630.KQ,2026-01-15,6074264.61325919,delisted
038160.KQ,PAXNet Inc,Unknown,South Korea,EUR,25,,KR7038160008,038160.KQ,2020-03-23,810925.162870056,delisted
284620.KQ,Kainos Medicine Inc,Unknown,South Korea,EUR,25,,KR7284620002,284620.KQ,2025-08-14,278003.3776866589,delisted
078130.KQ,Kuk-Il Paper Mfg Co.Ltd,Unknown,South Korea,EUR,25,,KR7078130002,078130.KQ,2023-03-13,4336939.0527099855,delisted
MFCB.US,MFC Bancorp Ltd,Unknown,Cayman,EUR,25,,KYG7T96K1077,MFCB.US,2020-10-08,1927897.2288267608,delisted
245620.KQ,Eone Diagnomics Genome Center Co. Ltd,Unknown,South Korea,EUR,25,,KR7245620000,245620.KQ,2024-04-05,1445387.4008474848,delisted
196490.KQ,DA Technology Co Ltd,Unknown,South Korea,EUR,25,,KR7196490007,196490.KQ,2024-04-11,1234629.8689278965,delisted
NETI.US,Eneti Inc,Unknown,—,EUR,25,,MHY2294C1075,NETI.US,2023-12-28,2236612.817753121,delisted
6452.TW,Pharmally International Holding Company Limited,Unknown,Cayman,EUR,25,,KYG7060F1019,6452.TW,2021-03-31,3850542.345081677,delisted
083640.KQ,Incon Co.Ltd,Unknown,South Korea,EUR,25,,KR7083640003,083640.KQ,2024-10-29,1085985.399627839,delisted
078650.KQ,G9pharma co. LTD,Unknown,South Korea,EUR,25,,KR7078650009,078650.KQ,2022-03-02,490889.0458773314,delisted
222810.KQ,Kyobo 4 Special Purpose Acq,Unknown,South Korea,EUR,25,,KR7222810004,222810.KQ,2024-04-04,964526.184798347,delisted
WE.V,WeCommerce Holdings Ltd,Unknown,Canada,EUR,25,,CA94847U1030,WE.V,2023-04-19,82976.93493953426,delisted
0286.HK,Aidigong Maternal & Child Health Ltd,Unknown,Bermuda,EUR,25,,BMG0133U1062,0286.HK,2025-02-21,366548.6953627956,delisted
PURE.LSE,PureCircle Limited,Unknown,Bermuda,EUR,25,,BMG7300G1096,PURE.LSE,2020-07-01,140415.8678480797,delisted
175250.KQ,Icure Pharmaceutical Incorporation,Unknown,South Korea,EUR,25,,KR7175250000,175250.KQ,2025-08-05,1261450.0815290792,delisted
094820.KQ,Iljin Power Co. Ltd,Unknown,South Korea,EUR,25,,KR7094820008,094820.KQ,2025-06-13,520829.1176612719,delisted
032860.KQ,Human N Inc,Unknown,South Korea,EUR,25,,KR7032860009,032860.KQ,2024-10-28,372842.0736255373,delisted
053950.KQ,Kyung Nam Pharm Co Ltd,Unknown,South Korea,EUR,25,,KR7053950002,053950.KQ,2024-10-29,639781.003417611,delisted
080720.KQ,Union Korea Pharm Co. Ltd,Unknown,South Korea,EUR,25,,KR7080720006,080720.KQ,2024-10-11,344597.50626043405,delisted
226440.KQ,Dongbu 3rd SPAC,Unknown,South Korea,EUR,25,,KR7226440006,226440.KQ,2022-03-23,832464.2859671427,delisted
053590.KQ,HANKOOK Technology Inc,Unknown,South Korea,EUR,25,,KR7053590006,053590.KQ,2023-02-16,788893.8392243877,delisted
079970.KQ,TOBESOFT Co. Ltd,Unknown,South Korea,EUR,25,,KR7079970000,079970.KQ,2025-03-21,512658.7349561104,delisted
072520.KQ,GenNBio Inc,Unknown,South Korea,EUR,25,,KR7072520000,072520.KQ,2024-03-21,707287.1831067076,delisted
AZRE.US,Azure Power Global Ltd,Unknown,—,EUR,25,,MU0527S00004,AZRE.US,2023-09-13,374631.1613475178,delisted
033600.KQ,Luxl Co. Ltd,Unknown,South Korea,EUR,25,,KR7033600008,033600.KQ,2020-02-11,592006.5998263203,delisted
CCRC.US,China Customer Relations Centers Inc,Unknown,—,EUR,25,,VGG2118P1027,CCRC.US,2021-07-06,341686.6102466066,delisted
9666.HK,Jinke Smart Services Group Co Ltd,Unknown,—,EUR,25,,CNE1000048F8,9666.HK,2026-02-20,1094123.0407196432,delisted
052190.KQ,ESA Co. Ltd,Unknown,South Korea,EUR,25,,KR7052190006,052190.KQ,2020-03-23,325676.93771387363,delisted
064090.KQ,FN REPUBLIC Co. Ltd,Unknown,South Korea,EUR,25,,KR7064090004,064090.KQ,2026-02-06,221799.58799084544,delisted
HTC.V,HTC Purenergy Inc.,Unknown,Canada,EUR,25,,CA40432D1050,HTC.V,2025-07-11,3777253.776228556,delisted
TRMR.LSE,Tremor International Ltd,Unknown,Israel,EUR,25,,IL0011320343,TRMR.LSE,2024-01-09,760264.6003690867,delisted
PACD.US,Pacific Drilling S.A.,Unknown,Luxembourg,EUR,25,,LU1405802361,PACD.US,2020-10-30,983826.8619171684,delisted
ORIG.US,Ocean Rig UDW Inc,Unknown,Cayman,EUR,25,,KYG669641188,ORIG.US,2018-12-17,14204947.74969619,delisted
888.LSE,888 Holdings,Unknown,—,EUR,25,,GI000A0F6407,888.LSE,2024-05-13,1811483.7826287467,delisted
234920.KQ,Zaigle Co. Ltd,Unknown,South Korea,EUR,25,,KR7234920007,234920.KQ,2025-10-29,252155.8384760377,delisted
900100.KQ,New Pride Corporation,Unknown,USA,EUR,25,,USU652221081,900100.KQ,2019-05-16,5682397.610244847,delisted
138690.KQ,LIS Co. Ltd,Unknown,South Korea,EUR,25,,KR7138690003,138690.KQ,2022-06-21,514374.4059531952,delisted
097780.KQ,Smac Co. Ltd,Unknown,South Korea,EUR,25,,KR7097780001,097780.KQ,2024-10-28,1376985.5466232705,delisted
058450.KQ,ILYA Co. Ltd,Unknown,South Korea,EUR,25,,KR7058450008,058450.KQ,2024-10-29,252447.54676264312,delisted
TUFN.US,Tufin Software Technologies Ltd,Unknown,Israel,EUR,25,,IL0011571556,TUFN.US,2022-09-07,2423012.6896891147,delisted
041590.KQ,Gemvaxzio Co. Ltd,Unknown,South Korea,EUR,25,,KR7041590001,041590.KQ,2024-03-28,362432.5752821035,delisted
091970.KQ,Nano Chem Tech Inc,Unknown,South Korea,EUR,25,,KR7091970004,091970.KQ,2024-10-28,403378.7206999497,delisted
049180.KQ,Cellumed Co. Ltd,Unknown,South Korea,EUR,25,,KR7049180003,049180.KQ,2026-03-16,1270273.2114745162,delisted
290380.KQ,Daeyu Co. Ltd,Unknown,South Korea,EUR,25,,KR7290380005,290380.KQ,2023-04-26,1100170.6445062775,delisted
ANFI.US,Amira Nature Foods Ltd,Unknown,—,EUR,25,,VGG0335L2012,ANFI.US,2020-10-07,5258029.186416697,delisted
TARO.US,Taro Pharmaceutical Industries Ltd,Unknown,Israel,EUR,25,,IL0010827181,TARO.US,2024-06-21,1924509.802947508,delisted
065620.KQ,Jenax Inc,Unknown,South Korea,EUR,25,,KR7065620007,065620.KQ,2020-03-27,976057.5072691732,delisted
030350.KQ,Dragonfly GF Co. Ltd,Unknown,South Korea,EUR,25,,KR7030350003,030350.KQ,2025-03-21,310248.59118833713,delisted
138360.KQ,Act Co Ltd,Unknown,South Korea,EUR,25,,KR7138360003,138360.KQ,2019-03-20,1635296.6857196623,delisted
9997.HK,Kangji Medical Holdings Ltd,Unknown,Cayman,EUR,25,,KYG5215A1004,9997.HK,2025-12-10,1187235.41989588,delisted
054630.KQ,Advanced Digital Chips Inc,Unknown,South Korea,EUR,25,,KR7054630009,054630.KQ,2024-04-05,644207.4306892927,delisted
139050.KQ,Citylabs Co.Ltd,Unknown,South Korea,EUR,25,,KR7139050009,139050.KQ,2024-04-05,414620.58967348264,delisted
1212.HK,Lifestyle International Holdings Ltd,Unknown,Cayman,EUR,25,,KYG548561284,1212.HK,2022-12-20,646199.1275393473,delisted
GLOG.US,GasLog Ltd,Unknown,Bermuda,EUR,25,,BMG375851091,GLOG.US,2021-10-20,3428966.9591124263,delisted
019590.KQ,M-Venture Investment Inc.,Unknown,South Korea,EUR,25,,KR7019590009,019590.KQ,2024-03-19,452797.1834276,delisted
024810.KQ,EHWA Technologies Information Co. Ltd,Unknown,South Korea,EUR,25,,KR7024810004,024810.KQ,2023-05-12,1099122.747303459,delisted
032790.KQ,Mgenplus Co. Ltd.,Unknown,South Korea,EUR,25,,KR7032790008,032790.KQ,2024-10-29,805277.5374997077,delisted
044180.KQ,KD Corporation,Unknown,South Korea,EUR,25,,KR7044180008,044180.KQ,2026-03-23,277785.8634047528,delisted
SBBP.US,Strongbridge Biopharma plc,Unknown,Ireland,EUR,25,,IE00BYZ5XL97,SBBP.US,2021-10-05,756708.4744131719,delisted
WKME.US,Walkme Ltd,Unknown,Israel,EUR,25,,IL0011765851,WKME.US,2024-09-12,1228717.1275064934,delisted
096610.KQ,RFsemi Technologies Inc,Unknown,South Korea,EUR,25,,KR7096610001,096610.KQ,2024-01-19,435414.7831126567,delisted
001840.KQ,EE-HWA Construction Co. Ltd,Unknown,South Korea,EUR,25,,KR7001840008,001840.KQ,2025-04-01,723662.0734315232,delisted
039670.KQ,Hanryu Times Co Ltd.,Unknown,South Korea,EUR,25,,KR7039670005,039670.KQ,2019-06-20,626026.0134984131,delisted
241820.KQ,PCL Inc,Unknown,South Korea,EUR,25,,KR7241820000,241820.KQ,2025-03-21,691417.6931815033,delisted
226340.KQ,HMCIB SPAC 3,Unknown,South Korea,EUR,25,,KR7226340008,226340.KQ,2025-01-08,475602.2989234658,delisted
NM.US,Navios Maritime Holdings Inc,Unknown,—,EUR,25,,MHY621971198,NM.US,2023-12-13,601955.5296439142,delisted
DVS.US,Dolly Varden Silver Corporation,Unknown,Canada,EUR,25,,CA2568277834,DVS.US,2026-03-26,58450.7063076242,delisted
009620.KQ,Sambo Industrial,Unknown,South Korea,EUR,25,,KR7009620006,009620.KQ,2024-10-29,295782.750222448,delisted
127160.KQ,Magic Micro Co Ltd,Unknown,South Korea,EUR,25,,KR7127160000,127160.KQ,2021-01-18,690057.5235997238,delisted
TRSSF.US,Terrascend Corp,Unknown,Canada,EUR,25,,CA88105E1088,TRSSF.US,2023-09-06,329677.41827519034,delisted
101390.KQ,IM Co.Ltd,Unknown,South Korea,EUR,25,,KR7101390003,101390.KQ,2025-04-07,494508.75888954254,delisted
4945.TWO,Sentelic Corp,Unknown,Taiwan,EUR,25,,TW0004945001,4945.TWO,2026-01-29,112180.5300690504,delisted
056000.KQ,COWON Co. Ltd,Unknown,South Korea,EUR,25,,KR7056000003,056000.KQ,2021-01-04,65844.57015814038,delisted
230980.KQ,AIIT ONE Co. Ltd.,Unknown,South Korea,EUR,25,,KR7230980005,230980.KQ,2024-03-21,603595.8412419417,delisted
035290.KQ,WFM Inc.,Unknown,South Korea,EUR,25,,KR7035290006,035290.KQ,2024-10-29,383620.01372408017,delisted
054220.KQ,VitzroSys Co Ltd,Unknown,South Korea,EUR,25,,KR7054220009,054220.KQ,2024-10-29,347867.2433532629,delisted
161570.KQ,THE MIDONG Co. Ltd,Unknown,South Korea,EUR,25,,KR7161570007,161570.KQ,2023-12-14,213195.64199253148,delisted
203690.KQ,Prostemics Co. Ltd,Unknown,South Korea,EUR,25,,KR7203690003,203690.KQ,2025-01-22,591694.8351247027,delisted
FTEL.US,Fitell Corporation Ordinary Shares,Unknown,Cayman,EUR,25,,KYG351501047,FTEL.US,2026-05-13,324476.1047967068,delisted
MTRX.V,Fobi Ai Inc,Unknown,Canada,EUR,25,,CA34416F1036,MTRX.V,2023-02-07,1530102.034205753,delisted
DTEA.US,DAVIDsTEA Inc.,Unknown,Canada,EUR,25,,CA2386611024,DTEA.US,2023-06-23,108010.0,delisted
043590.KQ,Clover Hitechnology Co. Ltd.,Unknown,South Korea,EUR,25,,KR7043590009,043590.KQ,2024-10-29,208443.6245281257,delisted
REUN.US,Reunion Neuroscience Inc,Unknown,Canada,EUR,25,,CA31656Q1046,REUN.US,2023-08-04,428566.88311688305,delisted
106520.KQ,Digital Optics Co. Ltd,Unknown,South Korea,EUR,25,,KR7106520000,106520.KQ,2023-04-07,670003.9547599431,delisted
090740.KQ,YOUNYI B&T Inc,Unknown,South Korea,EUR,25,,KR7090740002,090740.KQ,2021-09-01,398973.32479260024,delisted
263920.KQ,Blossom M&C Co. Ltd,Unknown,South Korea,EUR,25,,KR7263920001,263920.KQ,2020-05-28,645860.3501013451,delisted
112240.KQ,SFC Co Ltd,Unknown,South Korea,EUR,25,,KR7112240007,112240.KQ,2019-03-28,1875349.046563434,delisted
CGP.V,Cornerstone Capital Resources Inc.,Unknown,Canada,EUR,25,,CA21922J6043,CGP.V,2023-02-28,64336.59217877096,delisted
060300.KQ,Redrover Co Ltd,Unknown,South Korea,EUR,25,,KR7060300001,060300.KQ,2019-07-10,1345500.3321232717,delisted
031860.KQ,NSN Co. Ltd,Unknown,South Korea,EUR,25,,KR7031860000,031860.KQ,2026-04-03,485505.1002524542,delisted
197210.KQ,Leed Corporation,Unknown,South Korea,EUR,25,,KR7197210008,197210.KQ,2019-10-29,1643231.4305548137,delisted
018700.KQ,Barunson Co. Ltd,Unknown,South Korea,EUR,25,,KR7018700005,018700.KQ,2026-04-10,247657.92656522972,delisted
078590.KQ,OncoQuest Pharmaceuticals Inc,Unknown,South Korea,EUR,25,,KR7078590007,078590.KQ,2024-10-29,1042212.0966895308,delisted
217480.KQ,SD Biotechnologies Co. Ltd,Unknown,South Korea,EUR,25,,KR7217480003,217480.KQ,2023-03-22,803084.4271351367,delisted
079190.KQ,EMW Co Ltd,Unknown,South Korea,EUR,25,,KR7079190005,079190.KQ,2024-10-29,191336.4562972283,delisted
023440.KQ,Jeil Steel Mfg Co. Ltd,Unknown,South Korea,EUR,25,,KR7023440001,023440.KQ,2026-03-23,442604.13633454824,delisted
151910.KQ,Nanos Co. Ltd,Unknown,South Korea,EUR,25,,KR7151910007,151910.KQ,2024-03-13,696681.711735142,delisted
119860.KQ,Danawa Co. Ltd,Unknown,South Korea,EUR,25,,KR7119860005,119860.KQ,2024-09-03,881150.9064145663,delisted
257370.KQ,Mstns Co.Ltd,Unknown,South Korea,EUR,25,,KR7257370007,257370.KQ,2024-10-28,1552087.8583212076,delisted
046970.KQ,Wooriro Co. Ltd,Unknown,South Korea,EUR,25,,KR7046970000,046970.KQ,2024-10-28,426779.06448786095,delisted
060240.KQ,LONGTU KOREA Inc,Unknown,South Korea,EUR,25,,KR7060240009,060240.KQ,2025-04-07,667282.862725566,delisted
NEWA.US,Newater Technology Inc,Unknown,—,EUR,25,,VGG643351056,NEWA.US,2021-07-13,84795.39078797548,delisted
221610.KQ,Hansol CNP Co Ltd,Unknown,South Korea,EUR,25,,KR7221610009,221610.KQ,2021-08-31,217997.0359686,delisted
313760.KQ,Willings Co. Ltd,Unknown,South Korea,EUR,25,,KR7313760001,313760.KQ,2026-03-31,411927.86914372153,delisted
068940.KQ,ICK Co. Ltd,Unknown,South Korea,EUR,25,,KR7068940006,068940.KQ,2023-03-21,526691.7455999438,delisted
6457.TWO,Hycon Technology,Unknown,Taiwan,EUR,25,,TW0006457005,6457.TWO,2024-12-31,170192.81089247434,delisted
180400.KQ,Cancer Rop Co. Ltd.,Unknown,South Korea,EUR,25,,KR7180400004,180400.KQ,2019-03-20,1867571.3367811977,delisted
OSMT.US,Osmotica Pharmaceuticals plc,Unknown,Ireland,EUR,25,,IE00BF2HDL56,OSMT.US,2022-03-22,657962.0823679577,delisted
ACEV.US,ACE Convergence Acquisition Corp,Unknown,Cayman,EUR,25,,KYG0083D1209,ACEV.US,2023-01-20,662599.8638172371,delisted
NISN.US,Nisun International Enterprise Development Group Co Ltd,Unknown,—,EUR,25,,VGG6593L1067,NISN.US,2026-02-12,179251.6348195329,delisted
016670.KQ,POBIS TNC CO. Ltd,Unknown,South Korea,EUR,25,,KR7016670002,016670.KQ,2024-10-29,554622.3087928903,delisted
SUSE.XETRA,SUSE S.A.,Unknown,Luxembourg,EUR,25,,LU2333210958,SUSE.XETRA,2023-11-13,1153087.46685,delisted
149980.KQ,Hironic Co. Ltd,Unknown,South Korea,EUR,25,,KR7149980005,149980.KQ,2025-04-07,551341.6273571528,delisted
043090.KQ,Cube&Company Co. Ltd,Unknown,South Korea,EUR,25,,KR7043090000,043090.KQ,2025-04-07,455730.1353445446,delisted
SHLF.OL,Shelf Drilling Ltd,Unknown,Cayman,EUR,25,,KYG236271055,SHLF.OL,2025-12-02,373157.3250002901,delisted
045890.KQ,GeumVit Corp,Unknown,South Korea,EUR,25,,KR7045890001,045890.KQ,2021-03-23,778380.3056358946,delisted
GLOP.US,Gaslog Partners LP,Unknown,—,EUR,25,,MHY2687W1084,GLOP.US,2023-07-14,1057899.6637536413,delisted
340930.KQ,Youil Energy Technology Co. Ltd.,Unknown,South Korea,EUR,25,,KR7340930007,340930.KQ,2026-03-31,893047.0593414938,delisted
114570.KQ,G-Smatt Global Co. Ltd,Unknown,South Korea,EUR,25,,KR7114570005,114570.KQ,2020-03-23,1873706.215007965,delisted
039230.KQ,AIBIT Co. Ltd,Unknown,South Korea,EUR,25,,KR7039230008,039230.KQ,2020-03-20,769546.5723081544,delisted
101400.KQ,N Citron Inc,Unknown,South Korea,EUR,25,,KR7101400000,101400.KQ,2026-04-10,149072.0018150973,delisted
CCHWF.US,Columbia Care Inc,Unknown,Canada,EUR,25,,CA1973091079,CCHWF.US,2023-11-27,344806.44527412066,delisted
141070.KQ,MAXROTEC Co. Ltd,Unknown,South Korea,EUR,25,,KR7141070003,141070.KQ,2021-03-23,441951.5363260143,delisted
RKLY.US,Rockley Photonics Holdings Ltd,Unknown,Cayman,EUR,25,,KYG7614L1095,RKLY.US,2023-01-24,952581.9907940162,delisted
AAMC.US,Altisource Asset Management Corp,Unknown,—,EUR,25,,VI02153X1080,AAMC.US,2024-11-01,65524.91300270805,delisted
215090.KQ,Eugene ACPC SPAC 2,Unknown,South Korea,EUR,25,,KR7215090002,215090.KQ,2022-02-09,662276.731602768,delisted
BCAN.US,BYND Cannasoft Enterprises Inc.,Unknown,Canada,EUR,25,,CA05608P1099,BCAN.US,2025-03-31,66506.09236690187,delisted
VSTA.US,Vasta Platform Ltd,Unknown,Cayman,EUR,25,,KYG9440A1094,VSTA.US,2026-01-28,92997.75026351026,delisted
223310.KQ,ESV Inc,Unknown,South Korea,EUR,25,,KR7223310004,223310.KQ,2024-10-29,737605.2418207087,delisted
NNA.US,Navios Maritime Acquisition Corporation,Unknown,—,EUR,25,,MHY621591434,NNA.US,2021-10-18,817410.4055232559,delisted
028040.KQ,Mirae SCI Co. Ltd.,Unknown,South Korea,EUR,25,,KR7028040004,028040.KQ,2020-01-29,758483.8349097163,delisted
1469.HK,Get Nice Financial Group Ltd,Unknown,Cayman,EUR,25,,KYG386201035,1469.HK,2025-09-30,595700.6314481902,delisted
102210.KQ,Haeduk Powerway Co.Ltd,Unknown,South Korea,EUR,25,,KR7102210002,102210.KQ,2018-11-23,87468.62243586677,delisted
053110.KQ,Soribada Inc,Unknown,South Korea,EUR,25,,KR7053110003,053110.KQ,2021-05-14,652544.5346948247,delisted
065570.KQ,SAMYUNG ENC Co. Ltd,Unknown,South Korea,EUR,25,,KR7065570004,065570.KQ,2025-02-11,191644.94177590875,delisted
053660.KQ,Hyunjin Materials co. Ltd,Unknown,South Korea,EUR,25,,KR7053660007,053660.KQ,2020-04-02,437898.47135783726,delisted
050540.KQ,HANKOOK Corporation Inc,Unknown,South Korea,EUR,25,,KR7050540004,050540.KQ,2020-03-23,182783.16926478373,delisted
196450.KQ,DIOSTECH Co.Ltd,Unknown,South Korea,EUR,25,,KR7196450001,196450.KQ,2024-10-29,347909.0203883281,delisted
208860.KQ,EnGIS Technologies Inc,Unknown,South Korea,EUR,25,,KR7208860007,208860.KQ,2021-04-07,256126.76068093695,delisted
069110.KQ,COSON Co. Ltd,Unknown,South Korea,EUR,25,,KR7069110005,069110.KQ,2021-03-23,626340.6668178724,delisted
BCNV.TA,Brack Capit N V,Unknown,Netherlands,EUR,25,,NL0009690619,BCNV.TA,2025-04-08,157185.74251767897,delisted
CS.ST,CoinShares International Ltd,Unknown,Jersey,EUR,25,,JE00BLD8Y945,CS.ST,2026-03-31,211433.2169632869,delisted
033110.KQ,Cornerstone Networks Co. Ltd,Unknown,South Korea,EUR,25,,KR7033110008,033110.KQ,2020-03-19,971123.3993455196,delisted
089530.KQ,AT semicon Co. Ltd,Unknown,South Korea,EUR,25,,KR7089530000,089530.KQ,2023-04-24,318901.12060834136,delisted
115960.KQ,Yonwoo Co. Ltd,Unknown,South Korea,EUR,25,,KR7115960007,115960.KQ,2024-02-07,755193.6399568811,delisted
FLGC.US,Flora Growth Corp,Unknown,Canada,EUR,25,,CA3397641026,FLGC.US,2026-01-28,233739.49514563105,delisted
043100.KQ,Solco Biomedical Co. Ltd.,Unknown,South Korea,EUR,25,,KR7043100007,043100.KQ,2024-10-29,313517.5910751862,delisted
071460.KQ,WINIADIMCHAE Co.Ltd,Unknown,South Korea,EUR,25,,KR7071460000,071460.KQ,2023-12-21,267520.40397984476,delisted
217620.KQ,Didim Inc,Unknown,South Korea,EUR,25,,KR7217620004,217620.KQ,2024-03-26,221068.00880346244,delisted
MHUA.US,Meihua International Medical Technologies Co Ltd,Unknown,Cayman,EUR,25,,KYG5966G1082,MHUA.US,2026-02-09,66870.82773177687,delisted
182690.KQ,TerraSem Co. Ltd,Unknown,South Korea,EUR,25,,KR7182690008,182690.KQ,2021-03-23,264795.1200341262,delisted
066110.KQ,Hanp Inc,Unknown,South Korea,EUR,25,,KR7066110008,066110.KQ,2020-04-06,399074.71055780206,delisted
227100.KQ,Design Co. Ltd,Unknown,South Korea,EUR,25,,KR7227100005,227100.KQ,2024-12-30,380066.9090177049,delisted
033430.KQ,DST Co. Ltd,Unknown,South Korea,EUR,25,,KR7033430000,033430.KQ,2020-03-27,500527.96252207976,delisted
SOIL.V,Saturn Oil & Gas Inc,Unknown,Canada,EUR,25,,CA80412L8832,SOIL.V,2023-06-14,177975.15693869375,delisted
OSSR.CO,Ossur HF,Unknown,—,EUR,25,,IS0000000040,OSSR.CO,2024-06-07,201592.54820567757,delisted
058220.KQ,Arion Technology Inc,Unknown,South Korea,EUR,25,,KR7058220005,058220.KQ,2020-03-19,691159.3006940916,delisted
108790.KQ,Interpark Corporation,Unknown,South Korea,EUR,25,,KR7108790007,108790.KQ,2020-06-26,379068.2104697807,delisted
080000.KQ,SNU Precision Co. Ltd,Unknown,South Korea,EUR,25,,KR7080000003,080000.KQ,2024-11-27,279902.69318234513,delisted
068790.KQ,DMS Co.Ltd,Unknown,South Korea,EUR,25,,KR7068790005,068790.KQ,2025-03-21,545985.9454000546,delisted
SLCR.US,Silver Crest Acquisition Corp,Unknown,Cayman,EUR,25,,KYG813551028,SLCR.US,2023-06-28,399977.4924910377,delisted
114120.KQ,Crucialtec Co. Ltd,Unknown,South Korea,EUR,25,,KR7114120009,114120.KQ,2022-03-16,569591.3773132868,delisted
134780.KQ,Hwajin Corp,Unknown,South Korea,EUR,25,,KR7134780006,134780.KQ,2018-09-03,1813588.370451576,delisted
083470.KQ,KJ Pretech Co. Ltd,Unknown,South Korea,EUR,25,,KR7083470005,083470.KQ,2019-01-16,669182.4413023414,delisted
158310.KQ,Seho Robot Co Ltd,Unknown,South Korea,EUR,25,,KR7158310003,158310.KQ,2020-03-18,488654.7969195536,delisted
103230.KQ,S&W Corporation,Unknown,South Korea,EUR,25,,KR7103230009,103230.KQ,2024-10-28,124808.91634353602,delisted
065940.KQ,Biovill Co. Ltd.,Unknown,South Korea,EUR,25,,KR7065940009,065940.KQ,2019-01-18,803161.8203155561,delisted
017680.KQ,Deco & E Co. Ltd,Unknown,South Korea,EUR,25,,KR7017680000,017680.KQ,2019-03-21,655473.5775052364,delisted
065560.KQ,Nokwon Commercials & Industries Inc.,Unknown,South Korea,EUR,25,,KR7065560005,065560.KQ,2019-07-29,588130.9981936701,delisted
053450.KQ,SEKONIX Co. Ltd,Unknown,South Korea,EUR,25,,KR7053450003,053450.KQ,2024-10-29,594222.3292489811,delisted
032980.KQ,BYON Co. Ltd,Unknown,South Korea,EUR,25,,KR7032980005,032980.KQ,2025-02-27,336493.0679247781,delisted
MXCP.LSE,MXC Capital Limited,Unknown,—,EUR,25,,GG00BSBMMK42,MXCP.LSE,2020-04-16,134967.94511303565,delisted
2183.HK,Lifestyle Properties Dvlp Ltd,Unknown,Cayman,EUR,25,,KYG7812E1052,2183.HK,2023-12-22,55229.27135678392,delisted
054340.KQ,People & Telecommunication Inc.,Unknown,South Korea,EUR,25,,KR7054340005,054340.KQ,2018-10-10,935367.3257369936,delisted
GEG.OL,Seabird Explor,Unknown,—,EUR,25,,CY0101162119,GEG.OL,2023-01-05,90990.21578125624,delisted
ARCHER.OL,Archer Limited,Unknown,Bermuda,EUR,25,,BMG0451H1170,ARCHER.OL,2020-11-27,373363.46680587775,delisted
BSGR.AS,B&S Group SA,Unknown,Luxembourg,EUR,25,,LU1789205884,BSGR.AS,2025-12-22,215041.1296,delisted
KKVL.LSE,KKV Secured Loan Fund Limited,Unknown,—,EUR,25,,GG00BN56JF17,KKVL.LSE,2021-12-01,297942.80736107985,delisted
021040.KQ,dhSteel,Unknown,South Korea,EUR,25,,KR7021040001,021040.KQ,2024-10-29,154473.3187963587,delisted
VTRU.US,Vitru Ltd,Unknown,Cayman,EUR,25,,KYG9440D1034,VTRU.US,2024-06-06,217635.50148481657,delisted
238200.KQ,BIFIDO Co. Ltd,Unknown,South Korea,EUR,25,,KR7238200000,238200.KQ,2024-06-27,275444.2882323105,delisted
MWTR.OL,Meltwater Bv,Unknown,Netherlands,EUR,25,,NL00150003D3,MWTR.OL,2023-08-07,780511.0498423906,delisted
069540.KQ,Lightron Inc.,Unknown,South Korea,EUR,25,,KR7069540003,069540.KQ,2024-10-28,430352.162114826,delisted
1262.TW,Green Seal Holding Limited,Unknown,Cayman,EUR,25,,KYG409711069,1262.TW,2019-10-09,1238878.1723830742,delisted
096640.KQ,Melfas Inc,Unknown,South Korea,EUR,25,,KR7096640008,096640.KQ,2022-05-25,258954.2371446262,delisted
094190.KQ,ELK Corporation.,Unknown,South Korea,EUR,25,,KR7094190006,094190.KQ,2019-03-21,538414.4966073721,delisted
064520.KQ,Barun Electronics Co,Unknown,South Korea,EUR,25,,KR7064520000,064520.KQ,2024-10-29,438020.6133131768,delisted
PRSR.US,Prospector Capital Corp,Unknown,Cayman,EUR,25,,KYG7273A1058,PRSR.US,2023-12-21,63302.31539393795,delisted
MYNZ.US,Mainz Biomed BV,Unknown,Netherlands,EUR,25,,NL0015000LC2,MYNZ.US,2026-03-12,194086.25894217528,delisted
014100.KQ,Medience Co.  LTD,Unknown,South Korea,EUR,25,,KR7014100002,014100.KQ,2024-10-28,309298.0437249397,delisted
LVTX.US,LAVA Therapeutics NV,Unknown,Netherlands,EUR,25,,NL0015000AG6,LVTX.US,2025-11-28,68453.51931330471,delisted
EFUEL.OL,Everfuel AS,Unknown,Denmark,EUR,25,,DK0061414711,EFUEL.OL,2025-01-02,98847.29468661164,delisted
187790.KQ,Eugene SPAC 1,Unknown,South Korea,EUR,25,,KR7187790001,187790.KQ,2024-04-09,336082.2617514129,delisted
900290.KQ,Great Rich Technologies Limited,Unknown,Hong Kong,EUR,25,,HK0000307485,900290.KQ,2020-10-27,351566.96461456816,delisted
ACPH.BR,Acacia Pharma Group PLC,Unknown,UK,EUR,25,,GB00BYWF9Y76,ACPH.BR,2022-06-08,195900.36,delisted
TAT.US,TransAtlantic Petroleum Ltd,Unknown,Bermuda,EUR,25,,BMG899821133,TAT.US,2020-12-23,50754.577765078255,delisted
111820.KQ,GY Commerce Co. Ltd.,Unknown,South Korea,EUR,25,,KR7111820007,111820.KQ,2018-08-31,694146.8315241728,delisted
046070.KQ,Kodaco Co. Ltd.,Unknown,South Korea,EUR,25,,KR7046070009,046070.KQ,2024-03-21,214556.59027938388,delisted
900040.KQ,China Great Star International Limited,Unknown,Cayman,EUR,25,,KYG210AT1036,900040.KQ,2019-04-18,351320.4964211498,delisted
106080.KQ,Hysonic Co Ltd,Unknown,South Korea,EUR,25,,KR7106080005,106080.KQ,2018-12-12,403950.5648085283,delisted
062860.KQ,TLi Inc,Unknown,South Korea,EUR,25,,KR7062860002,062860.KQ,2023-03-16,113565.3134752211,delisted
FRU.XETRA,Multitude SE,Unknown,Finland,EUR,25,,FI4000106299,FRU.XETRA,2024-08-29,70627.9234,delisted
TPRFF.US,GCM Mining Corp,Unknown,Canada,EUR,25,,CA38501D8089,TPRFF.US,2023-11-15,70915.61524487444,delisted
3636.HK,Poly Culture Group Corp Ltd,Unknown,—,EUR,25,,CNE100001S81,3636.HK,2023-11-14,52244.07340699995,delisted
AAU.US,Almaden Minerals Ltd,Unknown,Canada,EUR,25,,CA0202833053,AAU.US,2024-04-04,116578.28404763834,delisted
008800.KQ,Haengnam Household & Health Care Inc,Unknown,South Korea,EUR,25,,KR7008800005,008800.KQ,2019-07-03,528068.2859136204,delisted
NOVR.V,Nova Royalty Corp,Unknown,Canada,EUR,25,,CA6698091056,NOVR.V,2023-12-05,96810.94660398064,delisted
900120.KQ,CKH Food & Health Limited,Unknown,Cayman,EUR,25,,KYG2114A1094,900120.KQ,2026-05-11,136671.5099611714,delisted
CMTX.XETRA,Lyxor Core Euro Government Bond,Unknown,Luxembourg,EUR,25,,LU2329745918,CMTX.XETRA,2022-11-23,77727.70250000001,delisted
